Date,Close,Adj Close,Volume,DGS10,VIXCLS,Close_outlier,Adj Close_outlier,Volume_outlier,DGS10_outlier,VIXCLS_outlier,Dividend_Growth,Daily_Return,Rolling_Volatility_5D,Rolling_Volatility_20D,Rolling_Volatility_60D,Price_Momentum_20D,Volume_Change,VIX_JPM_Correlation_20D,Interest_Rate_Momentum_20D,Sentiment_Score,VIX_Change_20D,Treasury_Yield_Change_20D
2018-03-29,109.97,87.57,13274600.0,2.74,19.97,0,0,0,0,0,0.21568627450980382,0.018255813953488298,0.024377633863476102,0.017037345986253286,0.016015966355726257,-0.030554633012288335,-0.3082290651561026,-0.453791421461943,-0.06999999999999984,0.8528691868370954,-0.11125945705384954,-0.06999999999999984
2018-04-02,107.85,85.88,18822500.0,2.73,23.62,0,0,0,0,0,0.21568627450980382,-0.01929884663697612,0.022471745502591668,0.017499130097860503,0.01621886148156222,-0.04831560283687941,0.4179334970545252,-0.49529624481860535,-0.1299999999999999,0.8032363339679086,0.20571720265441562,-0.1299999999999999
2018-04-03,109.33,87.06,14050700.0,2.79,21.1,0,0,0,0,0,0.21568627450980382,0.013740102468560833,0.017734064568778733,0.0174201243876256,0.016209737774378258,-0.04977079240340543,-0.25351573914198433,-0.4536909428646785,-0.08999999999999986,0.8375033995104705,0.12653497063534447,-0.08999999999999986
2018-04-04,110.99,88.38,15302600.0,2.79,20.06,0,0,0,0,0,0.21568627450980382,0.015161957270847681,0.01572732469748156,0.017849352349856584,0.016299915553954287,-0.03620501635768825,0.08909876376265946,-0.426288184447713,-0.08999999999999986,0.8516453630677183,0.09259259259259256,-0.08999999999999986
2018-04-05,111.88,89.54,16627000.0,2.83,18.94,0,0,0,0,0,0.21568627450980382,0.013125141434713772,0.015497778171878078,0.018143646851167494,0.01638047306506651,-0.019921190893169793,0.086547384104662,-0.4303664245590282,-0.06000000000000005,0.8668751699755235,0.06644144144144137,-0.06000000000000005
2018-04-06,109.09,87.31,18906000.0,2.77,21.49,0,0,0,0,0,0.21568627450980382,-0.024905070359615866,0.019891613148456472,0.01891971361992929,0.016699688328550486,-0.044434715989931095,0.13706621759788296,-0.4582219351833361,-0.08999999999999986,0.8322001631765026,0.29927448609431684,-0.08999999999999986
2018-04-09,110.4,88.36,15974300.0,2.78,21.77,0,0,0,0,0,0.21568627450980382,0.012026113847211084,0.017218526449165394,0.017819058737524093,0.01671208401623062,-0.06000000000000005,-0.15506717444197604,-0.3210461864475623,-0.1200000000000001,0.8283927114495513,0.4870218579234973,-0.1200000000000001
2018-04-10,112.51,90.05,13951400.0,2.8,20.47,0,0,0,0,0,0.21568627450980382,0.01912630149388872,0.01798842738073661,0.018488097821710816,0.016877191723917946,-0.03885153164692068,-0.12663465691767406,-0.3242085151589343,-0.07000000000000028,0.846070165896111,0.29721166032953095,-0.07000000000000028
2018-04-11,110.62,88.53,14503300.0,2.79,20.24,0,0,0,0,0,0.21568627450980382,-0.01687951138256516,0.01991638527701722,0.0186622279059263,0.01688947718762743,-0.04364264880630864,0.03955875396017605,-0.38645185929862014,-0.04999999999999982,0.8491977155289638,0.23792048929663578,-0.04999999999999982
2018-04-12,113.37,90.74,16435500.0,2.83,18.49,0,0,0,0,0,0.21568627450980382,0.02496328928046987,0.022347890573476786,0.019467096940403578,0.01718864309194042,-0.008739348918505696,0.13322485227499947,-0.47257396731863255,0.020000000000000018,0.8729942888224096,0.07312826465467204,0.020000000000000018
2018-04-13,110.3,88.28,39152800.0,2.82,17.41,0,0,1,0,0,0.21568627450980382,-0.027110425391227655,0.023043951782569034,0.02035203725128619,0.0175313604622395,-0.03802985725182517,1.3822092421891639,-0.36151015848995277,0.0,0.887680174054936,0.04942736588306218,0.0
2018-04-16,110.21,88.21,16580500.0,2.83,16.56,0,0,0,0,0,0.21568627450980382,-0.0007929315813322013,0.02241320427602273,0.02033709208769723,0.017528176795138385,-0.040465571630588615,-0.5765181545125764,-0.35932609430578966,-0.020000000000000018,0.8992385096546097,0.04810126582278462,-0.020000000000000018
2018-04-17,110.21,88.21,15501400.0,2.82,15.25,0,0,0,0,0,0.21568627450980382,0.0,0.019780827072327273,0.020289705286411917,0.017526226270917877,-0.032785087719298334,-0.06508247640300358,-0.3391533007855171,-0.03000000000000025,0.9170519445199892,-0.1982124079915878,-0.03000000000000025
2018-04-18,109.32,87.49,16081400.0,2.87,15.6,0,0,0,0,0,0.21568627450980382,-0.00816233987076298,0.018713236081140037,0.020334518512761326,0.017485931113162503,-0.04162558878299938,0.0374159753312604,-0.2824388630325305,-0.020000000000000018,0.9122926298613,-0.1428571428571428,-0.020000000000000018
2018-04-19,111.72,89.41,17911000.0,2.92,15.96,0,0,0,0,0,0.21568627450980382,0.021945365184592447,0.017634837661617813,0.021021494272814068,0.017724355150455187,-0.02145124220203576,0.11377118907557793,-0.34379961924276214,0.029999999999999805,0.9073973347837911,-0.10638297872340419,0.029999999999999805
2018-04-20,111.47,89.21,15584400.0,2.96,16.88,0,0,0,0,0,0.21568627450980382,-0.0022368862543340473,0.011518777622265169,0.018699885124276252,0.01764515253895481,0.01896059394631644,-0.1298978281502987,-0.2377270532958652,0.1299999999999999,0.8948871362523797,-0.2767780634104542,0.1299999999999999
2018-04-23,110.93,88.78,11285800.0,2.98,16.34,0,0,0,0,0,0.21568627450980382,-0.0048200874341440825,0.011910203547223844,0.01759253520414161,0.017654249882267152,0.041896491022180626,-0.2758271091604425,-0.07292890835570814,0.16000000000000014,0.9022300788686429,-0.342983514274226,0.16000000000000014
2018-04-24,110.41,88.37,16453100.0,3.0,18.02,0,0,0,0,0,0.21568627450980382,-0.004618157242622156,0.012215752952749445,0.016290765575159582,0.01764507626373753,0.006033697632058299,0.45785854790976277,-0.1355225292503109,0.1499999999999999,0.879385368506935,-0.14312886352829302,0.1499999999999999
2018-04-25,109.99,88.03,13548200.0,3.03,17.84,0,0,0,0,0,0.21568627450980382,-0.003847459545094578,0.011594350675549942,0.01565647045322273,0.017649888552119342,0.021941026236359518,-0.1765563936279485,-0.04573412902354578,0.25,0.8818330160456894,-0.20711111111111113,0.25
2018-04-26,110.1,88.12,10299500.0,3.0,16.24,0,0,0,0,0,0.21568627450980382,0.0010223787345222668,0.0024166740793123503,0.01564249063167362,0.017613807338243814,0.02465116279069779,-0.23978831136239498,-0.030284166069795025,0.22999999999999998,0.9035898830568398,-0.28989943156974207,0.22999999999999998
2018-04-27,109.4,87.56,9384000.0,2.96,15.41,0,0,0,0,0,0.21568627450980382,-0.0063549704947798435,0.0028047407791224354,0.01520316274267203,0.017615176311415195,-0.00011419435879855833,-0.08888781008786839,-0.03571163158639697,0.21999999999999975,0.914876257818874,-0.22834251377065595,0.21999999999999975
2018-04-30,108.78,87.06,13744900.0,2.95,15.93,0,0,0,0,0,0.21568627450980382,-0.0057103700319780515,0.0029177314730423095,0.014581324953930214,0.017566919565654895,0.013740102468560833,0.46471653878942876,0.15828611560758168,0.2200000000000002,0.9078052760402502,-0.325571549534293,0.2200000000000002
2018-05-01,108.78,87.06,10503400.0,2.97,15.49,0,0,0,0,0,0.21568627450980382,0.0,0.0033353129388010443,0.014258865880046658,0.017345643145227,0.0,-0.23583292712205983,0.09330378197475599,0.18000000000000016,0.9137884144683166,-0.26587677725118486,0.18000000000000016
2018-05-02,107.92,86.37,12162100.0,2.97,15.97,0,0,0,0,0,0.21568627450980382,-0.007925568573397657,0.0040278046915682595,0.01390518485943775,0.01622880240892842,-0.02274270196877115,0.1579202924767218,0.050383809980789666,0.18000000000000016,0.9072613543649715,-0.2038883349950149,0.18000000000000016
2018-05-03,107.24,85.83,15379100.0,2.94,15.9,0,0,0,0,0,0.21568627450980382,-0.0062521708926711606,0.0030478846956720766,0.013535105187277222,0.015752360757549256,-0.04143399597945063,0.26451024083011987,0.02416840098947375,0.10999999999999988,0.9082132172967092,-0.16050686378035905,0.10999999999999988
2018-05-04,108.43,86.78,11967900.0,2.95,14.77,0,0,0,0,0,0.21568627450980382,0.011068391005476075,0.007769562352175492,0.012699220995611955,0.01579535463542757,-0.0060703241324018276,-0.22180751799520126,0.1847065310929463,0.18000000000000016,0.9235790046233342,-0.31270358306188917,0.18000000000000016
2018-05-07,109.37,87.53,9356700.0,2.95,14.75,0,0,0,0,0,0.21568627450980382,0.008642544365061067,0.008558385935027423,0.012549030604525876,0.014755677454686407,-0.00939339067451328,-0.21818364124031786,0.015476444132841431,0.17000000000000037,0.9238509654609737,-0.3224621038125861,0.17000000000000037
2018-05-08,110.99,88.83,12543200.0,2.97,14.71,0,0,0,0,0,0.21568627450980382,0.014852050725465471,0.01044723510497036,0.012231419601699477,0.014654031962462944,-0.01354802887284845,0.34055810274990117,-0.3022185291869845,0.17000000000000037,0.9243948871362524,-0.28138739618954556,0.17000000000000037
2018-05-09,113.41,90.77,11368100.0,3.0,13.42,0,0,0,0,0,0.21568627450980382,0.021839468647979254,0.010378199517832788,0.012580130183154946,0.014789115024782648,0.02530215746074771,-0.09368422731041526,-0.3017607700181491,0.20999999999999996,0.9419363611639924,-0.3369565217391304,0.20999999999999996
2018-05-10,114.29,91.47,9159700.0,2.97,13.23,0,0,0,0,0,0.21568627450980382,0.007711799052550372,0.005746585742414983,0.011411165533344866,0.014800502363438035,0.008044963632356295,-0.19426289353541926,-0.6231288411224926,0.14000000000000012,0.9445199891215665,-0.28447809626825304,0.14000000000000012
2018-05-11,113.86,91.13,10253000.0,2.97,12.65,0,0,0,0,0,0.21568627450980382,-0.003717065704602618,0.009471823377257755,0.009469946629124688,0.014506838154505902,0.03228364295423636,0.11935980436040472,-0.42986627464106864,0.15000000000000036,0.9524068534131085,-0.273406088454911,0.15000000000000036
2018-05-14,113.9,91.16,8710700.0,3.0,12.93,0,0,0,0,0,0.21568627450980382,0.00032920004389325186,0.010422201341580159,0.009458139023175514,0.014496782430038041,0.033442920303820456,-0.15042426606846782,-0.3798211066443491,0.16999999999999993,0.9485994016861572,-0.2192028985507246,0.16999999999999993
2018-05-15,113.03,90.46,11536200.0,3.08,14.63,0,0,0,0,0,0.21568627450980382,-0.007678806494076373,0.011629565772737832,0.009683452241726058,0.014501123140750355,0.025507312096134216,0.324371175680485,-0.34513124186458466,0.26000000000000023,0.9254827304868098,-0.04065573770491793,0.26000000000000023
2018-05-16,113.34,90.71,7571100.0,3.09,13.42,0,0,0,0,0,0.21568627450980382,0.0027636524430687537,0.005914573745717733,0.009426049671373301,0.01450565581416989,0.036804206194993805,-0.343709367035939,-0.3378372275237923,0.21999999999999975,0.9419363611639924,-0.1397435897435897,0.21999999999999975
2018-05-17,112.96,90.41,8617200.0,3.11,13.43,0,0,0,0,0,0.21568627450980382,-0.0033072428618674543,0.004015750554461776,0.008204877182793537,0.014500731715548033,0.011184431271669792,0.13817014700637942,-0.41370811158019366,0.18999999999999995,0.9418003807451727,-0.1585213032581454,0.18999999999999995
2018-05-18,111.13,88.94,11806300.0,3.06,13.42,0,0,0,0,0,0.21568627450980382,-0.016259263355823506,0.007505721982389281,0.00901781893986218,0.014648131087021253,-0.0030265665284160415,0.3700854105742004,-0.26526111121564827,0.10000000000000009,0.9419363611639924,-0.20497630331753547,0.10000000000000009
2018-05-21,112.15,89.76,9441900.0,3.06,13.08,0,0,0,0,0,0.21568627450980382,0.009219698673262888,0.009750906284784543,0.009177172131405844,0.014453857781661084,0.011038522189682487,-0.20026595969948247,-0.2882443834797971,0.08000000000000007,0.9465596954038619,-0.19951040391676866,0.08000000000000007
2018-05-22,113.01,90.45,11507600.0,3.06,13.22,0,0,0,0,0,0.21568627450980382,0.0076871657754009615,0.010332382018291779,0.00922208455689287,0.014392978652061428,0.023537399569989903,0.2187801184083713,-0.28406243873808285,0.06000000000000005,0.9446559695403862,-0.2663706992230854,0.06000000000000005
2018-05-23,112.49,90.03,11453900.0,3.01,12.58,0,0,0,0,0,0.21568627450980382,-0.004643449419568846,0.010371733893568191,0.00924671788782873,0.014326469613809501,0.022719527433829434,-0.004666481281935364,-0.1945897542603402,-0.020000000000000018,0.9533587163448464,-0.2948430493273543,-0.020000000000000018
2018-05-24,111.23,89.02,14084800.0,2.98,12.53,0,0,0,0,0,0.21568627450980382,-0.01121848272797965,0.011286937245106701,0.00965280716985395,0.014255000711159798,0.010213345438038868,0.2296946891451821,-0.10436390082096231,-0.020000000000000018,0.9540386184389448,-0.22844827586206895,-0.020000000000000018
2018-05-25,110.66,88.57,8283500.0,2.93,13.22,0,0,0,0,0,0.21568627450980382,-0.005055043810379689,0.008857886423631839,0.009608122638085278,0.014085258642710924,0.011534947464595602,-0.41188373281835733,-0.04182314739721728,-0.029999999999999805,0.9446559695403862,-0.14211550940947437,-0.029999999999999805
2018-05-29,105.93,84.78,30643800.0,2.77,17.02,0,0,1,0,0,0.21568627450980382,-0.04279101275827024,0.018943773482987997,0.013629495446981464,0.015119301697052867,-0.026188835286009682,2.69937828212712,-0.37848294490696716,-0.18000000000000016,0.892983410388904,0.06842435655994983,-0.18000000000000016
2018-05-30,108.35,86.72,17490800.0,2.84,14.94,0,0,0,0,0,0.21568627450980382,0.02288275536683182,0.023421788870652046,0.014660253755235617,0.015288119801484028,-0.0039053526303699515,-0.4292222243977575,-0.299998142950499,-0.13000000000000034,0.9212673375033995,-0.03550677856681739,-0.13000000000000034
2018-05-31,107.01,85.65,19808200.0,2.83,15.43,0,0,0,0,0,0.21568627450980382,-0.012338560885608807,0.02338532874061341,0.014816726808182159,0.01535859162976065,-0.008336227856894696,0.13249251034829745,-0.312717874691915,-0.14000000000000012,0.9146042969812347,-0.03381340012523493,-0.14000000000000012
2018-06-01,108.4,86.76,13594200.0,2.89,13.46,0,0,0,0,0,0.21568627450980382,0.012959719789842339,0.02540635342494821,0.015032626580740255,0.015459562379003132,0.010835372247465891,-0.31370846417140374,-0.30893214395871066,-0.04999999999999982,0.9413924394887137,-0.1534591194968553,-0.04999999999999982
2018-06-04,108.45,86.8,9415400.0,2.94,12.74,0,0,0,0,0,0.21568627450980382,0.0004610419548178868,0.02551575085406953,0.014831383418603359,0.015459957448210177,0.00023046784973490553,-0.3073958011504907,-0.3447042481382381,-0.010000000000000231,0.9511830296437312,-0.13744075829383884,-0.010000000000000231
2018-06-05,107.84,86.31,10415200.0,2.92,12.4,0,0,0,0,0,0.21568627450980382,-0.005645161290322553,0.014219461516870438,0.014742954889598868,0.014977080769925455,-0.013938078373129215,0.10618773498736123,-0.35123208983219767,-0.03000000000000025,0.9558063638836007,-0.15932203389830502,-0.03000000000000025
2018-06-06,110.36,88.33,15453600.0,2.97,11.64,0,0,0,0,0,0.21568627450980382,0.023404008805468557,0.01439640089428297,0.015327073672942428,0.015310040086877023,-0.005628729032984392,0.48375451263537905,-0.5023282960605655,0.0,0.9661408757138972,-0.2087015635622026,0.0
2018-06-07,110.8,88.68,13444400.0,2.93,12.13,0,0,0,0,0,0.21568627450980382,0.00396241367598793,0.011363216289977277,0.014473484180104787,0.015252434291770565,-0.02302522859975753,-0.13001501268312887,-0.53270173972108,-0.06999999999999984,0.9594778351917324,-0.0961251862891207,-0.06999999999999984
2018-06-08,111.11,88.93,10383200.0,2.93,12.18,0,0,0,0,0,0.21568627450980382,0.002819124943617579,0.010936886441397639,0.014358243264704942,0.015195457123841925,-0.0277686673226194,-0.22769331468864362,-0.5345801334579474,-0.040000000000000036,0.958797933097634,-0.07936507936507942,-0.040000000000000036
2018-06-11,110.83,88.7,12642900.0,2.96,12.35,0,0,0,0,0,0.21568627450980382,-0.0025863038344765554,0.0113308901166498,0.014350483167208106,0.015193332995647534,-0.026665203555360395,0.21763040295862557,-0.5316804874103855,-0.010000000000000231,0.9564862659776993,-0.02371541501976293,-0.010000000000000231
2018-06-12,110.19,88.19,15294100.0,2.96,12.34,0,0,0,0,0,0.21568627450980382,-0.005749718151071059,0.011354114779544846,0.014379583303462798,0.015205765098497729,-0.03258007898200965,0.20969872418511581,-0.5100395372590613,-0.040000000000000036,0.9566222463965189,-0.04563031709203402,-0.040000000000000036
2018-06-13,109.97,88.01,14979700.0,2.98,12.94,0,0,0,0,0,0.21568627450980382,-0.0020410477378386416,0.004030406958759033,0.014308314687344382,0.015176391109223685,-0.02708379394207372,-0.020556946796477127,-0.5017107749666299,-0.10000000000000009,0.9484634212673375,-0.11551606288448402,-0.10000000000000009
2018-06-14,108.03,86.46,20487300.0,2.94,12.12,0,0,0,0,0,0.21568627450980382,-0.017611635041472673,0.00767022989902043,0.014725016896610514,0.015335042066182641,-0.046852607209789454,0.3676709146378099,-0.4350341418239217,-0.1499999999999999,0.959613815610552,-0.09687034277198214,-0.1499999999999999
2018-06-15,107.9,86.36,26028600.0,2.93,11.98,0,0,1,0,0,0.21568627450980382,-0.0011566042100392693,0.006810501400289358,0.014725069630570572,0.01533354520279635,-0.044795929653799305,0.270474879559532,-0.42943310156651293,-0.17999999999999972,0.9615175414740278,-0.10796723752792248,-0.17999999999999972
2018-06-18,108.18,86.58,9786800.0,2.92,12.31,0,0,0,0,0,0.21568627450980382,0.002547475683186695,0.007744538072068866,0.014375332066649048,0.014362590649434136,-0.026534742523049215,-0.6239982173455353,-0.43132131726649653,-0.14000000000000012,0.957030187652978,-0.08271236959761541,-0.14000000000000012
2018-06-19,107.55,86.08,12707200.0,2.89,13.35,0,0,0,0,0,0.21568627450980382,-0.0057750057750057815,0.007745319667061862,0.014190678590368965,0.013952671625652212,-0.04099821746880583,0.29840192912903096,-0.4412329853234281,-0.16999999999999993,0.9428882240957303,0.020642201834862428,-0.16999999999999993
2018-06-20,107.54,86.07,8876900.0,2.93,12.79,0,0,0,0,0,0.21568627450980382,-0.00011617100371752453,0.007961998190000813,0.014016685534092996,0.013361818321239876,-0.048424543946932075,-0.30142753714429615,-0.45319000776083324,-0.1299999999999999,0.9505031275496328,-0.03252647503782158,-0.1299999999999999
2018-06-21,107.51,86.05,11048700.0,2.9,14.64,0,0,0,0,0,0.21568627450980382,-0.0002323690019750968,0.0030317448437892913,0.014013975465047625,0.013124413719283768,-0.04420748639342442,0.24465748177854874,-0.433484835073349,-0.10999999999999988,0.9253467500679902,0.16375198728139906,-0.10999999999999988
2018-06-22,105.75,84.64,19478900.0,2.9,13.77,0,0,0,0,0,0.21568627450980382,-0.016385822196397393,0.007561540110555947,0.014235574156939311,0.013293926855377473,-0.0492024264210289,0.7630037923013566,-0.4652380292153919,-0.08000000000000007,0.9371770465053032,0.09896249002394253,-0.08000000000000007
2018-06-25,104.79,83.87,16907600.0,2.87,17.33,0,0,0,0,0,0.21568627450980382,-0.009097353497164451,0.006798496598339981,0.014303453891907071,0.013118906128039658,-0.05306537202212924,-0.1320043739636222,-0.4430510263843353,-0.06000000000000005,0.8887680174054936,0.3108925869894097,-0.06000000000000005
2018-06-26,104.86,83.92,17086800.0,2.88,15.92,0,0,0,0,0,0.21568627450980382,0.0005961607249314049,0.007488545609746901,0.01073628774332839,0.01288856359607179,-0.010143901863647109,0.010598783978802429,-0.13670142914295472,0.10999999999999988,0.9079412564590699,-0.06462984723854293,0.10999999999999988
2018-06-27,103.24,82.63,16276800.0,2.83,17.91,0,0,0,0,0,0.21568627450980382,-0.015371782650143051,0.008063051526077825,0.009719126657499496,0.012898914996000849,-0.04716328413284132,-0.04740501439707845,-0.42473542330429626,-0.009999999999999787,0.8808811531139515,0.1987951807228916,-0.009999999999999787
2018-06-28,104.93,83.98,14491300.0,2.84,16.85,0,0,0,0,0,0.21568627450980382,0.01633789180684997,0.013605043925666522,0.010270400703958946,0.012924428539034754,-0.019497956800934024,-0.1096960090435466,-0.16665193433659706,0.009999999999999787,0.8952950775088387,0.09202851587815952,0.009999999999999787
2018-06-29,104.2,83.4,18972400.0,2.85,16.09,0,0,0,0,0,0.21568627450980382,-0.006906406287211175,0.012168841157642675,0.009806121240769673,0.012817737609342128,-0.0387275242047026,0.30922691545962055,-0.19732717296440438,-0.040000000000000036,0.9056295893391352,0.1953937592867756,-0.040000000000000036
2018-07-02,105.08,84.1,11130000.0,2.87,15.6,0,0,0,0,0,0.21568627450980382,0.008393285371702586,0.012448494320568075,0.010064804609530234,0.012486248470269306,-0.031105990783410142,-0.41335835213257155,-0.13586718593201746,-0.06999999999999984,0.9122926298613,0.22448979591836737,-0.06999999999999984
2018-07-03,103.61,82.92,8311700.0,2.83,16.14,0,0,0,0,0,0.21568627450980382,-0.014030915576694336,0.014066102954563856,0.010413845145748616,0.0124946647783715,-0.039277024678484485,-0.2532165318957772,-0.21017971202891034,-0.08999999999999986,0.9049496872450367,0.30161290322580636,-0.08999999999999986
2018-07-05,103.72,83.46,10723400.0,2.84,14.97,0,0,0,0,0,0.21568627450980382,0.0065123010130245795,0.0122791050221676,0.008810974683692723,0.012254410019171689,-0.055134156005887114,0.2901572482163697,-0.044588206683127976,-0.13000000000000034,0.9208593962469405,0.2860824742268042,-0.13000000000000034
2018-07-06,104.06,83.74,12173700.0,2.82,13.37,0,0,0,0,0,0.21568627450980382,0.0033549005511621655,0.009581813661844645,0.008787469736390644,0.012092724800590907,-0.055705908885882005,0.1352462838278905,-0.01849732550377131,-0.11000000000000032,0.9426162632580909,0.10222588623248141,-0.11000000000000032
2018-07-09,107.28,86.33,13900800.0,2.86,12.69,0,0,0,0,0,0.21568627450980382,0.030929066157153073,0.016049613923673916,0.011551134017189924,0.01233078643588707,-0.02923647812886554,0.1418714113211268,-0.11257811725376464,-0.07000000000000028,0.9518629317378298,0.041871921182266014,-0.07000000000000028
2018-07-10,106.62,85.8,14575900.0,2.87,12.64,0,0,0,0,0,0.21568627450980382,-0.006139233175026071,0.017027492289631692,0.011597251285554456,0.011859276803404472,-0.03269447576099216,0.048565550184161976,-0.09988777717924605,-0.08999999999999986,0.9525428338319282,0.02348178137651824,-0.08999999999999986
2018-07-11,106.39,85.61,10186500.0,2.85,13.63,0,0,0,0,0,0.21568627450980382,-0.002214452214452156,0.014511739286363045,0.011557501183958149,0.011861483522703341,-0.029255017575688824,-0.30114092440260976,-0.12210131535365687,-0.10999999999999988,0.9390807723687788,0.1045380875202595,-0.10999999999999988
2018-07-12,106.85,85.98,12456800.0,2.85,12.58,0,0,0,0,0,0.21568627450980382,0.004321925008760719,0.014543867366462538,0.011626886673104842,0.01187724700590203,-0.023065560731735046,0.22287341088695833,-0.1466396970128193,-0.1299999999999999,0.9533587163448464,-0.02782071097372485,-0.1299999999999999
2018-07-13,106.36,85.59,21289100.0,2.83,12.18,0,0,0,0,0,0.21568627450980382,-0.004535938590369826,0.015317055380620085,0.011000446826211973,0.011846041600957253,-0.010062456627342065,0.7090344229657697,-0.22963468606017035,-0.10999999999999988,0.958797933097634,0.004950495049504955,-0.10999999999999988
2018-07-16,110.58,88.98,24662600.0,2.85,12.83,0,0,1,0,0,0.21568627450980382,0.03960743077462325,0.019091250219301224,0.014179439798685911,0.012603353890605188,0.0303381194997685,0.1584613722515278,-0.3119395909942021,-0.08000000000000007,0.9499592058743541,0.07095158597662765,-0.08000000000000007
2018-07-17,110.5,88.92,14821900.0,2.86,12.06,0,0,0,0,0,0.21568627450980382,-0.0006743088334457692,0.01834967884052642,0.014186285950061758,0.012600272462426142,0.027027027027026973,-0.39901308053489903,-0.29470257708183906,-0.06000000000000005,0.9604296981234702,-0.020308692120227456,-0.06000000000000005
2018-07-18,111.53,89.75,14244900.0,2.88,12.1,0,0,0,0,0,0.21568627450980382,0.009334233018443605,0.017562461545656445,0.014184784838635285,0.01264048627303383,0.0426347583643123,-0.03892888226205815,-0.33335083082787365,-0.010000000000000231,0.9598857764481915,-0.09363295880149813,-0.010000000000000231
2018-07-19,109.89,88.43,16775300.0,2.84,12.87,0,0,0,0,0,0.21568627450980382,-0.014707520891364845,0.02076499325147569,0.014676054927708636,0.01277288974676954,0.027419542233066307,0.17763550463674727,-0.28349046736933026,-0.0900000000000003,0.9494152841990754,0.006254886630179923,-0.0900000000000003
2018-07-20,111.28,89.55,13578100.0,2.89,12.86,0,0,0,0,0,0.21568627450980382,0.01266538505032222,0.02003559422467163,0.01487998405201727,0.012864155020182007,0.04067402672864606,-0.19058973610009955,-0.3026403780749416,-0.009999999999999787,0.9495512646178951,-0.12158469945355199,-0.009999999999999787
2018-07-23,113.35,91.21,18140000.0,2.96,12.62,0,0,0,0,0,0.21568627450980382,0.018537130094919085,0.013051599092745269,0.014643799712905334,0.013076261380743115,0.07762287334593565,0.33597484184090565,-0.36250428885608305,0.06000000000000005,0.9528147946695676,-0.08351488743645608,0.06000000000000005
2018-07-24,114.15,91.86,14000400.0,2.95,12.41,0,0,0,0,0,0.21568627450980382,0.007126411577677905,0.012659454599365445,0.014335197776018892,0.013069529750709774,0.09526648384404424,-0.22820286659316424,-0.3148974616079012,0.08000000000000007,0.9556703834647811,-0.2839007501442584,0.08000000000000007
2018-07-25,115.18,92.68,13329100.0,2.94,12.29,0,0,0,0,0,0.21568627450980382,0.008926627476594895,0.0126386695011134,0.014332027395268081,0.013080970009549477,0.1043851286939943,-0.04794863003914174,-0.3145613926407963,0.06000000000000005,0.9573021484906173,-0.22801507537688448,0.06000000000000005
2018-07-26,114.85,92.42,11897800.0,2.98,12.14,0,0,0,0,0,0.21568627450980382,-0.0028053517479499357,0.007861512092815846,0.013647650902798646,0.013090077577767102,0.11847997095485918,-0.10738159365598576,-0.13351273808166553,0.1499999999999999,0.9593418547729127,-0.3221663874930206,0.1499999999999999
2018-07-27,116.03,93.37,12802700.0,2.96,13.03,0,0,0,0,0,0.21568627450980382,0.010279160354901506,0.007644460467128377,0.013465154544516252,0.013088773960768995,0.11181233627054055,0.07605607759417699,-0.27272437777103076,0.1200000000000001,0.9472395974979603,-0.22670623145400604,0.1200000000000001
2018-07-30,116.73,93.93,13411600.0,2.98,14.26,0,0,0,0,0,0.21568627450980382,0.005997643782799544,0.005138924207739678,0.013149975121609002,0.013063159915308724,0.12625899280575537,0.0475602802533841,-0.19079825553718235,0.1299999999999999,0.9305140059831384,-0.11373523927905527,0.1299999999999999
2018-07-31,114.95,92.5,15843800.0,2.96,12.83,0,0,0,0,0,0.21568627450980382,-0.015224103055466953,0.010614467370876766,0.013963173062232034,0.01318021652846261,0.09988109393579081,0.18135047272510363,-0.21207223916477602,0.08999999999999986,0.9499592058743541,-0.1775641025641025,0.08999999999999986
2018-08-01,115.66,93.07,13531600.0,3.0,13.15,0,0,0,0,0,0.21568627450980382,0.006162162162162144,0.010190187253010387,0.013236219855760888,0.013160191752734208,0.12240713941148074,-0.145937212032467,0.01979132221683117,0.16999999999999993,0.945607832472124,-0.18525402726146223,0.16999999999999993
2018-08-02,116.15,93.47,11058100.0,2.98,12.19,0,0,0,0,0,0.21568627450980382,0.0042978403352316175,0.010041680483216726,0.013239849318069522,0.013043393450926304,0.11993769470405002,-0.18279434804457717,0.021904223845245558,0.14000000000000012,0.9586619526788143,-0.1857047428189713,0.14000000000000012
2018-08-03,117.09,94.22,11016100.0,2.95,11.64,0,0,0,0,0,0.21568627450980382,0.008023964908526748,0.009636291303382468,0.013236336355053533,0.012787496201609303,0.1251492715548126,-0.003798120834501373,0.01710773141629411,0.13000000000000034,0.9661408757138972,-0.1293941660433806,0.13000000000000034
2018-08-06,117.12,94.25,9857400.0,2.94,11.27,0,0,0,0,0,0.21568627450980382,0.0003184037359371672,0.009356035233956155,0.011904226513526076,0.012754385167053161,0.09174099386076695,-0.10518241482920454,0.04776828427234585,0.08000000000000007,0.9711721512102257,-0.11189913317572897,0.08000000000000007
2018-08-07,117.55,94.59,10562100.0,2.98,10.93,0,0,0,0,0,0.21568627450980382,0.0036074270557029386,0.0028940795930396364,0.011643927476020392,0.012747619699126102,0.10244755244755255,0.07148943940592845,0.05994038960551726,0.10999999999999988,0.9757954854500952,-0.13528481012658233,0.10999999999999988
2018-08-08,117.79,94.79,8997100.0,2.96,10.85,0,0,0,0,0,0.21568627450980382,0.002114388413151591,0.0028726383906406004,0.011543499404533378,0.012748820217285102,0.10723046373087275,-0.14817129169388665,0.1345975390989316,0.10999999999999988,0.9768833288006528,-0.20396184886280266,0.10999999999999988
2018-08-09,116.88,94.05,9694200.0,2.93,11.27,0,0,0,0,0,0.21568627450980382,-0.007806730667792028,0.005811270539027448,0.011903302126967913,0.01275026107456505,0.09385903698534537,0.07748052150137275,0.19697142664874298,0.08000000000000007,0.9711721512102257,-0.10413354531001595,0.08000000000000007
2018-08-10,115.73,93.13,12630600.0,2.87,13.16,0,0,0,0,0,0.21568627450980382,-0.009782030834662447,0.006073404201773836,0.012169176594944507,0.01281900882014108,0.08809440355181675,0.30290276660271087,0.12057971000974478,0.040000000000000036,0.9454718520533043,0.08045977011494254,0.040000000000000036
2018-08-13,113.89,91.65,10336300.0,2.88,14.78,0,0,0,0,0,0.21568627450980382,-0.015891764200579694,0.00825463975481994,0.009789260403363411,0.012984568270123117,0.030006743088334398,-0.18164616091080388,-0.19997647566026552,0.029999999999999805,0.9234430242045145,0.151987529228371,0.029999999999999805
2018-08-14,114.65,92.26,10597600.0,2.89,13.31,0,0,0,0,0,0.21568627450980382,0.006655755591925772,0.009162838922871216,0.009839674587270959,0.01282497771867048,0.03756185335132711,0.02527983901396058,-0.1794491446615342,0.03000000000000025,0.943432145771009,0.10364842454394685,0.03000000000000025
2018-08-15,113.7,91.49,10152100.0,2.86,14.64,0,0,0,0,0,0.21568627450980382,-0.008345978755690542,0.008302702407893454,0.00992960807673601,0.012827497845111235,0.01938718662952632,-0.04203781988374722,-0.2407730262945056,-0.020000000000000018,0.9253467500679902,0.20991735537190093,-0.020000000000000018
2018-08-16,114.77,92.35,10118600.0,2.87,13.45,0,0,0,0,0,0.21568627450980382,0.009399934419062284,0.011022792822364715,0.009368931473443146,0.01284588422918399,0.04432884767612788,-0.0032998098915495433,-0.2022710414245083,0.03000000000000025,0.9415284199075333,0.04506604506604517,0.03000000000000025
2018-08-17,114.77,92.35,8505100.0,2.87,12.64,0,0,0,0,0,0.21568627450980382,0.0,0.010505619713985313,0.00904776902419978,0.012828791599354749,0.03126744835287543,-0.15945881841361453,-0.22121783979196546,-0.020000000000000018,0.9525428338319282,-0.01710730948678063,-0.020000000000000018
2018-08-20,114.62,92.23,8618700.0,2.82,12.49,0,0,0,0,0,0.21568627450980382,-0.001299404439631724,0.00699612850396742,0.008131920844954246,0.012738751797376753,0.011182984321894684,0.01335669186723254,-0.24202800858650367,-0.14000000000000012,0.9545825401142235,-0.010301109350237647,-0.14000000000000012
2018-08-21,115.32,92.8,10976700.0,2.85,12.86,0,0,0,0,0,0.21568627450980382,0.006180201669738539,0.0069074817167357255,0.008094543938291046,0.012735741487944938,0.010232963204876988,0.27359114483622826,-0.22745883687542814,-0.10000000000000009,0.9495512646178951,0.036261079774375427,-0.10000000000000009
2018-08-22,114.97,92.52,8314700.0,2.82,12.25,0,0,0,0,0,0.21568627450980382,-0.0030172413793103647,0.00529085566303382,0.00788104509889623,0.011389259003178916,-0.0017263703064308578,-0.24251368808476137,-0.20690021765533745,-0.1200000000000001,0.9578460701658961,-0.0032546786004881145,-0.1200000000000001
2018-08-23,114.73,92.32,9265400.0,2.82,12.41,0,0,0,0,0,0.21568627450980382,-0.002161694768698652,0.00366204304410606,0.007870537592402433,0.011046860577997772,-0.00108201687946341,0.1143396634875582,-0.2134388411910693,-0.16000000000000014,0.9556703834647811,0.02224052718286651,-0.16000000000000014
2018-08-24,114.68,92.28,8845700.0,2.82,11.99,0,0,0,0,0,0.21568627450980382,-0.00043327556325811756,0.0036654040935305593,0.007487616202852819,0.010907372561747902,-0.011673985220092109,-0.04529755865909724,-0.2476586980355067,-0.14000000000000012,0.961381561055208,-0.07981580966999224,-0.14000000000000012
2018-08-27,116.71,93.92,13768000.0,2.85,12.16,0,0,0,0,0,0.21568627450980382,0.017771998266146616,0.008670815690615428,0.008433506260989515,0.011011745162217071,-0.00010646225912924745,0.5564624619871803,-0.3371804661677811,-0.1299999999999999,0.9590698939352733,-0.14726507713884995,-0.1299999999999999
2018-08-28,116.14,93.46,8302600.0,2.88,12.5,0,0,0,0,0,0.21568627450980382,-0.004897785349233463,0.00926349406170105,0.007737983644072203,0.011041031927980973,0.010378378378378406,-0.39696397443346887,-0.33624438229703024,-0.08000000000000007,0.9544465596954038,-0.025720966484801266,-0.08000000000000007
2018-08-29,115.76,93.15,7221700.0,2.89,12.25,0,0,0,0,0,0.21568627450980382,-0.003316927027605221,0.009300539137709325,0.0076657718728884066,0.011020308495820615,0.0008595680670464567,-0.1301881338375931,-0.3629141183605231,-0.10999999999999988,0.9578460701658961,-0.0684410646387833,-0.10999999999999988
2018-08-30,115.19,92.69,8991800.0,2.86,13.53,0,0,0,0,0,0.21568627450980382,-0.004938271604938316,0.0096424115375138,0.007675921849992839,0.010659675293785425,-0.00834492350486793,0.24510849246022404,-0.3774143214090535,-0.1200000000000001,0.9404405765569758,0.10992616899097629,-0.1200000000000001
2018-08-31,114.58,92.2,13065700.0,2.86,12.86,0,0,0,0,0,0.21568627450980382,-0.005286438666522786,0.010038402484501847,0.007482514291256346,0.010680885557968452,-0.021439184886435925,0.45306835116439426,-0.35059878317720833,-0.0900000000000003,0.9495512646178951,0.10481099656357373,-0.0900000000000003
2018-09-04,115.15,92.66,10174200.0,2.9,13.16,0,0,0,0,0,0.21568627450980382,0.00498915401301514,0.004359844577103415,0.007599656829848755,0.010691835293162828,-0.016870026525198978,-0.22130463733286387,-0.3255685887426665,-0.040000000000000036,0.9454718520533043,0.16770186335403725,-0.040000000000000036
2018-09-05,114.59,92.21,11462400.0,2.9,13.91,0,0,0,0,0,0.21568627450980382,-0.004856464493848467,0.004354649646018793,0.0075755850481373475,0.010707813621939736,-0.025161222116502957,0.1266143775431976,-0.3153086519738104,-0.08000000000000007,0.9352733206418276,0.27264409881061313,-0.08000000000000007
2018-09-06,114.1,91.82,9877600.0,2.88,14.65,0,0,0,0,0,0.21568627450980382,-0.0042294761956404026,0.004406735733175719,0.00756026782746922,0.010694075967839303,-0.0313324190315436,-0.13826074818537126,-0.3100697390801346,-0.08000000000000007,0.9252107696491705,0.3502304147465438,-0.08000000000000007
2018-09-07,114.32,91.99,10955600.0,2.94,14.88,0,0,0,0,0,0.21568627450980382,0.0018514484861686942,0.004647422317336763,0.007448107591786956,0.010688796558247822,-0.021903242955874536,0.10913582246699605,-0.36383734422306463,0.009999999999999787,0.9220832200163176,0.3203194321206744,0.009999999999999787
2018-09-10,113.71,91.5,8276900.0,2.94,14.16,0,0,0,0,0,0.21568627450980382,-0.005326665941950193,0.004655629825098198,0.007237809442305413,0.010445152725679165,-0.017502415977665553,-0.24450509328562564,-0.39982528192422956,0.06999999999999984,0.9318738101713353,0.07598784194528885,0.06999999999999984
2018-09-11,114.43,92.08,9333800.0,2.98,13.22,0,0,0,0,0,0.21568627450980382,0.006338797814207542,0.005140811023930318,0.006474183429843412,0.01046375350559755,0.004691762138570477,0.12769273520279323,-0.257484429176005,0.10000000000000009,0.9446559695403862,-0.10554803788903921,0.10000000000000009
2018-09-12,113.08,91.0,10800800.0,2.97,13.14,0,0,0,0,0,0.21568627450980382,-0.011728931364031303,0.006948794665785939,0.0068136473478052646,0.0105923382924015,-0.013657056145675361,0.15717071289292672,-0.2514775885519318,0.08000000000000007,0.9457438128909437,-0.01277235161532686,0.08000000000000007
2018-09-13,113.52,91.35,12470800.0,2.97,12.37,0,0,0,0,0,0.21568627450980382,0.0038461538461538325,0.007404455611468396,0.006633325921700332,0.010562591258142656,-0.0015302218821728886,0.15461817643137543,-0.18803172996994494,0.11000000000000032,0.9562143051400598,-0.1550546448087432,0.11000000000000032
2018-09-14,113.5,91.33,10337900.0,2.99,12.07,0,0,0,0,0,0.21568627450980382,-0.00021893814997253624,0.0072613695741840486,0.0062492520706705895,0.010562791115415792,-0.011044937736870541,-0.17103152965327006,-0.23731507662244222,0.1200000000000001,0.9602937177046506,-0.10260223048327133,0.1200000000000001
2018-09-17,113.84,91.61,9561300.0,2.99,13.68,0,0,0,0,0,0.21568627450980382,0.003065805321362136,0.007100152834818793,0.006300500580283385,0.010564620357122792,-0.00801299404439626,-0.07512163979144704,-0.20795623534009908,0.1200000000000001,0.9384008702746804,0.08227848101265822,0.1200000000000001
2018-09-18,114.3,91.98,7944200.0,3.05,12.79,0,0,0,0,0,0.21568627450980382,0.004038860386420762,0.006669359002724178,0.006372317966943096,0.010317872583254816,-0.002710614767429287,-0.1691297208538588,-0.22291360889018866,0.22999999999999998,0.9505031275496328,0.024019215372297786,0.22999999999999998
2018-09-19,117.62,94.65,16052800.0,3.08,11.75,0,0,0,0,0,0.21568627450980382,0.029028049575994697,0.0119059819911198,0.009047176625181596,0.010819764414781321,0.0199353448275863,1.0206943430427229,-0.3751209346504741,0.22999999999999998,0.9646450911068806,-0.08631415241057538,0.22999999999999998
2018-09-20,118.63,95.46,15590000.0,3.07,11.8,0,0,0,0,0,0.21568627450980382,0.008557844690966654,0.011684164794702004,0.00914462907834536,0.01085010721959209,0.031776913099870185,-0.02882986145719124,-0.43342361978748334,0.25,0.9639651890127822,-0.03673469387755102,0.25
2018-09-21,117.85,94.83,24788200.0,3.07,11.68,0,0,1,0,0,0.21568627450980382,-0.006599622878692646,0.013180924169045349,0.009293463087028667,0.010666774193286158,0.027188041594454093,0.5900064143681847,-0.36187859107336845,0.25,0.9655969540386184,-0.05882352941176472,0.25
2018-09-24,116.72,93.92,12492500.0,3.08,12.2,0,0,0,0,0,0.21568627450980382,-0.00959611937150684,0.015317394980340493,0.00960822206601513,0.010615812092459034,0.017771998266146616,-0.4960303692886131,-0.317036937640471,0.26000000000000023,0.9585259722599946,0.017514595496246788,0.26000000000000023
2018-09-25,116.39,93.66,9308300.0,3.1,12.42,0,0,0,0,0,0.21568627450980382,-0.0027683134582624502,0.015730653850187844,0.008774212285812431,0.010570837277664577,-0.0027683134582624502,-0.25488893336001606,-0.25389438583838625,0.25,0.9555344030459614,0.021381578947368363,0.25
2018-09-26,115.02,92.56,14023600.0,3.06,12.89,0,0,0,0,0,0.21568627450980382,-0.01174460815716416,0.00800538657771613,0.009098729447998801,0.010683181610123698,-0.009629788144660756,0.5065694057991255,-0.2544353580962377,0.18000000000000016,0.9491433233614359,0.031200000000000117,0.18000000000000016
2018-09-27,114.52,92.15,13283000.0,3.06,12.41,0,0,0,0,0,0.21568627450980382,-0.004429559204840117,0.003671578677521127,0.009120590116148287,0.010514833318347933,-0.010735373054213682,-0.05281097578367899,-0.2543254503060814,0.16999999999999993,0.9556703834647811,0.013061224489795853,0.16999999999999993
2018-09-28,112.84,90.8,15815100.0,3.05,12.12,0,0,0,0,0,0.21568627450980382,-0.014650027129679999,0.004971862599368455,0.009614463160323553,0.01070773833525274,-0.020390549142302317,0.19062711736806448,-0.15837743777555852,0.18999999999999995,0.959613815610552,-0.10421286031042132,0.18999999999999995
2018-10-01,113.5,91.33,10146300.0,3.09,12.0,0,0,0,0,0,0.21568627450980382,0.00583700440528645,0.008059787448218956,0.009674143908034748,0.010719964302049021,-0.00943600867678962,-0.3584422482311209,-0.18719574590587548,0.22999999999999998,0.9612455806363883,-0.06687402799377917,0.22999999999999998
2018-10-02,113.97,91.71,13753100.0,3.05,12.05,0,0,0,0,0,0.21568627450980382,0.004160735793277137,0.009176249417640258,0.00965146790482878,0.010007938328527057,-0.010252536153680158,0.35547933729536885,-0.2149003245410546,0.1499999999999999,0.9605656785422899,-0.08434650455927051,0.1499999999999999
2018-10-03,115.04,92.57,17142000.0,3.15,11.61,0,0,0,0,0,0.21568627450980382,0.009377385236070124,0.009663649900685321,0.009834150543279912,0.010019306759146505,0.0039041318728987306,0.24640990031338394,-0.2403284352447096,0.25,0.9665488169703563,-0.16534867002156728,0.25
2018-10-04,115.27,93.41,16357400.0,3.19,14.22,0,0,0,0,0,0.21568627450980382,0.009074214108242495,0.009977451435632825,0.009964950325383793,0.010057813097722482,0.01731648878240044,-0.0457706218644266,-0.12104404964125244,0.31000000000000005,0.9310579276584172,-0.029351535836177445,0.31000000000000005
2018-10-05,114.62,92.88,13777600.0,3.23,14.82,0,0,0,0,0,0.21568627450980382,-0.005673910716197383,0.006125934407995269,0.010068892649236017,0.010093063910714762,0.009674964670072894,-0.15771455121229538,-0.2118254654985937,0.29000000000000004,0.9228991025292358,-0.0040322580645161255,0.29000000000000004
2018-10-08,115.32,93.45,14370900.0,3.23,15.69,0,0,0,0,0,0.21568627450980382,0.006136950904392924,0.006143070848982768,0.010044243180366758,0.010081846870339578,0.021311475409836023,0.04306265242132157,-0.06142469312149565,0.29000000000000004,0.9110688060919228,0.10805084745762716,0.29000000000000004
2018-10-09,114.52,92.8,14069500.0,3.21,15.95,0,0,0,0,0,0.21568627450980382,-0.006955591225254243,0.00806084094211003,0.010119103704750693,0.008812118321219599,0.007819287576020795,-0.020972938368508554,-0.1558427302454581,0.22999999999999998,0.9075333152026108,0.2065052950075641,0.22999999999999998
2018-10-10,111.47,90.33,23086400.0,3.22,22.96,0,0,0,0,0,0.21568627450980382,-0.026616379310344773,0.014084345661461533,0.011512803982097542,0.009492771534755863,-0.007362637362637425,0.6408827605813996,-0.5279945604597994,0.25,0.8122110416100081,0.7473363774733637,0.25
2018-10-11,108.13,87.62,33705600.0,3.14,24.98,0,0,1,0,0,0.21568627450980382,-0.030001107051920717,0.015249249049832573,0.013229933234552991,0.010191318829999066,-0.04083196496989594,0.45997643634347485,-0.6736489101767299,0.16999999999999993,0.7847429970084308,1.0194017784963623,0.16999999999999993
2018-10-12,106.95,86.66,32075700.0,3.15,21.31,0,0,1,0,0,0.21568627450980382,-0.010956402647797403,0.014824604825703743,0.013371013798877535,0.010112948210110783,-0.05113325303843208,-0.0483569495870122,-0.6706484477026214,0.1599999999999997,0.8346478107152571,0.7655343827671912,0.1599999999999997
2018-10-15,106.34,86.17,18903200.0,3.16,21.3,0,0,0,0,0,0.21568627450980382,-0.005654281098545932,0.011434649739045817,0.013320823017696444,0.00999109639519868,-0.059382163519266395,-0.41066913582556264,-0.6421133077908089,0.16999999999999993,0.8347837911340766,0.5570175438596492,0.16999999999999993
2018-10-16,108.62,88.02,19302800.0,3.16,17.62,0,0,0,0,0,0.21568627450980382,0.02146918881281179,0.02052826931927909,0.014335201413934828,0.010092896299305713,-0.04305283757338563,0.021139278005840367,-0.527629291660436,0.11000000000000032,0.8848245852597225,0.3776387802971073,0.11000000000000032
2018-10-17,109.83,89.0,18794500.0,3.19,17.4,0,0,0,0,0,0.21568627450980382,0.011133833219722833,0.01998574034181167,0.012762244017189431,0.01015756182723594,-0.05969360802958268,-0.026332967237913674,-0.4627811673630304,0.10999999999999988,0.8878161544737558,0.48085106382978715,0.10999999999999988
2018-10-18,108.09,87.59,17582500.0,3.17,20.06,0,0,0,0,0,0.21568627450980382,-0.01584269662921345,0.015715346974589782,0.012766014412022382,0.010271631183884532,-0.08244290802430332,-0.06448695096969859,-0.46733886612063724,0.10000000000000009,0.8516453630677183,0.6999999999999997,0.10000000000000009
2018-10-19,107.91,87.44,15234500.0,3.2,19.89,0,0,0,0,0,0.21568627450980382,-0.0017125242607604063,0.014604240285373141,0.01276473923771175,0.010269144149469946,-0.07792892544553409,-0.13354187402246553,-0.47116161642138765,0.13000000000000034,0.8539570301876529,0.7029109589041096,0.13000000000000034
2018-10-22,106.36,86.19,16199100.0,3.2,19.64,0,0,0,0,0,0.21568627450980382,-0.014295516925892038,0.01614822516674578,0.012916097494258396,0.010306900230864948,-0.08230408858603067,0.06331681381075849,-0.5250765098074858,0.1200000000000001,0.8573565406581451,0.6098360655737707,0.1200000000000001
2018-10-23,105.25,85.29,21407500.0,3.17,20.71,0,0,0,0,0,0.21568627450980382,-0.010442046641141567,0.01114796070797629,0.012984949553139119,0.010328634712961459,-0.08936579115951304,0.321524035285911,-0.5412404118097998,0.06999999999999984,0.8428066358444384,0.6674718196457328,0.06999999999999984
2018-10-24,103.29,83.7,23168900.0,3.1,25.23,0,0,0,0,0,0.21568627450980382,-0.018642279282448104,0.006562013721444747,0.013273397886994576,0.01041438150713322,-0.09572169403630082,0.08227957491533333,-0.623510141748044,0.040000000000000036,0.7813434865379385,0.9573312645461598,0.040000000000000036
2018-10-25,104.86,84.97,17464700.0,3.14,24.22,0,0,0,0,0,0.21568627450980382,0.015173237753882907,0.013370319200285335,0.014015626062875146,0.01059184440753574,-0.07791644058600111,-0.24620072597317955,-0.47913935565810917,0.08000000000000007,0.7950775088387272,0.9516518936341658,0.08000000000000007
2018-10-26,103.42,83.8,19174900.0,3.08,24.16,0,0,0,0,0,0.21568627450980382,-0.013769565729080835,0.013494082221124127,0.013981603132778393,0.010681786065013127,-0.0770925110132159,0.09792323944871661,-0.590618094000978,0.03000000000000025,0.7958933913516454,0.9933993399339935,0.03000000000000025
2018-10-29,104.85,84.96,18445200.0,3.08,24.7,0,0,0,0,0,0.21568627450980382,0.013842482100238529,0.016044580939947428,0.014384130949300637,0.010797917735157835,-0.06974707106098765,-0.03805495726183705,-0.4492192673684507,-0.009999999999999787,0.788550448735382,1.0583333333333331,-0.009999999999999787
2018-10-30,106.7,86.46,18019700.0,3.12,23.35,0,0,0,0,0,0.21568627450980382,0.017655367231638408,0.01753584733496831,0.015063341422042895,0.011080178495805414,-0.05724566568531242,-0.023068332140611103,-0.3452397496321084,0.07000000000000028,0.8069078052760402,0.9377593360995851,0.07000000000000028
2018-10-31,109.02,88.34,20860000.0,3.15,21.23,0,0,0,0,0,0.21568627450980382,0.021744159148739506,0.014130930300129107,0.015825572667870803,0.0114593528897869,-0.045695149616506336,0.15762193599227503,-0.25664605113291233,0.0,0.8357356540658145,0.8285960378983637,0.0
2018-11-01,108.98,88.31,13065000.0,3.14,19.34,0,0,0,0,0,0.21568627450980382,-0.00033959701154628874,0.014659255636123858,0.015610615657155645,0.011452156965415055,-0.05459800877850329,-0.3736816874400767,-0.2107668331649267,-0.04999999999999982,0.8614359532227359,0.3600562587904359,-0.04999999999999982
2018-11-02,108.38,87.82,19009200.0,3.22,19.51,0,0,0,0,0,0.21568627450980382,-0.005548635488619724,0.011816952037852574,0.015609379305469052,0.011433488503224528,-0.05447889750215329,0.45497129735935715,-0.24811403460058315,-0.009999999999999787,0.8591242861028012,0.31646423751686914,-0.009999999999999787
2018-11-05,109.09,88.4,10276400.0,3.2,19.96,0,0,0,0,0,0.21568627450980382,0.006604418127989176,0.011588651775658284,0.01562362178301562,0.011417736731274693,-0.05403959336543607,-0.45939860699029944,-0.22527570098893124,-0.029999999999999805,0.8530051672559151,0.27214786488209053,-0.029999999999999805
2018-11-06,109.6,88.81,10825000.0,3.22,19.91,0,0,0,0,0,0.21568627450980382,0.004638009049773739,0.010271032685873956,0.015670771392689516,0.011264522548137566,-0.04299568965517231,0.05338445369973921,-0.29752064611212736,0.010000000000000231,0.8536850693500135,0.24827586206896557,0.010000000000000231
2018-11-07,111.48,90.34,12679600.0,3.22,16.36,0,0,0,0,0,0.21568627450980382,0.017227789663326165,0.008527011229029574,0.015114224423284379,0.011458757220120538,0.00011070519207345697,0.17132563510392607,-0.3409605023341155,0.0,0.9019581180310036,-0.28745644599303144,0.0
2018-11-08,112.38,91.06,11662500.0,3.24,16.72,0,0,0,0,0,0.21568627450980382,0.00796989152092098,0.008145184326064075,0.01342238269862293,0.011457837173768557,0.03926044282127372,-0.0802154642102274,-0.23425203340329276,0.10000000000000009,0.8970628229534947,-0.3306645316253003,0.10000000000000009
2018-11-09,111.29,90.18,10432200.0,3.19,17.36,0,0,0,0,0,0.21568627450980382,-0.009663957830002179,0.00968820168777032,0.013359620770255884,0.011456686240395737,0.040618509116086,-0.105491961414791,-0.15866788355820677,0.040000000000000036,0.8883600761490346,-0.1853589863913655,0.040000000000000036
2018-11-12,108.95,88.29,13279700.0,3.19,20.45,0,0,0,0,0,0.21568627450980382,-0.020958083832335328,0.015119000666663883,0.014235339773447911,0.011761832426763177,0.02460252988278988,0.27295297252736717,-0.14158304820381554,0.029999999999999805,0.8463421267337503,-0.039906103286385,0.029999999999999805
2018-11-13,109.59,88.8,13746100.0,3.14,20.02,0,0,0,0,0,0.21568627450980382,0.005776418620455193,0.015217518601055925,0.013478177570679177,0.011790963680020064,0.008861622358554921,0.03512127533001497,-0.07063582772541506,-0.020000000000000018,0.852189284742997,0.1362088535754824,-0.020000000000000018
2018-11-14,107.33,86.97,18361400.0,3.12,21.25,0,0,0,0,0,0.21568627450980382,-0.020608108108108092,0.013903291111506264,0.014021428068493373,0.012035931271198301,-0.022808988764044913,0.3357534136955209,-0.0357367340905876,-0.06999999999999984,0.8354636932281752,0.22126436781609216,-0.06999999999999984
2018-11-15,110.07,89.19,19100000.0,3.11,19.98,0,0,0,0,0,0.21568627450980382,0.02552604346326315,0.019766454147860706,0.014757858149306682,0.01250998380866778,0.018266925448110483,0.040225690851460216,-0.07423423603427494,-0.06000000000000005,0.8527332064182758,-0.003988035892322994,-0.06000000000000005
2018-11-16,109.99,89.13,13798600.0,3.08,18.14,0,0,0,0,0,0.21568627450980382,-0.0006727211570803915,0.019528265836253337,0.014749595637556581,0.012508176534970354,0.019327538883806117,-0.27756020942408377,-0.06955985514535147,-0.1200000000000001,0.8777536034810987,-0.0879839115133233,-0.1200000000000001
2018-11-19,110.83,89.81,13987000.0,3.06,20.1,0,0,0,0,0,0.21568627450980382,0.007629305508807471,0.016628197123391204,0.014357744839474645,0.012552234648079358,0.04200023204548087,0.013653559056715947,-0.09833944179020769,-0.14000000000000012,0.8511014413924395,0.023421588594704668,-0.14000000000000012
2018-11-20,108.45,87.88,18936200.0,3.06,22.48,0,0,0,0,0,0.21568627450980382,-0.0214898118249639,0.019863616958870574,0.015063178052972014,0.012613429360360908,0.03036698323367326,0.35384285407878746,-0.14829413746901968,-0.10999999999999988,0.8187381017133533,0.08546595847416705,-0.10999999999999988
2018-11-21,107.64,87.22,10619600.0,3.06,20.8,0,0,0,0,0,0.21568627450980382,-0.007510241238051885,0.017507340043077493,0.014469628437591652,0.012631506717744972,0.04205495818399041,-0.4391905450935246,-0.027312164571519363,-0.040000000000000036,0.8415828120750611,-0.1755846214823622,-0.040000000000000036
2018-11-23,106.65,86.42,6488400.0,3.05,21.52,0,0,0,0,0,0.21568627450980382,-0.009172208209126342,0.010794909660803266,0.014340844532715396,0.01267169468308039,0.017064846416382284,-0.3890165354627293,-0.13289142063850506,-0.0900000000000003,0.8317922219200435,-0.11147811725846402,-0.0900000000000003
2018-11-26,109.26,88.54,13948300.0,3.07,18.9,0,0,0,0,0,0.21568627450980382,0.024531358481832966,0.01771377380947934,0.01482185332949947,0.013087470395043424,0.05656324582338912,1.1497287466863941,-0.08534316096810518,-0.010000000000000231,0.8674190916508023,-0.2177152317880795,-0.010000000000000231
2018-11-27,109.72,88.91,9238200.0,3.06,19.02,0,0,0,0,0,0.21568627450980382,0.0041789021911000646,0.017347118064513993,0.014600824102999054,0.013088037972325512,0.046492467043314445,-0.3376827283611623,-0.2115814017172834,-0.020000000000000018,0.865787326624966,-0.22995951417004046,-0.020000000000000018
2018-11-28,110.94,89.9,13977300.0,3.06,18.49,0,0,0,0,0,0.21568627450980382,0.011134855471825578,0.013932579445692062,0.014311623447125534,0.013155766659939852,0.03978718482535282,0.5129895434175489,-0.3956863900925532,-0.06000000000000005,0.8729942888224096,-0.2081370449678802,-0.06000000000000005
2018-11-29,110.06,89.19,11144300.0,3.03,18.79,0,0,0,0,0,0.21568627450980382,-0.007897664071190302,0.014017809506672202,0.01368592519185995,0.013178992140402175,0.00962191532714507,-0.20268578337733323,-0.4945562354563578,-0.1200000000000001,0.8689148762578189,-0.11493170042392842,-0.1200000000000001
2018-11-30,111.19,90.1,18652700.0,3.01,18.07,0,0,0,0,0,0.21568627450980382,0.010202937549052438,0.011772613794405551,0.013851166988555937,0.013240765709804392,0.0202695051523043,0.6737435280816202,-0.509856047572878,-0.13000000000000034,0.8787054664128365,-0.06566701137538777,-0.13000000000000034
2018-12-03,112.24,90.95,16034500.0,2.98,16.44,0,0,0,0,0,0.21568627450980382,0.009433962264151052,0.007914354298999275,0.013878078984824044,0.013297023817908425,0.03564108403552724,-0.14036573793606288,-0.5175664144464783,-0.2400000000000002,0.900870274680446,-0.1573552024602768,-0.2400000000000002
2018-12-04,107.23,86.89,23555900.0,2.91,20.74,0,0,0,0,0,0.21568627450980382,-0.044639912039582175,0.02386120930741496,0.017269107637701134,0.014475208020069604,-0.017081447963800955,0.46907605475693037,-0.5343411563339618,-0.29000000000000004,0.8423986945879793,0.039078156312625234,-0.29000000000000004
2018-12-06,105.19,85.24,27213900.0,2.87,21.19,0,0,1,0,0,0.21568627450980382,-0.018989526988146044,0.02275015340135784,0.017686540665649765,0.014633205496279547,-0.04019817588109453,0.15529018207752632,-0.5691572007080148,-0.3500000000000001,0.8362795757410932,0.06428930185836279,-0.3500000000000001
2018-12-07,103.29,83.7,19248600.0,2.85,23.23,0,0,0,0,0,0.21568627450980382,-0.01806663538244946,0.022926832230365367,0.017436646539943028,0.014733175908379748,-0.07350011069293783,-0.29269233737171074,-0.5495208722488963,-0.3700000000000001,0.8085395703018765,0.41992665036674826,-0.3700000000000001
2018-12-10,101.36,82.14,23636400.0,2.85,22.64,0,0,0,0,0,0.21568627450980382,-0.018637992831541217,0.019128093213784877,0.017517144140758393,0.014885592123899352,-0.09795739073138587,0.22795424082790428,-0.5578998091504614,-0.3900000000000001,0.8165624150122383,0.3540669856459331,-0.3900000000000001
2018-12-11,100.37,81.33,16860700.0,2.89,21.76,0,0,0,0,0,0.21568627450980382,-0.009861212563915256,0.01318849449243958,0.017519966784759436,0.01492177284446908,-0.09813705921490357,-0.28666378974801576,-0.6154686274638248,-0.2999999999999998,0.828528691868371,0.2534562211981568,-0.2999999999999998
2018-12-12,101.02,81.86,22621500.0,2.91,21.46,0,0,0,0,0,0.21568627450980382,0.006516660518873785,0.010919899414942544,0.017278696390214784,0.014947555766671124,-0.07282817986181911,0.34167027466238054,-0.586954894226366,-0.2799999999999998,0.8326081044329616,0.04938875305623469,-0.2799999999999998
2018-12-13,101.12,81.94,17250900.0,2.91,20.65,0,0,0,0,0,0.21568627450980382,0.000977278279990168,0.011281853087641378,0.017174186355383834,0.014932630942651362,-0.0772522522522523,-0.23741131224719847,-0.5829155478455739,-0.22999999999999998,0.8436225183573566,0.03146853146853146,-0.22999999999999998
2018-12-14,100.29,81.27,19879500.0,2.89,21.63,0,0,0,0,0,0.21568627450980382,-0.008176714669270169,0.009805372045931215,0.016756421747428554,0.014392895677866337,-0.06553984132459467,0.15237465871345846,-0.575302860528453,-0.22999999999999998,0.8302964373130269,0.01788235294117646,-0.22999999999999998
2018-12-17,99.01,80.23,25113500.0,2.86,24.52,0,0,1,0,0,0.21568627450980382,-0.012796850006152272,0.00809821794327721,0.015431493841996973,0.014380492441240067,-0.10045969279067157,0.2632862999572423,-0.5911184851620191,-0.25,0.7909980962741365,0.2272272272272271,-0.25
2018-12-18,98.54,79.85,20837200.0,2.82,25.58,0,0,0,0,0,0.21568627450980382,-0.004736382899165004,0.007584667063251074,0.015395939290063235,0.014374137715267722,-0.10411758106137103,-0.17027893364126867,-0.5142695767388494,-0.26000000000000023,0.7765841718792493,0.41014332965821376,-0.26000000000000023
2018-12-19,97.29,78.84,28767900.0,2.77,25.58,0,0,1,0,0,0.21568627450980382,-0.01264871634314324,0.005799199413636022,0.015160827114924176,0.014404117071291947,-0.12214675425899124,0.3806029600906071,-0.5005705544313334,-0.29000000000000004,0.7765841718792493,0.2726368159203978,-0.29000000000000004
2018-12-20,96.45,78.16,31825200.0,2.79,28.38,0,0,1,0,0,0.21568627450980382,-0.008625063419584023,0.0033889147617577834,0.014753560402962473,0.014423659274386236,-0.11060537096040057,0.10627470201161704,-0.4312719911846117,-0.27,0.7385096546097363,0.2624555160142348,-0.27
2018-12-21,94.17,76.31,41313900.0,2.79,30.11,0,0,1,0,0,0.21568627450980382,-0.023669396110542418,0.007073797046716651,0.015288427212019598,0.01462819260157664,-0.12508598945196048,0.2981505222276686,-0.49430033927482464,-0.27,0.7149850421539298,0.4475961538461537,-0.27
2018-12-24,92.14,74.66,17009300.0,2.74,36.07,0,0,0,0,1,0.21568627450980382,-0.02162232996985991,0.008182124800566775,0.015650130006686584,0.014821657848672409,-0.1360796112011109,-0.5882911078353774,-0.5050747718766446,-0.3099999999999996,0.6339407125373946,0.6761152416356877,-0.3099999999999996
2018-12-26,95.96,77.76,22542900.0,2.81,30.41,0,0,0,0,0,0.21568627450980382,0.04152156442539523,0.02674297908643348,0.01777794455100281,0.015837759443327114,-0.12175288005421281,0.3253279088498644,-0.13268198906054202,-0.2599999999999998,0.7109056295893391,0.6089947089947092,-0.2599999999999998
2018-12-27,97.04,78.63,20304700.0,2.77,29.96,0,0,0,0,0,0.21568627450980382,0.011188271604938071,0.027161938310150284,0.018062622891686923,0.015900201739940917,-0.11562253964683389,-0.09928624977265565,-0.036194118369156,-0.29000000000000004,0.7170247484362251,0.5751840168243953,-0.29000000000000004
2018-12-28,96.83,78.46,17963300.0,2.72,28.34,0,0,0,0,0,0.21568627450980382,-0.0021620246725169157,0.026814791923476005,0.017639671642646612,0.01587713557228997,-0.12725250278086775,-0.11531320334700834,0.031120494209952713,-0.33999999999999986,0.739053576285015,0.5327203893996757,-0.33999999999999986
2018-12-31,97.62,79.1,13237200.0,2.69,25.42,0,0,0,0,0,0.21568627450980382,0.008157022686719362,0.022983319142750952,0.017941876630505543,0.0158624720023759,-0.11312927458235233,-0.26309753775753897,0.034492781275571045,-0.33999999999999986,0.7787598585803643,0.35284725918041526,-0.33999999999999986
2019-01-02,99.31,80.47,15670900.0,2.66,23.22,0,0,0,0,0,0.3306451612903225,0.01731984829329969,0.016312999292155756,0.018342732139342434,0.01599951651279387,-0.10688124306326297,0.18385308071193296,0.07996875103869709,-0.34999999999999964,0.8086755507206962,0.2850027670171553,-0.34999999999999964
2019-01-03,97.11,79.33,16286400.0,2.56,25.45,0,0,0,0,0,0.3306451612903225,-0.014166770224928515,0.012393041468475925,0.018090471139038212,0.016066793323864903,-0.1277625068719077,0.039276620998155876,0.1826844875698792,-0.41999999999999993,0.7783519173239054,0.5480535279805352,-0.41999999999999993
2019-01-04,100.69,82.25,16935200.0,2.67,21.38,0,0,0,0,0,0.3306451612903225,0.036808269255010684,0.019392894597615954,0.018256510716767836,0.016816602639764408,-0.053400851651513426,0.03983691914726406,-0.06283345341200769,-0.2400000000000002,0.8336959477835192,0.030858244937319146,-0.2400000000000002
2019-01-07,100.76,82.31,15430700.0,2.7,21.4,0,0,0,0,0,0.3306451612903225,0.0007294832826747477,0.019009009835911014,0.01785184796302805,0.016807377894362926,-0.034373533552322755,-0.08883863196183095,-0.12345559180403014,-0.16999999999999993,0.8334239869458798,0.009910335063709086,-0.16999999999999993
2019-01-08,100.57,82.16,13578800.0,2.73,20.47,0,0,0,0,0,0.3306451612903225,-0.0018223788118091333,0.019730845841443845,0.017427606867380922,0.016490154333289486,-0.018399044205495874,-0.12001399806878499,-0.14566706514695812,-0.1200000000000001,0.846070165896111,-0.11881188118811892,-0.1200000000000001
2019-01-09,100.4,82.02,14230300.0,2.74,19.98,0,0,0,0,0,0.3306451612903225,-0.001703992210321359,0.019258382230514223,0.01691853220144697,0.016058613447832604,-0.0014609203798393589,0.04797920287507007,-0.17375857113895057,-0.10999999999999988,0.8527332064182758,-0.11749116607773857,-0.10999999999999988
2019-01-10,100.39,82.01,14376100.0,2.74,19.5,0,0,0,0,0,0.3306451612903225,-0.0001219214825650683,0.01682201868072038,0.016757295313873342,0.016005282973940743,0.008360998401574005,0.0102457432380203,-0.1925702396736237,-0.1499999999999999,0.8592602665216209,-0.10386029411764708,-0.1499999999999999
2019-01-11,99.91,81.62,15439900.0,2.71,18.19,0,0,0,0,0,0.3306451612903225,-0.0047555176198024185,0.002098067803444725,0.0167355402975291,0.016001076153785803,-0.002931834839970615,0.07399781581931131,-0.14737803386705792,-0.20000000000000018,0.8770737013870002,-0.15237651444547995,-0.20000000000000018
2019-01-14,100.94,82.46,21258500.0,2.71,19.07,0,0,0,0,0,0.3306451612903225,0.010291595197255532,0.00578918500038471,0.01689346996633464,0.015801495663195796,0.006346106907493265,0.3768547723754687,-0.17915766923100243,-0.20000000000000018,0.8651074245308675,-0.07651331719128318,-0.20000000000000018
2019-01-15,101.68,83.06,26504900.0,2.72,18.6,0,0,1,0,0,0.3306451612903225,0.0072762551540141995,0.00632957230476972,0.01683139720491585,0.015759228023691556,0.02202534760674313,0.24679069548651134,-0.21680624625156877,-0.16999999999999993,0.871498504215393,-0.1400832177531206,-0.16999999999999993
2019-01-16,102.5,83.73,18533000.0,2.73,19.04,0,0,0,0,0,0.3306451612903225,0.00806645798218164,0.006332236053987816,0.016561104609432706,0.015680375330995252,0.04362457933441366,-0.30077080087078234,-0.2344469412603721,-0.1299999999999999,0.8655153657873267,-0.22349102773246332,-0.1299999999999999
2019-01-17,102.92,84.08,14247600.0,2.75,18.06,0,0,0,0,0,0.3306451612903225,0.004180102711095035,0.005882753261055019,0.016482502617108204,0.015691930047091067,0.05297432686286796,-0.23123077753196997,-0.22732000191186788,-0.06999999999999984,0.8788414468316562,-0.29397967161845195,-0.06999999999999984
2019-01-18,104.59,85.44,16428700.0,2.79,17.8,0,0,0,0,0,0.3306451612903225,0.016175071360609028,0.004472925747373648,0.016328123808681407,0.015731956413693075,0.08371385083713845,0.15308543193239554,-0.2503407838616826,0.020000000000000018,0.8823769377209681,-0.304143862392494,0.020000000000000018
2019-01-22,102.94,84.09,17083700.0,2.74,20.8,0,0,0,0,0,0.3306451612903225,-0.015800561797752688,0.011912124779713557,0.016698313045811698,0.01580713104846836,0.07587001023541462,0.03986925319714896,-0.18101757183048717,-0.04999999999999982,0.8415828120750611,-0.2670894996476392,-0.04999999999999982
2019-01-23,102.68,83.88,12146700.0,2.76,19.52,0,0,0,0,0,0.3306451612903225,-0.0024973242953978403,0.012037132879966543,0.015493207609245387,0.015622710133964884,0.09920062901323545,-0.2889889192622207,-0.052135027418223345,-0.03000000000000025,0.8589883056839815,-0.35171039521753567,-0.03000000000000025
2019-01-24,102.74,83.93,11296800.0,2.72,18.89,0,0,0,0,0,0.3306451612903225,0.0005960896518837355,0.011553655420041603,0.014240865859658324,0.015498060429512099,0.12416287168497209,-0.06996962137864604,0.2884805487575096,-0.020000000000000018,0.8675550720696219,-0.47629609093429437,-0.020000000000000018
2019-01-25,103.39,84.46,14369400.0,2.76,17.42,0,0,0,0,0,0.3306451612903225,0.0063147861312997655,0.011759826277564485,0.01153267242409337,0.015414201017463788,0.08616255144032903,0.2719885277246654,-0.023519576275401334,-0.050000000000000266,0.8875441936361164,-0.4271621177244327,-0.050000000000000266
2019-01-28,103.88,84.86,12283100.0,2.75,18.87,0,0,0,0,0,0.3306451612903225,0.004735969689793951,0.008799266576745667,0.01141666555024485,0.015322631647739421,0.07923184535164696,-0.14519047420212394,-0.13378081225696664,-0.020000000000000018,0.8678270329072613,-0.37016021361815754,-0.020000000000000018
2019-01-29,104.17,85.1,9743300.0,2.72,19.13,0,0,0,0,0,0.3306451612903225,0.0028281876031108766,0.003471434425693317,0.011331859418122047,0.015153263231392685,0.08462911037471321,-0.2067719061149058,-0.06904609869422682,0.0,0.8642915420179494,-0.3249823570924488,0.0
2019-01-30,104.41,85.29,12526300.0,2.7,17.66,0,0,0,0,0,0.3306451612903225,0.0022326674500587895,0.0022257163648163477,0.011298449130203841,0.014882356102248485,0.07825537294563856,0.2856321780095039,-0.12475558031684339,0.010000000000000231,0.8842806635844438,-0.30527143981117233,0.010000000000000231
2019-01-31,103.5,84.55,17520600.0,2.63,16.57,0,0,0,0,0,0.3306451612903225,-0.00867628092390682,0.005905726166697476,0.011159866092116624,0.014919924921452284,0.05070212501553373,0.39870512441822403,-0.17043979170401183,-0.03000000000000025,0.89910252923579,-0.28639104220499567,-0.03000000000000025
2019-02-01,103.88,84.86,13000800.0,2.7,16.14,0,0,0,0,0,0.3306451612903225,0.003666469544648221,0.005466960036599725,0.010444734213765261,0.014915711992359594,0.06970881129459228,-0.25797061744460803,0.12657939857891926,0.14000000000000012,0.9049496872450367,-0.3658153241650294,0.14000000000000012
2019-02-04,104.25,85.16,9871500.0,2.73,15.73,0,0,0,0,0,0.3306451612903225,0.0035352345038888178,0.005282752677749977,0.006894122890602281,0.014896317704252678,0.035379939209726485,-0.24070057227247554,-0.2832163135385174,0.06000000000000005,0.910524884416644,-0.26426566884939195,0.06000000000000005
2019-02-05,103.79,84.79,12763000.0,2.71,15.57,0,0,0,0,0,0.3306451612903225,-0.004344762799436297,0.005534158851764006,0.007026244090479874,0.014888808333745927,0.030129996355242383,0.2929139441827484,-0.17659861703627688,0.009999999999999787,0.912700571117759,-0.272429906542056,0.009999999999999787
2019-02-06,103.74,84.75,8745000.0,2.7,15.38,0,0,0,0,0,0.3306451612903225,-0.0004717537445454445,0.0053010064300688525,0.006998979722475341,0.014702509451694474,0.03152385589094453,-0.3148162657682363,-0.1067064730331621,-0.029999999999999805,0.9152841990753331,-0.2486565705911089,-0.029999999999999805
2019-02-07,102.38,83.64,13177500.0,2.65,16.37,0,0,0,0,0,0.3306451612903225,-0.01309734513274341,0.006957563916597267,0.0077078040616411604,0.014737207903122971,0.019751280175567043,0.506861063464837,0.03349951322898787,-0.0900000000000003,0.9018221376121838,-0.18068068068068066,-0.0900000000000003
2019-02-08,101.36,82.8,12892600.0,2.63,15.72,0,0,0,0,0,0.3306451612903225,-0.010043041606886738,0.006795530726567643,0.008093843083244606,0.014740931348728557,0.009632971588830586,-0.021620185922974766,0.13249592914722164,-0.11000000000000032,0.9106608648354637,-0.19384615384615378,-0.11000000000000032
2019-02-11,100.88,82.41,10978500.0,2.65,15.97,0,0,0,0,0,0.3306451612903225,-0.004710144927536186,0.005006518428389488,0.008092295555485811,0.014521574424149725,0.009679000245037983,-0.14846501093650621,0.1761717376512627,-0.06000000000000005,0.9072613543649715,-0.1220450797141287,-0.06000000000000005
2019-02-12,102.6,83.82,12852300.0,2.68,15.43,0,0,0,0,0,0.3306451612903225,0.01710957408081537,0.011857526061816712,0.008650288685689423,0.014684590058915061,0.01649284501576531,0.17067905451564425,-0.022300114531780383,-0.029999999999999805,0.9146042969812347,-0.19087572102779238,-0.029999999999999805
2019-02-13,103.09,84.22,10754100.0,2.71,15.65,0,0,0,0,0,0.3306451612903225,0.004772130756382831,0.01227776422969534,0.008570187490565371,0.01446993587088189,0.013965807849747103,-0.16325482598445418,-0.07739009569321366,-0.010000000000000231,0.9116127277672015,-0.1586021505376345,-0.010000000000000231
2019-02-14,102.42,83.67,11518500.0,2.66,16.22,0,0,0,0,0,0.3306451612903225,-0.006530515317026753,0.01096739504087805,0.008533865913739431,0.014081828332675649,-0.0007165890361877647,0.07107986721343496,-0.1069931048776551,-0.06999999999999984,0.9038618438944792,-0.14810924369747902,-0.06999999999999984
2019-02-15,105.55,86.23,14716900.0,2.66,14.91,0,0,0,0,0,0.3306451612903225,0.03059639058204855,0.015623521989449595,0.010924507811773471,0.014659657198940048,0.025570884871551014,0.27767504449364067,-0.27656042560262706,-0.08999999999999986,0.9216752787598586,-0.17441860465116277,-0.08999999999999986
2019-02-19,105.18,85.92,12764900.0,2.65,14.88,0,0,0,0,0,0.3306451612903225,-0.003595036530209983,0.015398654181355088,0.010390977919900804,0.014626445535961406,0.005617977528090012,-0.13263662863782455,-0.2955067183286996,-0.14000000000000012,0.9220832200163176,-0.16404494382022472,-0.14000000000000012
2019-02-20,105.69,86.34,10030300.0,2.65,14.02,0,0,0,0,0,0.3306451612903225,0.004888268156424624,0.014635582800988858,0.009707876690589319,0.01438331628075721,0.026757046022119146,-0.21422807855917403,-0.1477236443318427,-0.0900000000000003,0.933777536034811,-0.3259615384615385,-0.0900000000000003
2019-02-21,105.47,86.16,8400100.0,2.69,14.46,0,0,0,0,0,0.3306451612903225,-0.0020847810979848225,0.01509647031741428,0.00969967189762775,0.014353558876615989,0.027181688125894166,-0.1625275415491062,-0.08879399301342979,-0.06999999999999984,0.9277943976067446,-0.2592213114754097,-0.06999999999999984
2019-02-22,105.0,85.78,10647300.0,2.65,13.51,0,0,0,0,0,0.3306451612903225,-0.004410399257195885,0.014729061140313734,0.009785357367391053,0.014315676136670211,0.022042178005480695,0.26752062475446725,-0.026983779629446068,-0.07000000000000028,0.9407125373946151,-0.2848067760719958,-0.07000000000000028
2019-02-25,106.1,86.67,11230700.0,2.67,14.85,0,0,0,0,0,0.3306451612903225,0.010375378876194885,0.0063818688090556295,0.009939381566560834,0.014017687468408636,0.026166232536111833,0.054793233965418464,-0.09176279890300137,-0.08999999999999986,0.9224911612727767,-0.1475315729047073,-0.08999999999999986
2019-02-26,105.29,86.01,15465400.0,2.64,15.17,0,0,0,0,0,0.3306451612903225,-0.0076150917272411744,0.007298375735176349,0.010099606691403203,0.014037076658458804,0.013551732264907024,0.37706465313827287,-0.1309649305367116,-0.10999999999999988,0.9181397878705466,-0.1960784313725491,-0.10999999999999988
2019-02-27,105.16,85.91,9968800.0,2.69,14.7,0,0,0,0,0,0.3306451612903225,-0.0011626555051739151,0.006818918789311095,0.010095211691460305,0.013954507151501074,0.009518213866039904,-0.3554127277664981,-0.20647163881546743,-0.03000000000000025,0.9245308675550721,-0.23157344485101938,-0.03000000000000025
2019-02-28,104.36,85.25,15156900.0,2.73,14.78,0,0,0,0,0,0.3306451612903225,-0.007682458386683688,0.0074738161499826525,0.01024905208659737,0.013952643034039463,-0.00046898815804907734,0.5204337533103283,-0.23942090939103197,0.029999999999999805,0.9234430242045145,-0.16308040770101928,0.029999999999999805
2019-03-01,104.43,85.31,13813300.0,2.76,13.57,0,0,0,0,0,0.3306451612903225,0.0007038123167155685,0.007428228793795957,0.010042408767441748,0.013881035263484349,0.008988764044943975,-0.08864609517777378,-0.1639516098108378,0.1299999999999999,0.939896654881697,-0.18105009052504528,0.1299999999999999
2019-03-04,104.19,85.11,12466300.0,2.72,14.63,0,0,0,0,0,0.3306451612903225,-0.002344391044426297,0.0038348858866184324,0.010032438089191568,0.013816766800858757,0.0029460287532405705,-0.09751471407990853,-0.18335175006011378,0.020000000000000018,0.9254827304868098,-0.09355638166047087,0.020000000000000018
2019-03-05,104.11,85.05,10856600.0,2.72,14.74,0,0,0,0,0,0.3306451612903225,-0.0007049700387733449,0.0032331970417139905,0.010002882125696876,0.012573707372303166,-0.0012916862376702865,-0.1291241186238098,-0.2006609459697182,-0.009999999999999787,0.9239869458797934,-0.06293706293706292,-0.009999999999999787
2019-03-06,103.72,84.73,9070800.0,2.69,15.74,0,0,0,0,0,0.3306451612903225,-0.0037624926513815105,0.0032260442009094856,0.009990464623965502,0.012341188942021524,-0.0007076306168180002,-0.16448980343754027,-0.20128285367139861,-0.020000000000000018,0.9103889039978244,0.010918432883750828,-0.020000000000000018
2019-03-07,102.97,84.12,12705700.0,2.64,16.59,0,0,0,0,0,0.3306451612903225,-0.0071993390770683785,0.003043766699043681,0.01012001209664714,0.01215019723788161,-0.0074336283185839624,0.400725404594964,-0.24641077312751417,-0.06000000000000005,0.8988305683981507,0.07867360208062402,-0.06000000000000005
2019-03-08,103.01,84.15,10582400.0,2.62,16.05,0,0,0,0,0,0.3306451612903225,0.0003566333808844302,0.0029503294282910222,0.009663157671095542,0.011897049213758094,0.0060975609756097615,-0.16711397246904935,-0.15420560509385198,-0.029999999999999805,0.9061735110144139,-0.019547953573610277,-0.029999999999999805
2019-03-11,104.35,85.24,9763200.0,2.64,14.33,0,0,0,0,0,0.3306451612903225,0.012953060011883455,0.007646125641706239,0.00972959581737073,0.011925742088076422,0.02946859903381638,-0.07741155125491384,-0.16047860730306007,0.010000000000000231,0.9295621430514006,-0.08842239185750644,0.010000000000000231
2019-03-12,104.04,84.99,10219100.0,2.61,13.77,0,0,0,0,0,0.3306451612903225,-0.002932895354293752,0.007785069161762083,0.009677893281407514,0.011912056605085156,0.03130688023298145,0.04669575549000338,-0.08528047042335246,-0.040000000000000036,0.9371770465053032,-0.1377582968065123,-0.040000000000000036
2019-03-13,104.39,85.28,13022200.0,2.61,13.41,0,0,0,0,0,0.3306451612903225,0.0034121661371926404,0.007604267803435221,0.008981142032608604,0.01191718205247732,0.017418277260797144,0.27430008513469883,-0.1661534499153045,-0.07000000000000028,0.9420723415828121,-0.13091380427738175,-0.07000000000000028
2019-03-14,105.34,86.05,10926500.0,2.63,13.5,0,0,0,0,0,0.3306451612903225,0.009029080675422074,0.00643322173613031,0.00912695786648927,0.011906104502709219,0.021728805509380278,-0.16093286848612365,-0.242856691815857,-0.08000000000000007,0.9408485178134348,-0.13738019169329074,-0.08000000000000007
2019-03-15,106.55,87.04,24811700.0,2.59,12.88,0,0,1,0,0,0.3306451612903225,0.0115049389889601,0.006541632878313231,0.009222333721058093,0.011841216982976922,0.04027727978964979,1.2707820436553332,-0.26257869284365587,-0.07000000000000028,0.9492793037802556,-0.2059186189889025,-0.07000000000000028
2019-03-18,107.19,87.56,12935500.0,2.6,13.1,0,0,0,0,0,0.3306451612903225,0.0059742647058822484,0.005571330272855878,0.006425716730292859,0.011827451317674353,0.015423866403803776,-0.47865321602308586,-0.515565810682511,-0.06000000000000005,0.9462877345662225,-0.12139503688799469,-0.06000000000000005
2019-03-19,106.8,87.25,12889300.0,2.61,13.56,0,0,0,0,0,0.3306451612903225,-0.003540429419826463,0.005800348555620075,0.0064237688893701884,0.011699153580346826,0.015479515828677792,-0.0035715666189942707,-0.46221501495374484,-0.040000000000000036,0.9400326353005167,-0.08870967741935487,-0.040000000000000036
2019-03-20,104.52,85.38,14920700.0,2.54,13.91,0,0,0,0,0,0.3306451612903225,-0.021432664756447006,0.013425741646289029,0.008033913123027057,0.012004653536771118,-0.011118832522585276,0.15760359367847743,-0.2938653604126101,-0.10999999999999988,0.9352733206418276,-0.007845934379457908,-0.10999999999999988
2019-03-21,102.87,84.04,19751000.0,2.54,13.63,0,0,0,0,0,0.3306451612903225,-0.015694542047317794,0.013952841900502038,0.00871980863983051,0.011762468271955692,-0.0246053853296192,0.32373146032022637,-0.20375951533215542,-0.1499999999999999,0.9390807723687788,-0.05739972337482713,-0.1499999999999999
2019-03-22,99.76,81.5,31115200.0,2.44,16.48,0,0,1,0,0,0.3306451612903225,-0.030223702998572133,0.014357325291340073,0.010865134911686832,0.01209884722422186,-0.049895080438330575,0.5753733988152498,-0.41983782112766294,-0.20999999999999996,0.9003263530051673,0.21983715766099188,-0.20999999999999996
2019-03-25,98.93,80.82,21032300.0,2.43,16.33,0,0,0,0,0,0.3306451612903225,-0.008343558282208674,0.010555399096705036,0.010497742832471684,0.010964975874118325,-0.06749740394600212,-0.32405062477502955,-0.4684767568137424,-0.23999999999999977,0.9023660592874626,0.09966329966329956,-0.23999999999999977
2019-03-26,99.92,81.63,15987100.0,2.41,14.68,0,0,0,0,0,0.3306451612903225,0.010022271714922093,0.015220409090407457,0.010862610634035671,0.010947095346707188,-0.05092431112661333,-0.23987866281861703,-0.4358392412228973,-0.22999999999999998,0.9248028283927114,-0.03230059327620305,-0.22999999999999998
2019-03-27,99.58,81.35,12753200.0,2.39,15.15,0,0,0,0,0,0.3306451612903225,-0.0034301114786230436,0.014892434811114129,0.010859163726624668,0.010953903042129778,-0.053078803398905805,-0.20228183973328495,-0.43613071405195947,-0.2999999999999998,0.918411748708186,0.03061224489795933,-0.2999999999999998
2019-03-28,100.71,82.27,12454100.0,2.39,14.43,0,0,0,0,0,0.3306451612903225,0.011309157959434657,0.016865494329181274,0.011221789237817888,0.010997930171394402,-0.03495601173020535,-0.02345293730201048,-0.4225616877875251,-0.33999999999999986,0.9282023388632037,-0.023680649526386932,-0.33999999999999986
2019-03-29,101.23,82.7,14523400.0,2.41,13.71,0,0,0,0,0,0.3306451612903225,0.005226692597544824,0.008563380202092803,0.0113183035532209,0.010797437852985892,-0.03059430312976208,0.16615411792100598,-0.43435611553634595,-0.34999999999999964,0.9379929290182214,0.010316875460574915,-0.34999999999999964
2019-04-01,104.64,85.48,17499300.0,2.49,13.4,0,0,0,0,0,0.3306451612903225,0.033615477629987955,0.013724636652277248,0.013766969981333827,0.011439405046550895,0.004347315239102478,0.20490381040252292,-0.4686434383949005,-0.22999999999999998,0.9422083220016317,-0.08407382091592619,-0.22999999999999998
2019-04-02,105.14,85.89,10295400.0,2.48,13.36,0,0,0,0,0,0.3306451612903225,0.004796443612540946,0.014046114913467498,0.013800606506994365,0.010460284656703164,0.009876543209876631,-0.41166789528724,-0.47216382685722463,-0.2400000000000002,0.9427522436769106,-0.09362279511533245,-0.2400000000000002
2019-04-03,105.35,86.06,11499200.0,2.52,13.74,0,0,0,0,0,0.3306451612903225,0.0019792758179066894,0.012884111916983658,0.013765148914556807,0.010461435474795786,0.015696919627050665,0.11692600578899315,-0.469343552399384,-0.16999999999999993,0.9375849877617624,-0.12706480304955525,-0.16999999999999993
2019-04-04,105.56,86.89,11952100.0,2.51,13.58,0,0,0,0,0,0.3306451612903225,0.009644434115733125,0.012908062204797179,0.013760790871617854,0.01051737278658039,0.032929148834997646,0.039385348545985854,-0.4700877151932527,-0.13000000000000034,0.9397606744628774,-0.18143459915611815,-0.13000000000000034
2019-04-05,105.31,86.69,9933700.0,2.5,12.82,0,0,0,0,0,0.3306451612903225,-0.002301760847048029,0.014138002665459098,0.013787378140316145,0.010520248396773487,0.030184194890077176,-0.16887408907221324,-0.46880076117045183,-0.1200000000000001,0.9500951862931738,-0.20124610591900316,-0.1200000000000001
2019-04-08,105.65,86.97,8056300.0,2.52,13.18,0,0,0,0,0,0.3306451612903225,0.003229899642404055,0.004343852517290162,0.013534286483811987,0.010523209540948193,0.02029563585171279,-0.18899302374744553,-0.4939021058780744,-0.1200000000000001,0.945199891215665,-0.08025122121423589,-0.1200000000000001
2019-04-09,104.87,86.33,9092200.0,2.51,14.28,0,0,0,0,0,0.3306451612903225,-0.007358859376796589,0.006352605381222109,0.0136393414141725,0.010552808601003527,0.015766560771855564,0.12858259995283206,-0.5022562773814542,-0.10000000000000009,0.930242045145499,0.03703703703703698,-0.10000000000000009
2019-04-10,105.34,86.71,10882300.0,2.48,13.3,0,0,0,0,0,0.3306451612903225,0.004401714351905506,0.006532120947574827,0.013650835060664146,0.010492037001827624,0.016768292682926678,0.19688304260794975,-0.503649819420048,-0.1299999999999999,0.9435681261898287,-0.00820283370618935,-0.1299999999999999
2019-04-11,106.23,87.44,11183800.0,2.51,13.02,0,0,0,0,0,0.3306451612903225,0.008418867489332404,0.006163795901862938,0.013632427198220996,0.010504850357637758,0.01615339918651948,0.02770554018911442,-0.5086599002105162,-0.1200000000000001,0.94737557791678,-0.03555555555555556,-0.1200000000000001
2019-04-12,111.21,91.54,25834100.0,2.56,12.01,0,0,1,0,0,0.3306451612903225,0.046889295516926,0.02083024144939097,0.016970069208955,0.01203698045775604,0.051700367647058876,1.3099572596076468,-0.5980120825542936,-0.029999999999999805,0.9611096002175686,-0.06754658385093171,-0.029999999999999805
2019-04-15,109.94,90.5,15163800.0,2.55,12.32,0,0,0,0,0,0.3306451612903225,-0.011361153594057316,0.023108728215381853,0.01723251726623068,0.012146318137590841,0.033576975788031094,-0.41303161325534854,-0.5035597751027215,-0.050000000000000266,0.9568942072341583,-0.05954198473282435,-0.050000000000000266
2019-04-16,111.1,91.45,11583200.0,2.6,12.18,0,0,0,0,0,0.3306451612903225,0.010497237569060847,0.021421699440266534,0.017289664475841675,0.012050193416557109,0.04813753581661895,-0.23612814729817067,-0.515678409910696,-0.009999999999999787,0.958797933097634,-0.10176991150442483,-0.009999999999999787
2019-04-17,114.3,94.09,17791900.0,2.59,12.6,0,0,0,0,0,0.3306451612903225,0.02886823400765448,0.022101652700989387,0.01728446391284858,0.012357724683541082,0.10201452330756622,0.5360090475861592,-0.5648614355340197,0.04999999999999982,0.953086755507207,-0.09417685118619701,0.04999999999999982
2019-04-18,113.46,93.4,12501900.0,2.57,12.09,0,0,0,0,0,0.3306451612903225,-0.007333404187480075,0.024556828056984836,0.01685307964397268,0.012402904449359415,0.11137553545930512,-0.29732631141137256,-0.5094444876980198,0.029999999999999805,0.9600217568670112,-0.11298606016140866,0.029999999999999805
2019-04-22,113.6,93.51,7975900.0,2.59,12.42,0,0,0,0,0,0.3306451612903225,0.001177730192719384,0.016064992677025873,0.014679488890486078,0.012402120557007408,0.14736196319018413,-0.3620249722042249,-0.30816395945971503,0.1499999999999999,0.9555344030459614,-0.24635922330097093,0.1499999999999999
2019-04-23,113.74,93.63,9193100.0,2.57,12.28,0,0,0,0,0,0.3306451612903225,0.0012832852101378744,0.013806022829873232,0.01430298625407795,0.012388615110139563,0.15850037119524885,0.15260973683220702,-0.17373843089888225,0.13999999999999968,0.957438128909437,-0.24800979791794242,0.13999999999999968
2019-04-24,113.55,93.47,9245700.0,2.53,13.14,0,0,0,0,0,0.3306451612903225,-0.001708853999786375,0.0140869248549021,0.014433138367853218,0.012390614982853192,0.14504471395320362,0.005721682566272479,-0.2019511973297817,0.11999999999999966,0.9457438128909437,-0.1049046321525885,0.11999999999999966
2019-04-25,113.61,93.52,9311800.0,2.54,13.25,0,0,0,0,0,0.3306451612903225,0.0005349309939017832,0.0036299945668543695,0.014310601543772342,0.012390571101682091,0.14960049170252,0.007149269390094748,-0.13828659804248003,0.1499999999999999,0.9442480282839271,-0.1254125412541255,0.1499999999999999
2019-04-26,114.47,94.23,7889300.0,2.51,12.73,0,0,0,0,0,0.3306451612903225,0.007591958939264343,0.003468087819944651,0.014277026113411835,0.012414148611064029,0.14537498480612632,-0.15276316072080587,-0.19194110654892457,0.11999999999999966,0.951319010062551,-0.11781011781011774,0.11999999999999966
2019-04-29,116.12,95.59,14242200.0,2.54,13.11,0,0,0,0,0,0.3306451612903225,0.014432770879762247,0.0065729039236011606,0.014368197554255613,0.012444019479785521,0.15586457073760585,0.8052552190942162,-0.18252305023577703,0.1299999999999999,0.9461517541474028,-0.043763676148796615,0.1299999999999999
2019-04-30,116.05,95.53,11389100.0,2.51,13.12,0,0,0,0,0,0.3306451612903225,-0.0006276807197406198,0.0068510595211985935,0.013055779349577362,0.012447339698037903,0.11757136172204019,-0.20032719664096843,-0.29745278547291853,0.019999999999999574,0.9460157737285831,-0.020895522388059806,0.019999999999999574
2019-05-01,115.16,94.8,10412900.0,2.52,14.8,0,0,0,0,0,0.3306451612903225,-0.00764157856170844,0.008428722586874313,0.013390656633636224,0.012508240608087145,0.10373733845616484,-0.08571353311499597,-0.36686254385849276,0.040000000000000036,0.9231710633668752,0.10778443113772473,0.040000000000000036
2019-05-02,115.41,95.0,8613300.0,2.55,14.42,0,0,0,0,0,0.3306451612903225,0.0021097046413502962,0.008349259230404917,0.013389123943897714,0.012481655839815309,0.10388101324657217,-0.17282409319209824,-0.35261153375366106,0.029999999999999805,0.9283383192820234,0.04949053857350805,0.029999999999999805
2019-05-03,116.12,95.59,8185400.0,2.54,12.87,0,0,0,0,0,0.3306451612903225,0.006210526315789444,0.008187770031863533,0.01334889235301055,0.01248928515996208,0.10012659684658765,-0.049678984825792694,-0.37290906284370806,0.03000000000000025,0.9494152841990754,-0.052282768777614175,0.03000000000000025
2019-05-06,115.09,94.74,9387000.0,2.51,15.44,0,0,0,0,0,0.3306451612903225,-0.008892143529657948,0.006427405180072784,0.013613845452387764,0.01241422086224373,0.09285961471911408,0.14679795733867618,-0.4384880216372205,0.009999999999999787,0.914468316562415,0.20436817472698898,0.009999999999999787
2019-05-07,113.21,93.19,15017700.0,2.45,19.32,0,0,0,0,0,0.3306451612903225,-0.016360565758919088,0.009046776881492814,0.014395129073101195,0.012545522192152601,0.071518914568242,0.5998402045381912,-0.5022165996469812,-0.06999999999999984,0.8617079140603753,0.465857359635812,-0.06999999999999984
2019-05-08,112.61,92.7,9575800.0,2.49,19.4,0,0,0,0,0,0.3306451612903225,-0.005258074900740373,0.00892920825729493,0.014318750407808329,0.012550723933417194,0.07378663268852081,-0.3623657417580588,-0.47092940195721866,-0.019999999999999574,0.8606200707098178,0.35854341736694684,-0.019999999999999574
2019-05-09,112.52,92.62,12205900.0,2.45,19.1,0,0,0,0,0,0.3306451612903225,-0.0008629989212513012,0.00847146955844945,0.014352781573546068,0.012398510232204932,0.0681582285780189,0.2746611249190669,-0.4434423907191781,-0.029999999999999805,0.8646994832744085,0.43609022556390986,-0.029999999999999805
2019-05-10,112.51,92.61,13189000.0,2.47,16.04,0,0,0,0,0,0.3306451612903225,-0.00010796804145973837,0.006650600974388675,0.014322412856416084,0.012394289281394582,0.05912625800548943,0.08054301608238634,-0.4405613928923028,-0.03999999999999959,0.9063094914332336,0.23195084485407058,-0.03999999999999959
2019-05-13,109.45,90.1,13783700.0,2.4,20.55,0,0,0,0,0,0.3306451612903225,-0.027102904653925064,0.011584150521980079,0.01169691078174291,0.012898957792623138,-0.015730828053310164,0.045090605807870165,-0.5856285337639565,-0.16000000000000014,0.8449823225455534,0.7110741049125728,-0.16000000000000014
2019-05-14,110.32,90.81,10503600.0,2.42,18.06,0,0,0,0,0,0.3306451612903225,0.007880133185349747,0.013186249990224575,0.011566839953384202,0.012346513277704797,0.003425414364640833,-0.23796948569687382,-0.5801965637638374,-0.1299999999999999,0.8788414468316562,0.46590909090909083,-0.1299999999999999
2019-05-15,109.9,90.47,10142000.0,2.37,16.44,0,0,0,0,0,0.3306451612903225,-0.0037440810483427844,0.013198813076782305,0.011337894060656082,0.012347455588823292,-0.010716238381629384,-0.034426291938002174,-0.5628950592174328,-0.22999999999999998,0.900870274680446,0.3497536945812809,-0.22999999999999998
2019-05-16,111.31,91.63,9672700.0,2.4,15.29,0,0,0,0,0,0.3306451612903225,0.01282192992152087,0.015444022090466445,0.009584076592430248,0.012432696081982468,-0.026145180146668112,-0.04627292447249065,-0.5260144912098749,-0.18999999999999995,0.9165080228447103,0.2134920634920634,-0.18999999999999995
2019-05-17,110.77,91.18,9570100.0,2.39,15.96,0,0,0,0,0,0.3306451612903225,-0.0049110553312232685,0.01544236008280887,0.00951863206786583,0.012450181894395718,-0.023768736616702313,-0.010607172764584893,-0.5944971202078873,-0.17999999999999972,0.9073973347837911,0.3200992555831266,-0.17999999999999972
2019-05-20,111.35,91.66,8518200.0,2.41,16.31,0,0,0,0,0,0.3306451612903225,0.005264312349199329,0.0076225353087292485,0.009614803083904522,0.012441306371922353,-0.01978398032296025,-0.10991525689386739,-0.5829326206457774,-0.17999999999999972,0.902638020125102,0.3132045088566826,-0.17999999999999972
2019-05-21,111.73,91.97,7967900.0,2.43,14.95,0,0,0,0,0,0.3306451612903225,0.003382064150120101,0.0072258973733271906,0.009651893310777215,0.012386348559761963,-0.01772936024778382,-0.0646028503674485,-0.597888432651359,-0.13999999999999968,0.9211313570845798,0.21742671009771986,-0.13999999999999968
2019-05-22,110.82,91.22,7918900.0,2.39,14.75,0,0,0,0,0,0.3306451612903225,-0.008154833097749226,0.008367390140215805,0.009788752917065536,0.01239295338414478,-0.024071894725580356,-0.006149675573237645,-0.5930891704172639,-0.13999999999999968,0.9238509654609737,0.12252663622526638,-0.13999999999999968
2019-05-23,108.64,89.43,14558000.0,2.31,16.92,0,0,0,0,0,0.3306451612903225,-0.01962288971716719,0.009990263950550107,0.010607315709613718,0.012674901464235689,-0.043733960650128245,0.8383866446097312,-0.5898726205279995,-0.22999999999999998,0.8943432145771009,0.2769811320754718,-0.22999999999999998
2019-05-24,109.71,90.31,8537300.0,2.32,15.85,0,0,0,0,0,0.3306451612903225,0.009840098400983877,0.011940189750466674,0.01072754735438737,0.012679230865557568,-0.04160033959460896,-0.41356642395933507,-0.5506771067225998,-0.18999999999999995,0.9088931193908077,0.24509033778476041,-0.18999999999999995
2019-05-28,108.52,89.33,11665500.0,2.26,17.5,0,0,0,0,0,0.3306451612903225,-0.010851511460524876,0.011709786936763668,0.010155300388191834,0.012771844952302444,-0.06548802175959834,0.366415611493095,-0.5023136821603837,-0.28000000000000025,0.8864563502855589,0.3348588863463007,-0.28000000000000025
2019-05-29,108.22,89.08,9966400.0,2.25,17.9,0,0,0,0,0,0.3306451612903225,-0.0027986118885032774,0.010890557928526745,0.01013646409425948,0.012773903394343901,-0.06751805715482051,-0.1456517080279457,-0.5070510522899556,-0.2599999999999998,0.8810171335327713,0.36432926829268286,-0.2599999999999998
2019-05-30,107.06,88.13,10367800.0,2.22,17.3,0,0,0,0,0,0.3306451612903225,-0.010664571171980275,0.011053033939514761,0.010224568679433839,0.012858747946852456,-0.0703586497890295,0.040275325092310243,-0.5458338924681512,-0.2999999999999998,0.8891759586619526,0.16891891891891886,-0.2999999999999998
2019-05-31,105.96,87.22,10952800.0,2.14,18.71,0,0,0,0,0,0.3306451612903225,-0.010325655281969826,0.00894087254390336,0.010237741450169946,0.012924872293145331,-0.08189473684210524,0.05642469955053153,-0.5475293110806191,-0.4099999999999997,0.8700027196083764,0.2975034674063801,-0.4099999999999997
2019-06-03,106.46,87.63,11680700.0,2.07,18.86,0,0,0,0,0,0.3306451612903225,0.004700756707177289,0.006869516566621062,0.010162125292308857,0.012894985390809473,-0.08327230881891423,0.0664578920458696,-0.43762787794098085,-0.4700000000000002,0.8679630133260811,0.46542346542346547,-0.4700000000000002
2019-06-04,109.74,90.33,12858600.0,2.12,16.97,0,0,0,0,0,0.3306451612903225,0.030811365970558002,0.01711822691794725,0.012761145727926429,0.013465492048306747,-0.04654844838505379,0.10084155915313286,-0.410928225356169,-0.3899999999999997,0.8936633124830025,0.09909326424870457,-0.3899999999999997
2019-06-05,110.13,90.65,8340500.0,2.12,16.09,0,0,0,0,0,0.3306451612903225,0.0035425661463523994,0.016875088419271284,0.012377502496949803,0.013381654306974142,-0.027256143363021734,-0.35136795607608917,-0.37193644403948906,-0.33000000000000007,0.9056295893391352,-0.167184265010352,-0.33000000000000007
2019-06-06,110.37,90.85,8726700.0,2.12,15.93,0,0,0,0,0,0.3306451612903225,0.0022062879205735353,0.015033921661392476,0.012364660007814696,0.013371758473326988,-0.019956850053937547,0.04630417840657031,-0.3731318324531271,-0.3700000000000001,0.9078052760402502,-0.17886597938144322,-0.3700000000000001
2019-06-07,109.16,89.86,10618900.0,2.09,16.3,0,0,0,0,0,0.3306451612903225,-0.010897083104017602,0.015192169699003543,0.012563559964916827,0.01345894110204768,-0.029799179442884904,0.21682881272416843,-0.3724135091131331,-0.3600000000000003,0.9027740005439217,-0.1465968586387435,-0.3600000000000003
2019-06-10,110.34,90.83,11380600.0,2.15,15.94,0,0,0,0,0,0.3306451612903225,0.01079456933006906,0.015298643994316121,0.012857335267735465,0.013478794874614385,-0.019220386567325387,0.07173059356430511,-0.390972066899345,-0.3200000000000003,0.9076692956214305,-0.006234413965087282,-0.3200000000000003
2019-06-11,110.68,91.11,9847700.0,2.15,15.99,0,0,0,0,0,0.3306451612903225,0.0030826819332818722,0.007857327640231152,0.011295331036670275,0.013411121550685792,0.011209766925638132,-0.13469412860481877,-0.14848506279373125,-0.25,0.9069893935273321,-0.22189781021897814,-0.25
2019-06-12,109.27,89.95,9670500.0,2.13,15.91,0,0,0,0,0,0.3306451612903225,-0.012731862583689968,0.010004417455257996,0.011535610374393074,0.013507061514578436,-0.009470322651690344,-0.017994049371934606,-0.16576976374527083,-0.29000000000000004,0.9080772368778895,-0.11904761904761896,-0.29000000000000004
2019-06-13,109.54,90.17,8406900.0,2.1,15.82,0,0,0,0,0,0.3306451612903225,0.002445803224013332,0.010027202303155458,0.011524559535193832,0.01349853130711862,-0.003316016359014018,-0.1306654257794323,-0.17219596168145615,-0.27,0.9093010606472668,-0.03771289537712896,-0.27
2019-06-14,109.82,90.4,9077400.0,2.09,15.28,0,0,0,0,0,0.3306451612903225,0.0025507374958413376,0.008559636902447636,0.011140730927033611,0.013185365443359305,-0.013423551238677223,0.07975591478428434,-0.12759777037696773,-0.31000000000000005,0.91664400326353,-0.0006540222367560355,-0.31000000000000005
2019-06-17,109.22,89.91,8128600.0,2.09,15.35,0,0,0,0,0,0.3306451612903225,-0.005420353982301007,0.006949436379210883,0.011151639758268765,0.013030187097000085,-0.013928493090590188,-0.10452332165598077,-0.11194525350934952,-0.30000000000000027,0.9156921403317922,-0.038220551378446155,-0.30000000000000027
2019-06-18,110.71,91.13,11057300.0,2.06,15.15,0,0,0,0,0,0.3306451612903225,0.013569124680235856,0.009849565141756245,0.011531308526015327,0.012453422670988498,-0.00578223870826966,0.3602957458849003,-0.17069678175814781,-0.3500000000000001,0.918411748708186,-0.071122011036174,-0.3500000000000001
2019-06-19,109.91,90.47,13126500.0,2.03,14.33,0,0,0,0,0,0.3306451612903225,-0.007242400965653428,0.008238220354703863,0.011600806676378575,0.012438815782697116,-0.016309666195498562,0.18713429137312,-0.09258571527179228,-0.40000000000000036,0.9295621430514006,-0.04147157190635442,-0.40000000000000036
2019-06-20,110.19,90.7,13638000.0,2.01,14.75,0,0,0,0,0,0.3306451612903225,0.0025422792085774137,0.008242036633202594,0.011487886233542442,0.01239401538818792,-0.00570050427537816,0.038966975202833876,-0.15699858511693038,-0.38000000000000034,0.9238509654609737,0.0,-0.38000000000000034
2019-06-21,109.44,90.09,27089500.0,2.07,15.4,0,0,1,0,0,0.3306451612903225,-0.0067254685777288215,0.008881178911135589,0.010674809146815348,0.012424993277978538,0.007380073800737907,0.9863249743364129,-0.09477405456223414,-0.2400000000000002,0.9150122382376937,-0.08983451536643028,-0.2400000000000002
2019-06-24,108.66,89.44,13039600.0,2.02,15.26,0,0,0,0,0,0.3306451612903225,-0.00721500721500723,0.009153974399116263,0.010563441780748403,0.012414273450591802,-0.009633484663935432,-0.5186474464275826,-0.050385210679934116,-0.2999999999999998,0.9169159641011695,-0.037223974763406886,-0.2999999999999998
2019-06-25,107.76,88.7,18660100.0,2.0,16.28,0,0,0,0,0,0.3306451612903225,-0.008273703041144831,0.0044660401581619324,0.01044466637438107,0.01246723855875659,-0.00705250195902829,0.4310331605263966,0.0011642616402296776,-0.2599999999999998,0.903045961381561,-0.06971428571428562,-0.2599999999999998
2019-06-26,108.48,89.3,10324600.0,2.05,16.21,0,0,0,0,0,0.3306451612903225,0.006764374295377573,0.006794143063504553,0.010542810643556265,0.011746631268414616,0.002469690166142735,-0.4467017861640613,0.02443091848725309,-0.20000000000000018,0.9039978243132989,-0.09441340782122898,-0.20000000000000018
2019-06-27,108.84,89.59,10906600.0,2.01,15.82,0,0,0,0,0,0.3306451612903225,0.0032474804031354942,0.006933000152017018,0.010244671920353226,0.011739390503147113,0.016566435946896663,0.05637022257520874,0.08710659741106391,-0.2100000000000004,0.9093010606472668,-0.08554913294797695,-0.2100000000000004
2019-06-28,111.8,92.03,21634700.0,2.0,15.08,0,0,0,0,0,0.3306451612903225,0.027235182498046573,0.014351686200192115,0.011455296564643874,0.012226173832497937,0.05514790185737217,0.9836337630425613,0.153011177749988,-0.14000000000000012,0.9193636116399239,-0.19401389631213262,-0.14000000000000012
2019-07-01,113.68,93.58,12724500.0,2.03,14.06,0,0,0,0,0,0.3306451612903225,0.016842334021514693,0.013512599134550645,0.011878076848404352,0.012345256969666485,0.06789912130548892,-0.41184763366258836,0.01980657258961471,-0.040000000000000036,0.9332336143595322,-0.2545068928950158,-0.040000000000000036
2019-07-02,113.8,93.68,10174900.0,1.98,12.93,0,0,0,0,0,0.3306451612903225,0.0010686044026502195,0.010890175963052237,0.00996814780162959,0.012336203243876024,0.037086239344625405,-0.2003693661833471,-0.21266791867465962,-0.14000000000000012,0.9485994016861572,-0.23806717737183258,-0.14000000000000012
2019-07-03,112.82,93.53,6849400.0,1.96,12.57,0,0,0,0,0,0.3306451612903225,-0.0016011955593510097,0.01226545356965703,0.00998903905093108,0.012339606421507639,0.031770546056260285,-0.32683367895507576,-0.1346946907243899,-0.16000000000000014,0.953494696763666,-0.21876942200124294,-0.16000000000000014
2019-07-05,113.49,94.08,7929400.0,2.04,13.28,0,0,0,0,0,0.3306451612903225,0.005880466160590236,0.011990945963511294,0.010034225357400157,0.012300694724607576,0.03555310952118873,0.15767804479224456,-0.16418023698347953,-0.08000000000000007,0.943840087027468,-0.1663527934714376,-0.08000000000000007
2019-07-08,112.87,93.57,6917200.0,2.05,13.96,0,0,0,0,0,0.3306451612903225,-0.0054209183673470385,0.008589155579236644,0.009740041898014641,0.0123268601416448,0.04128644558201633,-0.12765152470552632,-0.05265433551994073,-0.040000000000000036,0.9345934185477291,-0.1435582822085889,-0.040000000000000036
2019-07-09,113.35,93.97,8947300.0,2.07,14.09,0,0,0,0,0,0.3306451612903225,0.004274874425563846,0.004539147918370265,0.009539704303987385,0.012298123008955547,0.03457007596609052,0.2934858035043082,-0.10957568897002215,-0.08000000000000007,0.9328256731030732,-0.11606022584692599,-0.08000000000000007
2019-07-10,113.02,93.69,9242300.0,2.07,13.03,0,0,0,0,0,0.3306451612903225,-0.002979674364158802,0.004839379103765796,0.009591093466983879,0.010750917204366077,0.02831741850510361,0.032970840365249776,-0.0745501021347042,-0.08000000000000007,0.9472395974979603,-0.18511569731081934,-0.08000000000000007
2019-07-11,114.1,94.59,11595200.0,2.13,12.93,0,0,0,0,0,0.3306451612903225,0.009606147934678289,0.006276610080246132,0.009144061929512816,0.010701357295961854,0.05158421345191777,0.25457948778983597,-0.04949856567328029,0.0,0.9485994016861572,-0.18730358265241986,0.0
2019-07-12,115.3,95.58,10783400.0,2.12,12.39,0,0,0,0,0,0.3306451612903225,0.010466222645099776,0.007202432184120187,0.009313215334608892,0.010700881341580962,0.059997781967394914,-0.0700117289913067,-0.11900121281487698,0.020000000000000018,0.9559423443024204,-0.2168141592920354,0.020000000000000018
2019-07-15,113.9,94.42,12946600.0,2.09,12.68,0,0,0,0,0,0.3306451612903225,-0.01213643021552624,0.00947659027466087,0.009907167282756401,0.010173839486650715,0.04446902654867246,0.20060463304709097,-0.005579562406649191,0.0,0.9519989121566494,-0.17015706806282715,0.0
2019-07-16,115.12,95.43,16945000.0,2.13,12.86,0,0,0,0,0,0.3306451612903225,0.010696886252912652,0.010288469671300534,0.009908129478959379,0.01021647443855504,0.0613947280613949,0.3088378415954769,-0.01302628511271591,0.040000000000000036,0.9495512646178951,-0.16221498371335508,0.040000000000000036
2019-07-17,113.99,94.5,13120900.0,2.06,13.97,0,0,0,0,0,0.3306451612903225,-0.009745363093366932,0.011648078261327122,0.00997419337669794,0.010299539320437265,0.03698013826401847,-0.2256771909117734,-0.05321331466508457,0.0,0.9344574381289095,-0.07788778877887792,0.0
2019-07-18,114.67,95.06,9397200.0,2.04,13.53,0,0,0,0,0,0.3306451612903225,0.00592592592592589,0.01113467284434984,0.009774032249202863,0.0103250127967183,0.05073505029291492,-0.2837991296328758,-0.05245327501076424,0.010000000000000231,0.9404405765569758,-0.05582693649685977,0.010000000000000231
2019-07-19,113.54,94.12,10402800.0,2.05,14.45,0,0,0,0,0,0.3306451612903225,-0.009888491479065786,0.01053207116653647,0.010160326062750023,0.01040573780869975,0.03770672546857767,0.10701059890180065,-0.07184373686677949,0.040000000000000036,0.9279303780255643,-0.02033898305084747,0.040000000000000036
2019-07-22,114.27,94.73,9061100.0,2.05,13.53,0,0,0,0,0,0.3306451612903225,0.006481087972800781,0.009771010658924396,0.009998025883204984,0.010437551994183301,0.05150405150405146,-0.12897489137539897,-0.029251979719693642,-0.020000000000000018,0.9404405765569758,-0.12142857142857144,-0.020000000000000018
2019-07-23,116.36,96.46,12752200.0,2.08,12.61,0,0,0,0,0,0.3306451612903225,0.01826243006439343,0.01203157273760116,0.010305177745143997,0.010653140001895033,0.07848837209302317,0.4073567226937127,-0.04852213543055027,0.06000000000000005,0.9529507750883873,-0.1736566186107471,0.06000000000000005
2019-07-24,116.83,96.85,10011000.0,2.05,12.07,0,0,0,0,0,0.3306451612903225,0.0040431266846361336,0.010018977081674763,0.009903659091695017,0.010505346359725507,0.09188275084554665,-0.2149589874688289,0.09749109520915748,0.04999999999999982,0.9602937177046506,-0.25859950859950864,0.04999999999999982
2019-07-25,115.71,95.92,10138400.0,2.08,12.74,0,0,0,0,0,0.3306451612903225,-0.009602478058853836,0.011880400453408891,0.010367780766511013,0.010581993620008777,0.07413213885778291,0.012726001398461584,0.12689414036834723,0.03000000000000025,0.9511830296437312,-0.21406539173349792,0.03000000000000025
2019-07-26,116.22,96.35,12800400.0,2.08,12.16,0,0,0,0,0,0.3306451612903225,0.0044829024186821,0.00990133442697317,0.010369044378176703,0.010546917554165711,0.07545484987163742,0.26256608537836335,0.149570381034539,0.07000000000000028,0.9590698939352733,-0.23135271807838176,0.07000000000000028
2019-07-29,115.85,96.04,8500400.0,2.06,12.83,0,0,0,0,0,0.3306451612903225,-0.003217436429683307,0.010410272250274102,0.00885578185446281,0.010554058174106467,0.04357274801695099,-0.33592700228117867,-0.1704156901911584,0.06000000000000005,0.9499592058743541,-0.1492042440318302,0.06000000000000005
2019-07-30,115.59,95.82,7121100.0,2.06,13.94,0,0,0,0,0,0.3306451612903225,-0.0022907122032488347,0.005821914351202874,0.008196482324324761,0.010529528636155045,0.023936738619362963,-0.162262952331655,-0.3490070879820405,0.03000000000000025,0.9348653793853685,-0.008534850640113834,0.03000000000000025
2019-07-31,116.0,96.16,13648000.0,2.02,16.12,0,0,0,0,0,0.3306451612903225,0.0035483197662284915,0.005711178470166567,0.008212885081106276,0.010471898346676799,0.026473099914602782,0.9165578351659154,-0.20542668074353582,0.040000000000000036,0.905221648082676,0.24671307037896373,0.040000000000000036
2019-08-01,112.94,93.63,15664500.0,1.9,17.87,0,0,0,0,0,0.3306451612903225,-0.026310316139767087,0.012523501908655862,0.010277479486999665,0.010813439983183027,0.0010691756655618612,0.1477505861664712,-0.5658450750970668,-0.06000000000000005,0.8814250747892303,0.4216388225934766,-0.06000000000000005
2019-08-02,112.93,93.62,11025500.0,1.86,17.61,0,0,0,0,0,0.3306451612903225,-0.00010680337498658599,0.011825647288702563,0.010187163131657746,0.010790312456894432,-0.004889455782312813,-0.29614733952567907,-0.471890936123359,-0.17999999999999994,0.8849605656785423,0.3260542168674698,-0.17999999999999994
2019-08-05,109.57,90.83,15855300.0,1.75,24.59,0,0,0,0,0,0.3306451612903225,-0.0298013245033113,0.015764376861138962,0.012120590337042419,0.011465256376920785,-0.029282889815111623,0.43805723096458205,-0.6774113203504654,-0.2999999999999998,0.7900462333423987,0.7614613180515759,-0.2999999999999998
2019-08-06,110.43,91.55,10203500.0,1.73,20.17,0,0,0,0,0,0.3306451612903225,0.007926896399867767,0.017715798432910573,0.012237758089746352,0.011513888695643416,-0.025752899861657963,-0.35646124639710386,-0.5390175288746534,-0.33999999999999986,0.8501495784607016,0.43151171043293135,-0.33999999999999986
2019-08-07,108.03,89.56,17320900.0,1.71,19.49,0,0,0,0,0,0.3306451612903225,-0.02173675587110868,0.016844084042353033,0.01306923405931801,0.011320003360949762,-0.04408154552246768,0.6975449600627235,-0.5974911159523346,-0.3599999999999999,0.8593962469404406,0.49577897160399065,-0.3599999999999999
2019-08-08,109.86,91.07,10903300.0,1.72,16.91,0,0,0,0,0,0.3306451612903225,0.01686020544886091,0.019770249299768002,0.01350658690975052,0.011484624440494157,-0.03721323607146643,-0.3705119248999763,-0.5098825728679682,-0.4099999999999999,0.8944791949959205,0.3078112915699922,-0.4099999999999999
2019-08-09,109.74,90.97,9980800.0,1.74,17.97,0,0,0,0,0,0.3306451612903225,-0.0010980564401009696,0.019709132974996258,0.013197510632277618,0.011474640247174971,-0.04823184766687594,-0.08460741243476744,-0.4767808390362648,-0.3800000000000001,0.8800652706010335,0.4503631961259078,-0.3800000000000001
2019-08-12,107.68,89.27,9393700.0,1.65,21.09,0,0,0,0,0,0.3306451612903225,-0.018687479388809547,0.016688342249106824,0.013529386918716194,0.011605461353279044,-0.05454352891336589,-0.058822940044886196,-0.5723700276111071,-0.43999999999999995,0.8376393799292902,0.663249211356467,-0.43999999999999995
2019-08-13,109.34,90.64,12124700.0,1.68,17.52,0,0,0,0,0,0.3306451612903225,0.015346701019379516,0.018202655364024104,0.013809011965999552,0.011764649687932428,-0.05019385937336274,0.2907267636820423,-0.49305650485131386,-0.44999999999999996,0.8861843894479196,0.3623639191290824,-0.44999999999999996
2019-08-14,104.8,86.88,19491800.0,1.59,22.1,0,0,0,0,0,0.3306451612903225,-0.04148278905560465,0.024607539259175668,0.016288730481017824,0.01290106379261244,-0.08063492063492073,0.6076109099606588,-0.6030246674085675,-0.47,0.8239053576285015,0.5819613457408734,-0.47
2019-08-15,105.2,87.21,13365600.0,1.52,21.18,0,0,0,0,0,0.3306451612903225,0.003798342541436517,0.02217162530144009,0.016226861604853877,0.01290346814902751,-0.08257942352198622,-0.3142962681743092,-0.5349381719756419,-0.52,0.8364155561599129,0.565410199556541,-0.52
2019-08-16,107.72,89.3,11830600.0,1.55,18.47,0,0,0,0,0,0.3306451612903225,0.023965141612200425,0.026627575162914766,0.01732770404120321,0.013254799074021177,-0.05121121971950704,-0.11484707009038131,-0.4841502992916344,-0.4999999999999998,0.873266249660049,0.27820069204152253,-0.4999999999999998
2019-08-19,108.69,90.1,8265400.0,1.6,16.88,0,0,0,0,0,0.3306451612903225,0.008958566629339249,0.02550951701405828,0.017403833122715408,0.01305956439030527,-0.04887575213765449,-0.30135411559853265,-0.46998843258617456,-0.44999999999999973,0.8948871362523797,0.24759793052475976,-0.44999999999999973
2019-08-20,107.31,88.96,8374000.0,1.55,17.5,0,0,0,0,0,0.3306451612903225,-0.01265260821309655,0.02494632583100539,0.016839836411554943,0.013101166990164765,-0.07775243624300232,0.013139110024923184,-0.4190905233953299,-0.53,0.8864563502855589,0.387787470261697,-0.53
2019-08-21,107.61,89.21,8189300.0,1.59,15.8,0,0,0,0,0,0.3306451612903225,0.002810251798561092,0.013157637995708947,0.016811451239601403,0.013030842679340385,-0.07888487351574602,-0.02205636493909724,-0.41638077052699096,-0.45999999999999974,0.9095730214849062,0.3090306545153272,-0.45999999999999974
2019-08-22,108.72,90.13,9343400.0,1.62,16.68,0,0,0,0,0,0.3306451612903225,0.010312745207936347,0.013284290615973575,0.017048065116324722,0.01309186161985058,-0.060362802335279464,0.1409277960265225,-0.483359029825719,-0.45999999999999996,0.8976067446287734,0.30926216640502346,-0.45999999999999996
2019-08-23,106.02,87.89,14762300.0,1.52,19.87,0,0,0,0,0,0.3306451612903225,-0.024852990125374452,0.015204321658757963,0.01762542928726846,0.013417001792110318,-0.08780487804878045,0.5799708885416444,-0.5050046568645602,-0.56,0.8542289910252924,0.634046052631579,-0.56
2019-08-26,106.87,88.59,8209500.0,1.54,19.32,0,0,0,0,0,0.3306451612903225,0.007964501080896635,0.015012763869104266,0.017842120579310897,0.013385160559034796,-0.0775718450645565,-0.4438874701096712,-0.540213580417823,-0.52,0.8617079140603753,0.5058456742010913,-0.52
2019-08-27,105.74,87.66,14331800.0,1.49,20.31,0,0,0,0,0,0.3306451612903225,-0.010497798848628559,0.014704337045730393,0.01789802199816545,0.013445075344069704,-0.08515967438948024,0.7457579633351605,-0.5950039575888728,-0.5700000000000001,0.8482458525972261,0.45695839311334296,-0.5700000000000001
2019-08-28,106.8,88.54,10585500.0,1.47,19.35,0,0,0,0,0,0.3306451612903225,0.010038786219484397,0.01572053242644674,0.018105205942290394,0.01289700059268941,-0.07924292845257896,-0.2613977309200519,-0.5769988832749448,-0.55,0.8612999728039162,0.20037220843672454,-0.55
2019-08-29,109.22,90.54,10002200.0,1.5,17.88,0,0,0,0,0,0.3306451612903225,0.0225886604924328,0.01868715493832552,0.01822971749332749,0.013222250189951358,-0.03300224287087461,-0.05510367956166451,-0.6492915592381475,-0.3999999999999999,0.8812890943704107,0.0005595970900951208,-0.3999999999999999
2019-08-30,109.86,91.07,10170300.0,1.5,18.98,0,0,0,0,0,0.3306451612903225,0.005853766291141982,0.011837207520936161,0.018302568098533967,0.0132406283953376,-0.027237769707327608,0.016806302613425084,-0.6530424428141673,-0.3600000000000001,0.8663312483002448,0.07779670641680858,-0.3600000000000001
2019-09-03,108.56,90.0,9868800.0,1.47,19.66,0,0,0,0,0,0.3306451612903225,-0.011749203909080852,0.01449852620182133,0.017232691398147752,0.013253104468315572,-0.009137950016514296,-0.029645143211114666,-0.5885046277900511,-0.28,0.8570845798205058,-0.20048800325335503,-0.28
2019-09-04,109.87,91.08,6929200.0,1.47,17.33,0,0,0,0,0,0.3306451612903225,0.01200000000000001,0.012522993633714057,0.01735884690670983,0.013270473785283203,-0.005133806663025653,-0.297868028534371,-0.6350234421100243,-0.26,0.8887680174054936,-0.1408031730292515,-0.26
2019-09-05,112.37,93.15,13224700.0,1.57,16.27,0,0,0,0,0,0.3306451612903225,0.022727272727272707,0.014267738145589499,0.01729085636227502,0.013583137396350477,0.040084859312192966,0.9085464411476072,-0.6658316184186517,-0.1399999999999999,0.9031819418003808,-0.1652129297075423,-0.1399999999999999
2019-09-06,112.61,93.35,7836600.0,1.55,15.0,0,0,0,0,0,0.3306451612903225,0.0021470746108425143,0.012703450887481933,0.016939700288341502,0.013473588571969968,0.02503568683430335,-0.40742701157682215,-0.5931917400059704,-0.16999999999999993,0.9204514549904814,-0.11295091661738621,-0.16999999999999993
2019-09-09,115.4,95.67,13985100.0,1.63,15.27,0,0,0,0,0,0.3306451612903225,0.024852704874129605,0.01517631808821964,0.017716411726424967,0.013828418111766789,0.051665384192590924,0.78458770385116,-0.637470990423729,-0.1100000000000001,0.9167799836823497,-0.1502504173622704,-0.1100000000000001
2019-09-10,116.87,96.88,14333100.0,1.72,15.2,0,0,0,0,0,0.3306451612903225,0.012647642939270343,0.009171145112635273,0.017103000792524282,0.013907805846866014,0.08524700347261116,0.02488362614496853,-0.6028279170186491,0.07000000000000006,0.9177318466140876,-0.2792792792792793,0.07000000000000006
2019-09-11,117.19,97.15,9919200.0,1.75,14.61,0,0,0,0,0,0.3306451612903225,0.0027869529314616948,0.010692493826844804,0.01690309233897566,0.013881424202045996,0.0718225948808473,-0.30795152479226406,-0.5590445498357071,0.07000000000000006,0.9257546913244493,-0.16609589041095896,0.07000000000000006
2019-09-12,117.91,97.75,12283500.0,1.79,14.22,0,0,0,0,0,0.3306451612903225,0.006176016469377155,0.009427963569337219,0.01315525049457924,0.013804051891809246,0.1251151012891345,0.2383559157996613,-0.36767486380949627,0.19999999999999996,0.9310579276584172,-0.35656108597285074,0.19999999999999996
2019-09-13,120.23,99.67,16257200.0,1.9,13.74,0,0,0,0,0,0.3306451612903225,0.0196419437340154,0.009156349520891656,0.013488889739459732,0.013958731474344092,0.14287352367847728,0.32349900272723575,-0.43420331527180006,0.3799999999999999,0.9375849877617624,-0.35127478753541075,0.3799999999999999
2019-09-16,119.16,98.78,11993900.0,1.84,14.67,0,0,0,0,0,0.3306451612903225,-0.008929467241898248,0.010752419292124882,0.013287907313647842,0.014025567012287984,0.10615901455767074,-0.26224073026105355,-0.41476852963071603,0.29000000000000004,0.9249388088115311,-0.20573903627504053,0.29000000000000004
2019-09-17,118.57,98.29,10735400.0,1.81,14.44,0,0,0,0,0,0.3306451612903225,-0.004960518323547269,0.011099015139982252,0.013441075402766399,0.014009821656458567,0.09089900110987803,-0.10492833857210748,-0.35387263279318776,0.20999999999999996,0.928066358444384,-0.14454976303317535,0.20999999999999996
2019-09-18,119.76,99.28,10665600.0,1.8,13.95,0,0,0,0,0,0.3306451612903225,0.010072235222301273,0.011542739448859182,0.012867934992287592,0.014004271394845696,0.11600719424460437,-0.00650185368034728,-0.3562211291163261,0.25,0.9347293989665488,-0.20285714285714285,0.25
2019-09-19,119.38,98.96,9382600.0,1.79,14.05,0,0,0,0,0,0.3306451612903225,-0.0032232070910557242,0.01193974555939301,0.013006303198679873,0.01395756372957863,0.10929268019280358,-0.12029327932793277,-0.3077269225515196,0.19999999999999996,0.9333695947783519,-0.11075949367088611,0.19999999999999996
2019-09-20,118.9,98.57,21862800.0,1.74,15.32,0,0,0,0,0,0.3306451612903225,-0.00394098625707362,0.007204024375624423,0.01310614569830009,0.013963039169914933,0.09364251636525012,1.3301430307164326,-0.2869237040173154,0.11999999999999988,0.9161000815882513,-0.08153477218225413,0.11999999999999988
2019-09-23,118.88,98.55,9135100.0,1.72,14.91,0,0,0,0,0,0.3306451612903225,-0.00020290149132595747,0.006144121664770158,0.01121670863159477,0.01396384628562101,0.12128797360336785,-0.5821623945697715,-0.1133829595629234,0.19999999999999996,0.9216752787598586,-0.24962254655259186,0.19999999999999996
2019-09-24,117.33,97.27,11696500.0,1.64,17.05,0,0,0,0,0,0.3306451612903225,-0.01298833079655004,0.008290950848402968,0.011957882395012049,0.01367911996183853,0.0979794559205327,0.28039101925539955,-0.16329514744525,0.09999999999999987,0.8925754691324449,-0.11749482401656308,0.09999999999999987
2019-09-25,118.0,97.82,9389400.0,1.73,15.96,0,0,0,0,0,0.3306451612903225,0.005654364141050694,0.006771372359979559,0.01140646242471351,0.013535222900187995,0.11590234998859228,-0.1972470397127346,-0.026848904933902223,0.24,0.9073973347837911,-0.2141802067946823,0.24
2019-09-26,117.03,97.02,9899200.0,1.7,16.07,0,0,0,0,0,0.3306451612903225,-0.008178286648947042,0.007173784020799387,0.011752077345011724,0.013585004975256844,0.09577592048791495,0.05429526913327787,-0.08470626407579278,0.22999999999999998,0.9059015501767745,-0.16950904392764865,0.22999999999999998
2019-09-27,117.72,97.59,10207800.0,1.69,17.22,0,0,0,0,0,0.3306451612903225,0.00587507730364889,0.008407514801672815,0.01097799866270536,0.013598051495511429,0.0778661365142479,0.031174236301923397,-0.2018773682728729,0.18999999999999995,0.8902638020125102,-0.03691275167785235,0.18999999999999995
2019-09-30,117.69,97.56,9755000.0,1.68,16.24,0,0,0,0,0,0.3306451612903225,-0.00030740854595756595,0.008402157821194243,0.011004135581981597,0.01358232204509921,0.07126386296255638,-0.04435823585885301,-0.2591264036235752,0.17999999999999994,0.9035898830568398,-0.14436248682824038,0.17999999999999994
2019-10-01,115.55,95.79,11250300.0,1.65,18.56,0,0,0,0,0,0.3306451612903225,-0.01814268142681419,0.010210638573919201,0.011549930890391398,0.013777339411632004,0.06433333333333335,0.15328549461814456,-0.28490331205829605,0.17999999999999994,0.8720424258906717,-0.055951169888097785,0.17999999999999994
2019-10-02,113.25,93.88,12548700.0,1.6,20.56,0,0,0,0,0,0.3306451612903225,-0.01993945088213811,0.011147354090938859,0.012440745219626438,0.014016998829074812,0.03074220465524813,0.11541025572651398,-0.5252646367365581,0.13000000000000012,0.8448463421267338,0.18638199653779575,0.13000000000000012
2019-10-03,112.19,93.75,12735200.0,1.54,19.12,0,0,0,0,0,0.3306451612903225,-0.0013847464848742996,0.011548115201047036,0.01141003479999135,0.014012607475286652,0.006441223832528209,0.014862097269039864,-0.5702464439574598,-0.030000000000000027,0.864427522436769,0.1751690227412417,-0.030000000000000027
2019-10-04,114.62,95.78,9453100.0,1.52,17.04,0,0,0,0,0,0.3306451612903225,0.021653333333333302,0.016822185227410472,0.01236269250348944,0.014235555310410986,0.02603106588109272,-0.2577187637414411,-0.46505725644678503,-0.030000000000000027,0.8927114495512646,0.1359999999999999,-0.030000000000000027
2019-10-07,114.37,95.57,6771600.0,1.56,17.86,0,0,0,0,0,0.3306451612903225,-0.0021925245353936473,0.016750235480509818,0.011068985072882434,0.014176141675853349,-0.001045259747047278,-0.28366356010197713,-0.4787741373764934,-0.06999999999999984,0.8815610552080501,0.16961362148002612,-0.06999999999999984
2019-10-08,111.82,93.44,10806300.0,1.54,20.28,0,0,0,0,0,0.3306451612903225,-0.02228732865962113,0.017700613145038367,0.01170711580999595,0.014383672192826482,-0.035507844756399676,0.5958266879319511,-0.5674307421911491,-0.17999999999999994,0.848653793853685,0.3342105263157895,-0.17999999999999994
2019-10-09,112.63,94.12,7273700.0,1.59,18.64,0,0,0,0,0,0.3306451612903225,0.007277397260273988,0.01599528703259119,0.011840818432595523,0.014347009259967096,-0.031188883170355175,-0.3269018998176989,-0.4970023125125791,-0.15999999999999992,0.8709545825401142,0.2758384668035594,-0.15999999999999992
2019-10-10,114.21,95.44,10994100.0,1.67,17.57,0,0,0,0,0,0.3306451612903225,0.014024649383765242,0.016968951870320267,0.012232753960156353,0.014405025543622545,-0.023631713554987277,0.5114865886687656,-0.4262683508544526,-0.1200000000000001,0.885504487353821,0.23558368495077353,-0.1200000000000001
2019-10-11,116.14,97.05,15076500.0,1.76,15.58,0,0,0,0,0,0.3306451612903225,0.016869237217099764,0.015797654836963854,0.011998493793732239,0.014546468000704622,-0.026286746262666805,0.37132643872622584,-0.36425278247271925,-0.1399999999999999,0.9125645906989394,0.13391557496360984,-0.1399999999999999
2019-10-14,116.45,97.31,8779000.0,1.76,14.57,0,0,0,0,0,0.3306451612903225,0.0026790314270994653,0.015566051194528155,0.011888363233899678,0.014485432737262733,-0.014881554970641808,-0.4177030477896063,-0.4212122343359088,-0.08000000000000007,0.926298612999728,-0.0068166325835037345,-0.08000000000000007
2019-10-15,119.96,100.24,23379000.0,1.77,13.54,0,0,0,0,0,0.3306451612903225,0.030109957866611747,0.010499251930286562,0.01367610891184296,0.014959820092748386,0.019839251195441943,1.6630595739833693,-0.5555831950296226,-0.040000000000000036,0.9403045961381561,-0.062326869806094254,-0.040000000000000036
2019-10-16,119.68,100.01,11087700.0,1.75,13.68,0,0,0,0,0,0.3306451612903225,-0.002294493216280835,0.012714231399194404,0.013526484437936876,0.014793483966194941,0.007352941176470562,-0.5257410496599513,-0.49098978531713167,-0.050000000000000044,0.9384008702746804,-0.019354838709677358,-0.050000000000000044
2019-10-17,120.35,100.57,10818500.0,1.76,13.79,0,0,0,0,0,0.3306451612903225,0.00559944005599422,0.012980339153812566,0.013544135681902573,0.014800788815699937,0.01626919967663709,-0.024279156182075656,-0.5316746818644529,-0.030000000000000027,0.9369050856676638,-0.01850533807829191,-0.030000000000000027
2019-10-18,120.56,100.74,10417400.0,1.76,14.25,0,0,0,0,0,0.3306451612903225,0.001690364919956222,0.012920253988610951,0.013496779789887127,0.014738757366842216,0.022014811808866774,-0.03707538013587841,-0.5360910308316573,0.020000000000000018,0.9306499864019582,-0.06984334203655351,0.020000000000000018
2019-10-21,123.55,103.24,12714600.0,1.8,14.0,0,0,0,0,0,0.3306451612903225,0.02481635894381573,0.014524261439757899,0.014485525481314241,0.015052386274269216,0.04759005580923392,0.22051567569643105,-0.5937341119291594,0.08000000000000007,0.9340494968724504,-0.06103286384976525,0.08000000000000007
2019-10-22,124.79,104.28,12549100.0,1.78,14.46,0,0,0,0,0,0.3306451612903225,0.010073614877954329,0.010471842583541547,0.014106807012067157,0.01508309048910658,0.07206744114320962,-0.013016532175609163,-0.6068478954533424,0.14000000000000012,0.9277943976067446,-0.15190615835777121,0.14000000000000012
2019-10-23,125.12,104.55,8828300.0,1.77,14.01,0,0,0,0,0,0.3306451612903225,0.0025891829689297374,0.00945241148272195,0.014099730844151968,0.015075539997794967,0.06879983643426701,-0.2964993505510355,-0.5851300012148976,0.040000000000000036,0.9339135164536306,-0.12218045112781961,0.040000000000000036
2019-10-24,125.03,104.48,8020500.0,1.77,13.71,0,0,0,0,0,0.3306451612903225,-0.0006695361071257233,0.010378934076426127,0.01387260195504266,0.015075975932230784,0.07689136260564844,-0.09150119502055887,-0.5625283396102758,0.07000000000000006,0.9379929290182214,-0.14685749844430607,0.07000000000000006
2019-10-25,126.03,105.31,9055700.0,1.8,12.65,0,0,0,0,0,0.3306451612903225,0.007944104134762542,0.009836299462499334,0.013896569165941177,0.014647633468107542,0.07910646582641667,0.1290692600211958,-0.5601004862012015,0.1100000000000001,0.9524068534131085,-0.2653890824622531,0.1100000000000001
2019-10-28,126.51,105.72,9522200.0,1.85,13.11,0,0,0,0,0,0.3306451612903225,0.003893267495964192,0.004281248903242827,0.013861244634225575,0.014646674474478295,0.08364083640836406,0.05151451571938126,-0.5412514810451203,0.17000000000000015,0.9461517541474028,-0.19273399014778325,0.17000000000000015
2019-10-29,126.43,105.65,9797300.0,1.84,13.2,0,0,0,0,0,0.3306451612903225,-0.0006621263715473891,0.0035903217385174708,0.012901795004351058,0.014040375068590249,0.10293350036538262,0.028890382474638265,-0.461542819948456,0.19000000000000017,0.9449279303780256,-0.2887931034482758,0.19000000000000017
2019-10-30,125.73,105.06,8513700.0,1.78,12.33,0,0,0,0,0,0.3306451612903225,-0.0055844770468528315,0.0051355547662813765,0.011793672454998167,0.014062142532392487,0.11908819769919043,-0.13101568799567231,-0.2349350932308182,0.17999999999999994,0.9567582268153386,-0.40029182879377423,0.17999999999999994
2019-10-31,124.92,104.39,11589100.0,1.69,13.22,0,0,0,0,0,0.3306451612903225,-0.006377308204835397,0.006132647234785847,0.012002668985485557,0.01375178963529572,0.11349333333333345,0.36122954767022564,-0.14768951285674484,0.1499999999999999,0.9446559695403862,-0.3085774058577406,0.1499999999999999
2019-11-01,127.8,106.79,11682600.0,1.73,12.3,0,0,0,0,0,0.3306451612903225,0.022990707922214915,0.011993280971347475,0.012100969599917069,0.013881323239064066,0.11495092921277927,0.008067925895884898,-0.3024394491650288,0.20999999999999996,0.9571661680717977,-0.278169014084507,0.20999999999999996
2019-11-04,128.82,107.65,9159900.0,1.79,12.83,0,0,0,0,0,0.3306451612903225,0.00805318850079595,0.01222561023985453,0.011973280334563116,0.013888572272217483,0.1263994977503402,-0.2159365209799189,-0.2728639124376987,0.22999999999999998,0.9499592058743541,-0.28163493840985443,0.22999999999999998
2019-11-05,129.1,107.88,13747600.0,1.86,13.1,0,0,0,0,0,0.3306451612903225,0.0021365536460751233,0.012039533356573437,0.010018300690530207,0.01359697508735978,0.15453767123287676,0.500846079105667,0.16040577447063262,0.32000000000000006,0.9462877345662225,-0.354043392504931,0.32000000000000006
2019-11-06,129.3,108.05,11231100.0,1.81,12.62,0,0,0,0,0,0.3306451612903225,0.001575824990730501,0.010955266880206,0.01009851855172781,0.013505273533868867,0.14800254993625162,-0.18305013238674384,0.2364829926402575,0.21999999999999997,0.9528147946695676,-0.32296137339055797,0.21999999999999997
2019-11-07,130.0,108.63,13528900.0,1.92,12.73,0,0,0,0,0,0.3306451612903225,0.005367885238315662,0.00876497469596465,0.009964999250875685,0.01217760789212789,0.13820201173512148,0.2045926044643891,0.17499439366073846,0.25,0.951319010062551,-0.2754695503699488,0.25
2019-11-08,130.38,108.95,9293400.0,1.94,12.07,0,0,0,0,0,0.3306451612903225,0.002945779250667524,0.0026813536551480326,0.009687909512020115,0.01217811116460662,0.12261720762493566,-0.3130705378855635,0.06497592077432099,0.17999999999999994,0.9602937177046506,-0.2252888318356867,0.17999999999999994
2019-11-11,129.92,108.57,8679000.0,1.94,12.69,0,0,0,0,0,0.3306451612903225,-0.0034878384580083743,0.0032451780586255936,0.009889971636261357,0.011920212465344549,0.11571267084575054,-0.06611143392084706,0.13914377904918662,0.17999999999999994,0.9518629317378298,-0.12903225806451613,0.17999999999999994
2019-11-12,129.16,107.93,9099000.0,1.92,12.68,0,0,0,0,0,0.3306451612903225,-0.005894814405452586,0.004659332276184567,0.008336198149892681,0.011955554342476115,0.07671588188347966,0.0483926719668164,0.1325985282607224,0.1499999999999999,0.9519989121566494,-0.06351550960118169,0.1499999999999999
2019-11-13,128.48,107.36,8023300.0,1.88,13.0,0,0,0,0,0,0.3306451612903225,-0.005281200778282313,0.005104697897884079,0.008475489600542419,0.01182829980587171,0.0734926507349265,-0.11822178261347405,0.1730694271914504,0.1299999999999999,0.9476475387544193,-0.049707602339181256,0.1299999999999999
2019-11-14,128.6,107.46,8483400.0,1.82,13.05,0,0,0,0,0,0.3306451612903225,0.0009314456035767193,0.00390768057262392,0.008481395382075051,0.011831853872619959,0.06850949587352084,0.05734548128575523,0.16578644677593093,0.06000000000000005,0.9469676366603209,-0.053662073966642354,0.06000000000000005
2019-11-15,129.53,108.24,10163600.0,1.84,12.05,0,0,0,0,0,0.3306451612903225,0.007258514796203208,0.005476684783285413,0.008515282808142333,0.011807171487286864,0.07444907683144719,0.1980573826531815,0.15477004948128054,0.08000000000000007,0.9605656785422899,-0.15438596491228063,0.08000000000000007
2019-11-18,130.62,109.15,8749300.0,1.81,12.46,0,0,0,0,0,0.3306451612903225,0.00840724316334085,0.006726764218644971,0.007027088426687368,0.01123845596239592,0.05724525377760559,-0.13915344956511477,-0.10833886752070321,0.010000000000000009,0.9549904813706827,-0.10999999999999999,0.010000000000000009
2019-11-19,130.58,109.12,8824500.0,1.79,12.86,0,0,0,0,0,0.3306451612903225,-0.0002748511223087391,0.0056528882962524835,0.006842712186857302,0.01123554130893433,0.04641350210970474,0.008594973312150644,-0.3226308839801107,0.010000000000000009,0.9495512646178951,-0.11065006915629327,0.010000000000000009
2019-11-20,129.63,108.32,11782800.0,1.73,12.78,0,0,0,0,0,0.3306451612903225,-0.007331378299120339,0.006361849048578546,0.007171776117139711,0.011175757308859705,0.03605930176948835,0.3352371239163692,-0.37907798206395493,-0.040000000000000036,0.9506391079684525,-0.08779443254817987,-0.040000000000000036
2019-11-21,129.93,108.57,7705500.0,1.77,13.13,0,0,0,0,0,0.3306451612903225,0.002307976366322073,0.006344725149233935,0.007148745952939716,0.011144721596584297,0.03914624808575784,-0.3460382931052042,-0.3830090895219383,0.0,0.9458797933097634,-0.042304886943836606,0.0
2019-11-22,130.79,109.29,8167900.0,1.77,12.34,0,0,0,0,0,0.3306451612903225,0.006631666206134312,0.006221656993959618,0.007096621501133257,0.01086759441919911,0.037793182033994954,0.06000908442021924,-0.40169782705681983,-0.030000000000000027,0.9566222463965189,-0.02450592885375502,-0.030000000000000027
2019-11-25,131.49,109.88,10068500.0,1.76,11.87,0,0,0,0,0,0.3306451612903225,0.005398481105316044,0.005550007222294169,0.007127009285740183,0.010865868607089942,0.039349224366250546,0.232691389463632,-0.43298416028712783,-0.09000000000000008,0.9630133260810443,-0.09458428680396647,-0.09000000000000008
2019-11-26,131.67,110.03,10490700.0,1.74,11.54,0,0,0,0,0,0.3306451612903225,0.0013651255915545502,0.005478238329032257,0.007102193117656105,0.01069071336276301,0.041457643161381785,0.04193276058995887,-0.34899525272451437,-0.10000000000000009,0.9675006799020941,-0.12575757575757573,-0.10000000000000009
2019-11-27,132.06,110.35,6607900.0,1.77,11.75,0,0,0,0,0,0.3306451612903225,0.0029082977369807583,0.0022075539084915013,0.006871409964901842,0.010631171444093132,0.05035217970683403,-0.37011829525198514,-0.3730142309821152,-0.010000000000000009,0.9646450911068806,-0.047039740470397384,-0.010000000000000009
2019-11-29,131.76,110.1,5712000.0,1.78,12.62,0,0,0,0,0,0.3306451612903225,-0.002265518803806099,0.0035058363517508147,0.006650362290325742,0.010341119133338935,0.05469872593160252,-0.1355801389246205,-0.30905229000366485,0.09000000000000008,0.9528147946695676,-0.045385779122541714,0.09000000000000008
2019-12-02,131.47,109.86,8615600.0,1.83,14.91,0,0,0,0,0,0.3306451612903225,-0.0021798365122615015,0.0033123353312491674,0.004702152661817709,0.010361118930737481,0.02874801011330641,0.5083333333333333,-0.3489536866497844,0.10000000000000009,0.9216752787598586,0.21219512195121948,0.10000000000000009
2019-12-03,129.78,108.45,10361300.0,1.72,15.96,0,0,0,0,0,0.3306451612903225,-0.012834516657564188,0.006146082143122141,0.005418449001219269,0.010139725456875283,0.007431490942870322,0.20262082733645936,-0.6371465696526086,-0.07000000000000006,0.9073973347837911,0.24395946999220586,-0.07000000000000006
2019-12-04,132.34,110.59,10318200.0,1.77,14.8,0,0,0,0,0,0.3306451612903225,0.019732595666205555,0.011902672996045196,0.006934427320896117,0.010304061874793697,0.025120504263997034,-0.00415970968893864,-0.20792374776863592,-0.09000000000000008,0.9231710633668752,0.12977099236641232,-0.09000000000000008
2019-12-05,133.06,111.19,9587400.0,1.8,14.52,0,0,0,0,0,0.3306451612903225,0.005425445338638202,0.012052040904920593,0.006996685071178139,0.010311974421292308,0.029060620083294797,-0.0708263069139966,-0.1546462100485864,-0.010000000000000009,0.9269785150938264,0.1505546751188589,-0.010000000000000009
2019-12-06,135.04,112.84,10170600.0,1.84,13.62,0,0,0,0,0,0.3306451612903225,0.014839463980573786,0.013073498099251705,0.007572238817228944,0.010427116420399824,0.03875540826659307,0.06082983916390261,-0.08871762575205042,-0.07999999999999985,0.9392167527875986,0.06991358994501162,-0.07999999999999985
2019-12-09,134.41,112.32,8498200.0,1.83,15.86,0,0,0,0,0,0.3306451612903225,-0.004608294930875667,0.013446550126669536,0.007706125641846481,0.01021726239518668,0.030931620009178484,-0.16443474327964913,-0.16204209980630466,-0.10999999999999988,0.9087571389719881,0.3140016570008284,-0.10999999999999988
2019-12-10,134.5,112.39,7532900.0,1.85,15.68,0,0,0,0,0,0.3306451612903225,0.000623219373219408,0.010015815618041869,0.00761894248274671,0.010117298980050746,0.035184673482545836,-0.11358875997270013,-0.17935709594576543,-0.08999999999999986,0.9112047865107424,0.235618597320725,-0.08999999999999986
2019-12-11,134.18,112.12,9011900.0,1.79,14.99,0,0,0,0,0,0.3306451612903225,-0.0024023489634308337,0.007722115911265006,0.007472936444899267,0.010091954163733527,0.03882145835263584,0.1963387274489241,-0.23911406948624564,-0.1299999999999999,0.9205874354093011,0.18217665615141954,-0.1299999999999999
2019-12-12,138.02,115.33,13717400.0,1.9,13.94,0,0,0,0,0,0.3306451612903225,0.02863003924366736,0.014073634847068523,0.009359116386774342,0.01060709488455576,0.07423621460506702,0.5221429443291647,-0.16424168578931897,0.020000000000000018,0.9348653793853685,0.07230769230769218,0.020000000000000018
2019-12-13,136.81,114.32,10592100.0,1.82,12.63,0,0,0,0,0,0.3306451612903225,-0.008757478539842212,0.0148946203626974,0.009748699574617681,0.010681997452769723,0.06383770705378744,-0.22783472086547019,-0.1204972529363377,0.0,0.9526788142507479,-0.03218390804597704,0.0
2019-12-16,137.34,114.77,11372000.0,1.89,12.14,0,0,0,0,0,0.3306451612903225,0.003936319104268726,0.014326242437893096,0.009703093288585134,0.010650310044390291,0.060328898743532866,0.0736303471455142,-0.10291507181489228,0.04999999999999982,0.9593418547729127,0.007468879668049766,0.04999999999999982
2019-12-17,138.18,115.47,11546800.0,1.89,12.29,0,0,0,0,0,0.3306451612903225,0.006099154831401998,0.014173263622555105,0.009648689583964826,0.010653326929916624,0.057901969766376515,0.015371086880056284,-0.09589711851734865,0.07999999999999985,0.9573021484906173,-0.013643659711075617,0.07999999999999985
2019-12-18,138.04,115.35,10381500.0,1.92,12.58,0,0,0,0,0,0.3306451612903225,-0.0010392309690828716,0.01399522517818762,0.009663272382211704,0.01046510951591347,0.05709310850439864,-0.10091973533792908,-0.08936186078761447,0.1299999999999999,0.9533587163448464,-0.021772939346811793,0.1299999999999999
2019-12-19,137.35,114.77,9350400.0,1.92,12.5,0,0,0,0,0,0.3306451612903225,-0.005028175119202394,0.006147409682217917,0.009548925887918232,0.010508219094881073,0.059545790251107844,-0.0993209073833261,-0.087745106413663,0.18999999999999995,0.9544465596954038,-0.021909233176838794,0.18999999999999995
2019-12-20,137.24,114.68,29992600.0,1.92,12.51,0,0,1,0,0,0.3306451612903225,-0.0007841770497515332,0.004405801439795564,0.009584648497825596,0.010421229556341461,0.05627705627705648,2.207627481177276,-0.07437758479857175,0.1499999999999999,0.9543105792765841,-0.047220106626047254,0.1499999999999999
2019-12-23,137.2,114.65,9738400.0,1.93,12.61,0,0,0,0,0,0.3306451612903225,-0.000261597488664167,0.004001248334039279,0.00956293991507093,0.01042109239878949,0.049043828346600815,-0.6753065756219867,-0.0491866894487002,0.15999999999999992,0.9529507750883873,0.021880064829821633,0.15999999999999992
2019-12-24,137.58,114.97,3324300.0,1.9,12.67,0,0,0,0,0,0.3306451612903225,0.0027911033580461098,0.002788373204036366,0.009538223733769807,0.01041340011960791,0.04632326174008017,-0.6586400230017251,-0.03312843391100064,0.1399999999999999,0.9521348925754691,0.06739679865206405,0.1399999999999999
2019-12-26,139.04,116.19,6770900.0,1.9,12.65,0,0,0,0,0,0.3306451612903225,0.010611463860137338,0.005822748664962517,0.009712533763688906,0.010090196647277517,0.055984731436880875,1.0367897000872364,-0.07104138290317022,0.15999999999999992,0.9524068534131085,0.09618717504332763,0.15999999999999992
2019-12-27,139.14,116.27,7868200.0,1.88,13.43,0,0,0,0,0,0.3306451612903225,0.0006885274119976525,0.004677466858233177,0.009723568594512398,0.009626669029727912,0.05364748527412777,0.16206117355152205,-0.07162708084306527,0.10999999999999988,0.9418003807451727,0.14297872340425521,0.10999999999999988
2019-12-30,138.63,115.84,6963000.0,1.9,14.82,0,0,0,0,0,0.3306451612903225,-0.0036982884665003324,0.005340528676815355,0.0097669547812157,0.009651641875493356,0.05213442325158946,-0.11504537251213742,-0.12172007089451962,0.11999999999999988,0.9228991025292358,0.1743264659271,0.11999999999999988
2019-12-31,139.4,116.49,7201600.0,1.92,13.78,0,0,0,0,0,0.3306451612903225,0.005611187845303789,0.00535734764076828,0.00972200132024389,0.009360232802912113,0.060349535772801666,0.03426683900617555,-0.09970484233322328,0.08999999999999986,0.9370410660864835,-0.07578806170355468,0.08999999999999986
2020-01-02,141.09,117.9,10803700.0,1.88,12.47,0,0,0,0,0,0.09090909090909105,0.012104043265516395,0.006643764683074511,0.009170735311181158,0.009399654732654078,0.08713692946058105,0.500180515441013,0.02441531588209015,0.15999999999999992,0.954854500951863,-0.21867167919799502,0.15999999999999992
2020-01-03,138.34,116.34,10386800.0,1.8,14.02,0,0,0,0,0,0.09090909090909105,-0.01323155216284988,0.009575805264234712,0.009199262084376703,0.00904373873093885,0.051993851161949545,-0.03858863167248261,-0.1202170141591541,0.030000000000000027,0.933777536034811,-0.05270270270270283,0.030000000000000027
2020-01-06,138.23,116.25,10259000.0,1.81,13.85,0,0,0,0,0,0.09090909090909105,-0.0007735946364105795,0.009583097404565194,0.009202685374013512,0.009049482964427473,0.04550768954042628,-0.012304078253167483,-0.1442280988891439,0.010000000000000009,0.9360892031547458,-0.046143250688705284,0.010000000000000009
2020-01-07,135.88,114.27,10531300.0,1.83,13.79,0,0,0,0,0,0.09090909090909105,-0.017032258064516137,0.012331539500240454,0.009659285973627838,0.009325108972969297,0.012672811059907696,0.026542548006628364,-0.17677859082034336,-0.010000000000000009,0.9369050856676638,0.012481644640234935,-0.010000000000000009
2020-01-08,136.94,115.17,9695300.0,1.87,13.45,0,0,0,0,0,0.09090909090909105,0.007876082961407294,0.012746157264974405,0.009703257996425633,0.009170178176918594,0.025373931623931645,-0.07938241242771549,-0.12564281712364053,0.040000000000000036,0.9415284199075333,-0.15195460277427497,0.040000000000000036
2020-01-09,137.44,115.59,9469000.0,1.85,12.54,0,0,0,0,0,0.09090909090909105,0.0036467830164106374,0.010781216300508604,0.009715735249637656,0.009170637344694702,0.028472284011032967,-0.02334120656400529,-0.14663297833452676,0.0,0.9539026380201251,-0.2002551020408163,0.0
2020-01-10,136.07,114.43,10190900.0,1.83,12.56,0,0,0,0,0,0.09090909090909105,-0.010035470196383733,0.010167106611978532,0.010020154005914321,0.008599530206184222,0.020602925437031683,0.07623825113528349,-0.06937672064985043,0.040000000000000036,0.9536306771824857,-0.16210807204803201,0.040000000000000036
2020-01-13,137.2,115.38,12355200.0,1.85,12.32,0,0,0,0,0,0.09090909090909105,0.008302018701389358,0.011451767810156858,0.007879538354826347,0.008613517898521357,0.0004335385415763504,0.21237574698996164,-0.37345624739588856,-0.04999999999999982,0.9568942072341583,-0.11621233859397417,-0.04999999999999982
2020-01-14,138.8,116.73,24906000.0,1.82,12.39,0,0,1,0,0,0.09090909090909105,0.011700468018720933,0.008507406003529377,0.008002762204446992,0.008687361692260549,0.02108117564730594,1.0158313908313907,-0.44981817385141337,0.0,0.9559423443024204,-0.019002375296912177,0.0
2020-01-15,136.72,114.98,16293400.0,1.79,12.42,0,0,0,0,0,0.09090909090909105,-0.01499186156086696,0.011664157244312842,0.008732427185475969,0.008976616626836981,0.0018297464494205773,-0.34580422388179555,-0.3254656514233069,-0.09999999999999987,0.9555344030459614,0.023064250411861664,-0.09999999999999987
2020-01-16,137.25,115.43,10783800.0,1.81,12.32,0,0,0,0,0,0.09090909090909105,0.0039137241259350475,0.011687187002184274,0.008667202074188286,0.008477540828251983,-0.00034641032302751285,-0.3381491892422699,-0.3149720191702802,-0.07999999999999985,0.9568942072341583,0.0024410089503661414,-0.07999999999999985
2020-01-17,138.2,116.23,14697700.0,1.84,12.1,0,0,0,0,0,0.09090909090909105,0.006930607294464153,0.010531559758780593,0.008798237265283934,0.008435768309361354,0.007628955353272682,0.36294256199113484,-0.3519967204228952,-0.07999999999999985,0.9598857764481915,-0.038155802861685295,-0.07999999999999985
2020-01-21,136.84,115.08,8474200.0,1.78,12.85,0,0,0,0,0,0.09090909090909105,-0.009894175341994327,0.011421534989298966,0.009021193286633098,0.008569969050189615,0.0027010542824779105,-0.42343359845417994,-0.35676170905037535,-0.1399999999999999,0.9496872450367148,0.028000000000000025,-0.1399999999999999
2020-01-22,136.68,114.95,7549100.0,1.77,12.91,0,0,0,0,0,0.09090909090909105,-0.0011296489398678888,0.009236385663343782,0.00902345431322573,0.00857227314846936,0.0023543773979768368,-0.10916664699912682,-0.36332243745907206,-0.1499999999999999,0.9488713625237966,0.031974420463629194,-0.1499999999999999
2020-01-23,136.54,114.83,9345700.0,1.74,12.98,0,0,0,0,0,0.09090909090909105,-0.0010439321444106753,0.006389675402604864,0.009027056598760666,0.008538511609897501,0.0015699956389010339,0.23798863440675055,-0.3670012654494484,-0.18999999999999995,0.9479194995920588,0.029341792228390284,-0.18999999999999995
2020-01-24,133.15,111.98,15166400.0,1.7,14.56,0,0,0,0,0,0.09090909090909105,-0.024819298092832787,0.012091461201753438,0.01057512752684187,0.009181322376653644,-0.026006784378533432,0.622821190494024,-0.5026388133405061,-0.19999999999999996,0.9264345934185477,0.149171270718232,-0.19999999999999996
2020-01-27,132.03,111.04,12860500.0,1.61,18.23,0,0,0,0,0,0.09090909090909105,-0.00839435613502404,0.009703635263710852,0.010302313431391352,0.009258993026112886,-0.04432395214734475,-0.15204003586876258,-0.3921769285346177,-0.2899999999999998,0.8765297797117215,0.44110671936758883,-0.2899999999999998
2020-01-28,134.43,113.06,13062800.0,1.65,16.28,0,0,0,0,0,0.09090909090909105,0.01819164265129669,0.015496990471967191,0.01126066149392596,0.009484048574097991,-0.027608153435968008,0.01573033707865168,-0.15318071177986875,-0.22999999999999998,0.903045961381561,0.2122114668652273,-0.22999999999999998
2020-01-29,134.23,112.89,9326000.0,1.6,16.39,0,0,0,0,0,0.09090909090909105,-0.0015036263930656713,0.015483954299117489,0.01124713956766325,0.009438219119105013,-0.02546616022099446,-0.28606424350062776,-0.1365854378938794,-0.2999999999999998,0.9015501767745444,0.10593792172739547,-0.2999999999999998
2020-01-30,135.89,114.28,9048900.0,1.57,15.49,0,0,0,0,0,0.09090909090909105,0.012312870936309617,0.017085936006725894,0.011557200409850237,0.009118491383853648,-0.0189715855438235,-0.02971263135320612,-0.06485018908265491,-0.34999999999999987,0.9137884144683166,0.12409288824383169,-0.34999999999999987
2020-01-31,132.36,111.31,12785200.0,1.51,18.84,0,0,0,0,0,0.09090909090909105,-0.02598879943997201,0.01749923351211043,0.012409859400050334,0.009722121923938273,-0.055894826123833785,0.4129010155930555,-0.2631551675413322,-0.3699999999999999,0.8682349741637204,0.5108259823576582,-0.3699999999999999
2020-02-03,133.37,112.16,10021100.0,1.54,17.97,0,0,0,0,0,0.09090909090909105,0.007636330967567995,0.017290582900075673,0.012363655462426616,0.00976265945930297,-0.03592917311328869,-0.21619528830209933,-0.16993391275100983,-0.26,0.8800652706010335,0.28174037089871606,-0.26
2020-02-04,135.29,113.78,9157100.0,1.61,16.05,0,0,0,0,0,0.09090909090909105,0.0144436519258202,0.016482527336912727,0.012884485063666842,0.009922357319672672,-0.021247311827957027,-0.08621807985151331,-0.1085140635919496,-0.19999999999999996,0.9061735110144139,0.15884476534296033,-0.19999999999999996
2020-02-05,137.59,115.71,10150700.0,1.66,15.15,0,0,0,0,0,0.09090909090909105,0.016962559325013116,0.017698817186536993,0.012899646074594356,0.010121556307117504,0.012601732738251492,0.10850596804665225,-0.10088357189532841,-0.17000000000000015,0.918411748708186,0.09862218999274841,-0.17000000000000015
2020-02-06,137.61,115.73,8992300.0,1.65,14.96,0,0,0,0,0,0.09090909090909105,0.00017284590787314258,0.017285254502311435,0.012788811449370725,0.010119331117462944,0.004862377355214109,-0.11412020845852999,-0.08918421112002496,-0.2200000000000002,0.9209953766657601,0.11226765799256522,-0.2200000000000002
2020-02-07,137.17,115.36,6379800.0,1.59,15.47,0,0,0,0,0,0.09090909090909105,-0.003197096690572887,0.00873854807480041,0.01278668974601047,0.01011718727231404,-0.0019897915044554404,-0.29052633920131665,-0.08344768016022842,-0.26,0.914060375305956,0.23365231259968122,-0.26
2020-02-10,137.74,115.84,5960700.0,1.56,15.04,0,0,0,0,0,0.09090909090909105,0.004160887656033285,0.0088332383083045,0.012594124341393557,0.01008322482012515,0.012321943546272696,-0.06569171447380795,-0.12681208905374472,-0.27,0.9199075333152026,0.197452229299363,-0.27
2020-02-11,138.0,116.06,6578600.0,1.59,15.18,0,0,0,0,0,0.09090909090909105,0.0018991712707181474,0.0077283992379960625,0.01247117582868255,0.010047188719427044,0.005893569076096394,0.10366232153941657,-0.09223228558702999,-0.26,0.9180038074517269,0.23214285714285698,-0.26
2020-02-12,138.0,116.06,7958000.0,1.62,13.74,0,0,0,0,0,0.09090909090909105,0.0,0.0027077626530447162,0.012182692963469757,0.01004856457923093,-0.005739741283303346,0.20967987109719388,-0.0340149307061896,-0.19999999999999996,0.9375849877617624,0.10895883777239712,-0.19999999999999996
2020-02-13,137.88,115.96,7447500.0,1.61,14.15,0,0,0,0,0,0.09090909090909105,-0.0008616232982940897,0.002787588027750396,0.011680113230874947,0.010022061583003838,0.008523221429813876,-0.06414928373963302,-0.12601993715840434,-0.17999999999999994,0.932009790590155,0.13929146537842185,-0.17999999999999994
2020-02-14,137.46,115.6,6627600.0,1.59,13.68,0,0,0,0,0,0.09090909090909105,-0.0031045187995860646,0.0027578692748910787,0.011677251723103868,0.009991859482428846,0.0014727540500736325,-0.11009063444108758,-0.09568348768372782,-0.21999999999999997,0.9384008702746804,0.11038961038961026,-0.21999999999999997
2020-02-18,135.64,114.07,8996400.0,1.55,14.83,0,0,0,0,0,0.09090909090909105,-0.013235294117647123,0.00596507399562375,0.011927865340776235,0.01015872653731343,-0.018583842381485027,0.35741444866920147,-0.03209053401336612,-0.29000000000000004,0.9227631221104161,0.22561983471074387,-0.29000000000000004
2020-02-19,137.49,115.63,7071200.0,1.56,14.38,0,0,0,0,0,0.09090909090909105,0.01367581309722099,0.00961893058324867,0.012151576219850434,0.010235778107379898,0.00477928397636429,-0.21399670979502916,-0.12838351580773247,-0.21999999999999997,0.9288822409573021,0.1190661478599222,-0.21999999999999997
2020-02-20,137.49,115.63,7422800.0,1.52,15.56,0,0,0,0,0,0.09090909090909105,0.0,0.00961893058324867,0.012147162385147611,0.010235653246005328,0.0059156154849933085,0.049722819323452905,-0.1474125011569369,-0.25,0.9128365515365787,0.20526723470178165,-0.25
2020-02-21,135.81,114.22,9772800.0,1.46,17.08,0,0,0,0,0,0.09090909090909105,-0.01219406728357686,0.010913085683402964,0.012466912823851413,0.01035116614195284,-0.005312200644430942,0.31659212157137473,-0.21423375739084635,-0.28,0.8921675278759859,0.31587057010785813,-0.28
2020-02-24,132.16,111.15,13618400.0,1.38,25.03,0,0,0,0,0,0.09090909090909105,-0.026877954824023775,0.015287593007920356,0.012687495426146453,0.010930022606747167,-0.007412037863904208,0.39350032743942376,-0.5741787010051576,-0.32000000000000006,0.7840630949143323,0.7190934065934067,-0.32000000000000006
2020-02-25,126.26,106.18,20797200.0,1.33,27.85,0,0,0,0,0,0.09090909090909105,-0.044714349977507895,0.022772914799718956,0.016059092474304187,0.0123738748762665,-0.043768011527377526,0.5271397521000998,-0.755600993490728,-0.28,0.7457166168071797,0.5277015907844214,-0.28
2020-02-26,126.64,106.5,24825600.0,1.33,27.56,0,0,1,0,0,0.09090909090909105,0.003013750235449253,0.019841447960883454,0.015394017212742394,0.012374377206577622,-0.058022289050061904,0.1936991518088973,-0.5976622208331159,-0.31999999999999984,0.7496600489529508,0.6928746928746927,-0.31999999999999984
2020-02-27,121.37,102.07,23005500.0,1.3,39.16,0,0,0,0,1,0.09090909090909105,-0.04159624413145546,0.020093501252732404,0.01765163756814696,0.0134625298676303,-0.09584551333156177,-0.0733154485692189,-0.7120892342974903,-0.30000000000000004,0.5919227631221105,1.3892617449664426,-0.30000000000000004
2020-02-28,116.11,97.65,45931400.0,1.13,40.11,0,0,1,0,1,0.09090909090909105,-0.043303615166062404,0.020156922804533902,0.019121145455485117,0.014520042445745295,-0.1455197759887994,0.9965399578361696,-0.7746367921110561,-0.44000000000000017,0.5790046233342399,1.589412524209167,-0.44000000000000017
2020-03-02,121.52,102.2,27355400.0,1.1,33.42,0,0,1,0,0,0.09090909090909105,0.04659498207885293,0.040326242953171505,0.022112535188912125,0.015734697822954485,-0.08184350013475883,-0.40442921400175047,-0.4387346439926376,-0.4099999999999999,0.6699755235246123,0.7738853503184715,-0.4099999999999999
2020-03-03,116.96,98.36,32547700.0,1.02,36.82,0,0,1,0,1,0.09090909090909105,-0.03757338551859102,0.0391648360158952,0.023144306623026585,0.01619564097263296,-0.12303851640513552,0.18980895910862206,-0.5038180879061116,-0.52,0.6237421811259178,1.048970506399555,-0.52
2020-03-04,119.85,100.79,25795900.0,1.02,31.99,0,0,1,0,0,0.09090909090909105,0.02470516470109807,0.042646542172068605,0.023734278350647193,0.01652967232384259,-0.11416769203726485,-0.2074432294755083,-0.38088112217181025,-0.5900000000000001,0.6894207234158282,0.9931464174454827,-0.5900000000000001
2020-03-05,113.97,95.85,25025600.0,0.92,39.62,0,0,1,0,1,0.09090909090909105,-0.04901279888877874,0.044113787174861335,0.024961080185682737,0.01748757665107153,-0.17163598651801915,-0.02986133455316542,-0.448047984346901,-0.7399999999999999,0.5856676638564047,1.615181518151815,-0.7399999999999999
2020-03-06,108.08,90.89,38159400.0,0.74,41.94,0,0,1,0,1,0.09090909090909105,-0.05174752217005729,0.04575630474315468,0.02659536809010383,0.018604212385631955,-0.21463751836170397,0.5248145898599834,-0.5156264407070511,-0.9099999999999999,0.5541202066902366,1.8034759358288768,-0.9099999999999999
2020-03-09,93.44,78.58,40352000.0,0.54,54.46,0,0,1,0,1,0.09090909090909105,-0.13543844207283529,0.057093922750805104,0.0382593785238462,0.025225739386313006,-0.31882801664355065,0.05745897472182482,-0.6811532573228178,-1.05,0.38387272232798464,2.520361990950226,-1.05
2020-03-10,100.7,84.69,31102700.0,0.76,47.3,0,0,1,0,1,0.09090909090909105,0.07775515398320176,0.08139816786327023,0.04368562714215271,0.027425562679384143,-0.2689053867403315,-0.22921540444091992,-0.37567196027817973,-0.8,0.4812347022028828,2.1449468085106385,-0.8
2020-03-11,95.96,80.7,38127000.0,0.82,53.9,0,0,1,0,1,0.09090909090909105,-0.04711300035423305,0.07622077624908,0.04408420883453782,0.027627442326257256,-0.30466999827675334,0.22584212946142945,-0.3957145617637967,-0.7700000000000001,0.39148762578188734,2.550724637681159,-0.7700000000000001
2020-03-12,88.05,74.05,49725200.0,0.88,75.47,0,0,1,0,1,0.09090909090909105,-0.08240396530359362,0.07851446043525509,0.046206412843292514,0.029354636658818663,-0.36196794761330353,0.3041991239803814,-0.4815027690855562,-0.7400000000000001,0.09817786238781612,4.4927219796215425,-0.7400000000000001
2020-03-13,103.91,87.39,38543300.0,0.94,57.83,0,0,1,0,1,0.09090909090909105,0.18014854827819038,0.1282994914243003,0.06449997573225054,0.037989050038572114,-0.2463780614004829,-0.2248739069928326,-0.09987711981873332,-0.6700000000000002,0.3380473211857492,3.086925795053003,-0.6700000000000002
2020-03-16,88.36,74.31,38589700.0,0.73,82.69,0,0,1,0,1,0.09090909090909105,-0.14967387572948843,0.1321183677004051,0.07138112414283115,0.042369021480793044,-0.35717993079584764,0.001203840875067863,-0.3043469055627379,-0.8600000000000001,0.0,5.044590643274854,-0.8600000000000001
2020-03-17,93.76,78.85,35239800.0,1.02,75.91,0,0,1,0,1,0.09090909090909105,0.0610954111155968,0.12972130984492997,0.07362159818206002,0.04325315324878141,-0.30875778031033574,-0.08680813792281361,-0.17821150167949892,-0.53,0.09219472395974981,4.1186783546864465,-0.53
2020-03-18,83.89,70.55,41525600.0,1.18,76.45,0,0,1,0,1,0.09090909090909105,-0.10526315789473684,0.13657620170466808,0.07588984290599166,0.04513356791595442,-0.38986422208769356,0.1783721814539243,-0.23591804562808563,-0.3800000000000001,0.08485178134348648,4.316411682892907,-0.3800000000000001
2020-03-19,85.3,71.74,32175100.0,1.12,72.0,0,0,1,0,1,0.09090909090909105,0.01686746987951815,0.13224148968324104,0.07623638973001338,0.04523262814213762,-0.37957277523134136,-0.22517435028030897,-0.1826004432697995,-0.3999999999999999,0.14536306771824847,3.6272493573264777,-0.3999999999999999
2020-03-20,83.5,70.22,30150800.0,0.92,66.04,0,0,1,0,1,0.09090909090909105,-0.02118762196821855,0.0867396389024858,0.07620924829788116,0.04526224728835461,-0.3852215023638592,-0.06291511137494521,-0.18205318876007445,-0.5399999999999999,0.22640739733478366,2.866510538641687,-0.5399999999999999
2020-03-23,79.03,66.46,32536600.0,0.76,61.59,0,0,1,0,1,0.09090909090909105,-0.053545998291085195,0.06389718153655514,0.07654479416321087,0.04563595683843058,-0.4020692757534864,0.07912891200233485,-0.20708071408974524,-0.6199999999999999,0.28691868370954565,1.4606472233320016,-0.6199999999999999
2020-03-24,88.43,74.37,34363200.0,0.84,61.67,0,0,1,0,1,0.09090909090909105,0.11901895877219393,0.08434645986693733,0.0825756121780875,0.048447108603149616,-0.2995856093426257,0.05613985480966055,-0.18110601674763024,-0.4900000000000001,0.2858308403589882,1.214362657091562,-0.4900000000000001
2020-03-25,91.73,77.14,38111700.0,0.88,63.95,0,0,1,0,1,0.09090909090909105,0.03724620142530588,0.06560663045570132,0.08330781892307644,0.04876472497260657,-0.27568075117370894,0.10908471853610835,-0.1549152514147371,-0.45000000000000007,0.2548273048680989,1.3203918722786647,-0.45000000000000007
2020-03-26,98.12,82.52,29826300.0,0.83,61.0,0,0,1,0,1,0.09090909090909105,0.06974332382680837,0.06920295452954957,0.08498003088585346,0.04972660236560868,-0.19153522092681496,-0.21739780697266198,-0.1621723112363887,-0.4700000000000001,0.2949415284199074,0.5577119509703781,-0.4700000000000001
2020-03-27,91.13,76.64,30041500.0,0.72,65.54,0,0,1,0,1,0.09090909090909105,-0.07125545322346094,0.08110620220955059,0.08583142010553715,0.050448725715896106,-0.21515616999487974,0.007215108813362736,-0.21006028642220803,-0.4099999999999999,0.23320641827576816,0.6340064821740217,-0.4099999999999999
2020-03-30,93.5,78.63,21656900.0,0.7,57.08,0,0,0,0,1,0.09090909090909105,0.02596555323590799,0.07006538291467541,0.08525584222501258,0.05056324984975499,-0.23062622309197656,-0.27910057753441075,-0.16952361255307774,-0.40000000000000013,0.34824585259722596,0.7079593058049072,-0.40000000000000013
2020-03-31,90.03,75.71,23379300.0,0.7,53.54,0,0,0,0,1,0.09090909090909105,-0.03713595319852481,0.057578999059645405,0.08524833952089542,0.0507193828684593,-0.23027653517690128,0.07953123484893965,-0.20339935580322788,-0.32000000000000006,0.3963829208593962,0.45410103204780006,-0.32000000000000006
2020-04-01,84.36,70.95,28029600.0,0.62,57.06,0,0,1,0,1,0.09090909090909105,-0.06287148329150694,0.06083975150559292,0.08564386401536515,0.05124452882704124,-0.2960611171743228,0.198906725179967,-0.1671972540352021,-0.4,0.3485178134348652,0.7836824007502345,-0.4
2020-04-02,87.51,73.6,24018000.0,0.63,50.91,0,0,0,0,1,0.09090909090909105,0.03735024665257214,0.050368586650895254,0.08595907580274446,0.05154240062987221,-0.23213354199269698,-0.14312013014812908,-0.25734432775748045,-0.29000000000000004,0.43214577100897467,0.28495709237758704,-0.29000000000000004
2020-04-03,84.05,71.42,21199400.0,0.62,46.8,0,0,0,0,1,0.09090909090909105,-0.029619565217391175,0.04300882716787563,0.08552967002053663,0.051598631539508166,-0.21421498514688087,-0.11735365142809562,-0.30231102624227196,-0.12,0.4880337231438673,0.11587982832618016,-0.12
2020-04-06,89.46,76.02,26820800.0,0.67,45.24,0,0,1,0,1,0.09090909090909105,0.06440772892747115,0.0538453364323444,0.08150000225446288,0.052393695059848616,-0.03257826418936116,0.2651678821098711,-0.42694632269821803,0.13,0.5092466684797388,-0.16929856775615126,0.13
2020-04-07,90.64,77.02,22563800.0,0.75,46.7,0,0,0,0,1,0.09090909090909105,0.01315443304393571,0.05110292104266024,0.07957519642684736,0.05244599268014455,-0.0905655921596411,-0.15872009783451646,-0.37949699109238777,-0.010000000000000009,0.4893935273320641,-0.012684989429175397,-0.010000000000000009
2020-04-08,94.3,80.13,22903300.0,0.77,43.35,0,0,0,0,1,0.09090909090909105,0.040379122305894466,0.03558630055219205,0.0793549570954965,0.0527488074240635,-0.0070631970260224275,0.015046224483464599,-0.42150590057877796,-0.04999999999999993,0.5349469676366603,-0.19573283858998136,-0.04999999999999993
2020-04-09,102.76,87.32,42055900.0,0.73,41.67,0,0,1,0,1,0.09090909090909105,0.08972919006614255,0.04620630129637846,0.07898170251435607,0.05410414084427793,0.1792032410533424,0.836237572751525,-0.42409915936959697,-0.15000000000000002,0.5577916779983682,-0.4478600768517291,-0.15000000000000002
2020-04-13,98.19,83.44,26911900.0,0.76,41.17,0,0,1,0,1,0.09090909090909105,-0.044434264773247745,0.05159551236636864,0.06904086736444913,0.054344161504900686,-0.04519967959720794,-0.3600921630496553,-0.39148578353178415,-0.17999999999999994,0.5645906989393527,-0.2880857686321978,-0.17999999999999994
2020-04-14,95.5,81.15,46151300.0,0.76,37.76,0,0,1,0,1,0.09090909090909105,-0.027444870565675794,0.053766488228279924,0.059899259621741016,0.05441870063177389,0.09204683084376275,0.7149030726184327,-0.14049567197378127,0.030000000000000027,0.6109600217568669,-0.5433546982706494,0.030000000000000027
2020-04-15,90.79,77.15,30118600.0,0.63,40.84,0,0,1,0,1,0.09090909090909105,-0.04929143561306226,0.0608750664370981,0.05965124851925782,0.054703584259609854,-0.021559923906150802,-0.3473943312539408,-0.17955617044140046,-0.39,0.5690780527604025,-0.4619944671321301,-0.39
2020-04-16,87.33,74.21,32449600.0,0.61,40.11,0,0,1,0,1,0.09090909090909105,-0.038107582631238035,0.05850934577006686,0.05509522494078262,0.054864440520551165,0.05187810063784548,0.07739403557934299,0.06298868353152871,-0.57,0.5790046233342399,-0.4753433616742969,-0.57
2020-04-17,95.18,80.88,30191900.0,0.65,38.15,0,0,1,0,1,0.09090909090909105,0.08988007007141907,0.05857616085516361,0.05832080065161424,0.05623686246701755,0.12740451630889327,-0.06957558798875796,-0.061824776392491655,-0.4700000000000001,0.6056567854228991,-0.4701388888888889,-0.4700000000000001
2020-04-20,91.71,77.93,23679400.0,0.63,43.83,0,0,0,0,1,0.09090909090909105,-0.036473788328387546,0.05763875154313453,0.05881597465751165,0.05638799957827503,0.10979777841070937,-0.21570354962754912,0.004721323188335388,-0.29000000000000004,0.5284199075333151,-0.3363113264688069,-0.29000000000000004
2020-04-21,89.05,75.67,23035000.0,0.58,45.41,0,0,0,0,1,0.09090909090909105,-0.029000384960862324,0.05774511530733613,0.057735904085755636,0.056415633575361085,0.13857959674992482,-0.027213527369781332,0.09430799774098736,-0.18000000000000005,0.5069350013598042,-0.26270498457541813,-0.18000000000000005
2020-04-22,89.34,75.92,16662400.0,0.63,41.98,0,0,0,0,1,0.09090909090909105,0.003303819215012549,0.05406308007374264,0.05149192692882204,0.05642374509120851,0.020841737259647664,-0.2766485782504884,-0.0635998039454326,-0.20999999999999996,0.5535762850149578,-0.31928003891681533,-0.20999999999999996
2020-04-23,89.39,75.96,16638800.0,0.61,41.38,0,0,0,0,1,0.09090909090909105,0.0005268703898839711,0.05025315515119378,0.05082979817057007,0.0563480132353147,-0.01529686284677223,-0.0014163625888227172,-0.1464998237772655,-0.27,0.5617351101441391,-0.3529319781078968,-0.27
2020-04-24,90.71,77.08,15809200.0,0.6,35.93,0,0,0,0,1,0.09090909090909105,0.014744602422327668,0.022136252305788216,0.04830830696533261,0.056404363078025176,-0.06592341250605915,-0.049859364858042654,-0.3337543327602491,-0.22999999999999998,0.6358444384008702,-0.4109836065573771,-0.22999999999999998
2020-04-27,94.62,80.4,22870200.0,0.67,33.29,0,0,0,0,0,0.09090909090909105,0.043072132848988254,0.02603680677136672,0.04644895453132079,0.05670135001230065,0.04906054279749483,0.44663866609316094,-0.23301396254549347,-0.04999999999999993,0.6717432689692684,-0.4920659139456821,-0.04999999999999993
2020-04-28,95.29,80.97,20238900.0,0.62,33.57,0,0,0,0,0,0.09090909090909105,0.0070895522388059184,0.01724175229588977,0.046157310743454666,0.056647353138048286,0.029759633727584944,-0.1150536506020936,-0.31359379977366375,-0.07999999999999996,0.6679358172423171,-0.4118780658724597,-0.07999999999999996
2020-04-29,97.86,83.16,20462600.0,0.63,31.23,0,0,0,0,0,0.09090909090909105,0.027047054464616416,0.016912838995262643,0.045485558782434,0.0567685800623342,0.0984017963280941,0.011052972246515358,-0.2799058309933249,-0.06999999999999995,0.6997552352461245,-0.4166977960403436,-0.06999999999999995
2020-04-30,95.76,81.37,19127600.0,0.64,34.15,0,0,0,0,0,0.09090909090909105,-0.02152477152477139,0.02411273479398654,0.04308239160652931,0.05676695565494827,0.14686398872445383,-0.06524097622003067,-0.04333450523119198,0.020000000000000018,0.660048952950775,-0.40150718541885744,0.020000000000000018
2020-05-01,93.25,79.24,18547700.0,0.64,37.19,0,0,0,0,1,0.09090909090909105,-0.02617672360820955,0.03004752355739237,0.04312617673641708,0.05677025330127549,0.07663043478260878,-0.030317447039879597,-0.10801392365188214,0.010000000000000009,0.6187109056295893,-0.26949518758593594,0.010000000000000009
2020-05-04,92.14,78.29,15725900.0,0.64,35.97,0,0,0,0,1,0.09090909090909105,-0.01198889449772833,0.022042436237355776,0.04256725242505599,0.05677423318116663,0.09619154298515831,-0.15213746178771492,-0.028982289620839024,0.020000000000000018,0.6353005167255914,-0.23141025641025637,0.020000000000000018
2020-05-05,92.0,78.18,18064100.0,0.66,33.61,0,0,0,0,0,0.09090909090909105,-0.001405032571209608,0.021177400937999018,0.040249974561131344,0.05677562267790192,0.028413575374901523,0.14868465397846875,-0.13130384368918951,-0.010000000000000009,0.6673918955670384,-0.25707338638373123,-0.010000000000000009
2020-05-06,90.27,76.71,20978000.0,0.72,34.12,0,0,0,0,0,0.09090909090909105,-0.018802762854950306,0.009631254484245462,0.0404242364589016,0.05679101898490549,-0.004024928589976606,0.16130889443703267,-0.1419759861035004,-0.030000000000000027,0.6604568942072342,-0.2693790149892935,-0.030000000000000027
2020-05-07,91.21,77.5,16771900.0,0.63,31.44,0,0,0,0,0,0.09090909090909105,0.01029852691956723,0.014390041433187768,0.03941149868521429,0.05681932577415306,-0.032821664794708494,-0.20050052435885213,-0.2338615421099288,-0.14,0.6968996464509111,-0.27474048442906573,-0.14
2020-05-08,92.7,78.77,20487800.0,0.69,27.98,0,0,0,0,0,0.09090909090909105,0.016387096774193477,0.014729000526042082,0.03349883546821255,0.05688373164377187,-0.09791571232249197,0.22155510109170695,-0.44928444252635774,-0.040000000000000036,0.7439488713625237,-0.3285337173026158,-0.040000000000000036
2020-05-11,89.97,76.45,31907600.0,0.73,27.57,0,0,1,0,0,0.09090909090909105,-0.029452837374634888,0.0193132986930543,0.032720017143251554,0.05696941992563025,-0.0837727708533077,0.5573951327131268,-0.2955309406696354,-0.030000000000000027,0.7495240685341311,-0.3303376244838475,-0.030000000000000027
2020-05-12,87.03,73.95,27962900.0,0.69,33.04,0,0,1,0,0,0.09090909090909105,-0.03270111183780244,0.02278103721614147,0.032939745937406055,0.057077857627976486,-0.08872458410351203,-0.12362885331394402,-0.2507148076783088,-0.07000000000000006,0.6751427794397606,-0.125,-0.07000000000000006
2020-05-13,84.03,71.4,35451600.0,0.64,35.28,0,0,1,0,0,0.09090909090909105,-0.03448275862068961,0.025109055885691928,0.03202486213211839,0.05719042713062184,-0.07453013609850934,0.26780841758186735,-0.18231622981584264,0.010000000000000009,0.6446831656241501,-0.1361410381978453,0.010000000000000009
2020-05-14,87.52,74.37,35152500.0,0.63,32.61,0,0,1,0,0,0.09090909090909105,0.04159663865546226,0.03473434834545296,0.03243359972581696,0.05746762406222135,0.002156043659884199,-0.008436854754087286,-0.1692186304644277,0.020000000000000018,0.6809899374490074,-0.18698578908002994,0.020000000000000018
2020-05-15,85.9,72.99,26099000.0,0.64,31.89,0,0,1,0,0,0.09090909090909105,-0.01855586930213804,0.03208278817288349,0.024914853194873476,0.057486292619161584,-0.09755192878338281,-0.2575492496977455,-0.3132982413652816,-0.010000000000000009,0.690780527604025,-0.16408912188728697,-0.010000000000000009
2020-05-18,90.45,76.86,30504400.0,0.73,29.3,0,0,1,0,0,0.09090909090909105,0.053020961775585684,0.04221517232022093,0.02688991212098041,0.05798198109892106,-0.013730270755806573,0.1687957393003563,-0.3062767731157323,0.09999999999999998,0.7259994560783247,-0.3315080994752452,0.09999999999999998
2020-05-19,88.67,75.35,19597300.0,0.7,30.53,0,0,0,0,0,0.09090909090909105,-0.019646109810044332,0.039889356976933424,0.026442991227396115,0.0579430951023994,-0.004228888595216196,-0.35755825389124196,-0.163613310681562,0.12,0.7092738645635028,-0.3276811275049548,0.12
2020-05-20,91.33,77.61,20552400.0,0.68,27.99,0,0,0,0,0,0.09090909090909105,0.02999336429993371,0.03419828940956746,0.02727269787534105,0.057873786685175135,0.022260273972602773,0.048736305511473565,-0.274865051296683,0.050000000000000044,0.7438128909437041,-0.33325393044306817,0.050000000000000044
2020-05-21,90.17,76.62,14621400.0,0.68,29.53,0,0,0,0,0,0.09090909090909105,-0.012756088132972465,0.033159882555127175,0.027457520202980087,0.05787919689976551,0.00868878357030023,-0.28857943597827995,-0.29547846613824286,0.07000000000000006,0.7228719064454718,-0.28637022716288063,0.07000000000000006
2020-05-22,89.47,76.03,13557900.0,0.66,28.16,0,0,0,0,0,0.09090909090909105,-0.0077003393369877715,0.03142659147576989,0.027315373039078234,0.05766938201639702,-0.013622210690191983,-0.07273585292790019,-0.3121918433366966,0.06000000000000005,0.7415012238237694,-0.2162538268856109,0.06000000000000005
2020-05-26,95.82,81.42,41233900.0,0.69,28.01,0,0,1,0,0,0.09090909090909105,0.07089306852558197,0.03806072554646432,0.03019845530835959,0.05820753982108222,0.012686567164179152,2.0413190833388652,-0.46706724385611126,0.019999999999999907,0.7435409301060647,-0.1586061880444577,0.019999999999999907
2020-05-27,101.37,86.14,39402000.0,0.68,27.62,0,0,1,0,0,0.09090909090909105,0.05797101449275366,0.03767330666291111,0.032767434375574535,0.05838465977900454,0.06385080894158324,-0.04442703697685646,-0.5361577938136092,0.06000000000000005,0.7488441664400326,-0.1772415847482871,0.06000000000000005
2020-05-28,99.86,84.85,24713900.0,0.7,28.59,0,0,1,0,0,0.09090909090909105,-0.014975621081959711,0.042091682404415076,0.03253131693731553,0.05821851984664527,0.020322270322270297,-0.37277549362976503,-0.5037279707179451,0.06999999999999995,0.7356540658145228,-0.08453410182516807,0.06999999999999995
2020-05-29,97.31,82.69,26526400.0,0.65,27.51,0,0,1,0,0,0.09090909090909105,-0.025456688273423622,0.0447620380991859,0.03268928019107398,0.05820626757796915,0.016222194912129728,0.07333929489072943,-0.4118448645916386,0.010000000000000009,0.7503399510470492,-0.19443631039531473,0.010000000000000009
2020-06-01,98.6,83.78,15176800.0,0.66,28.23,0,0,0,0,0,0.09090909090909105,0.0131817632119966,0.04291699720699961,0.032127793905313055,0.057901191099304535,0.05729429581019696,-0.4278605464744556,-0.3746247699845793,0.020000000000000018,0.7405493608920315,-0.24092497983328842,0.020000000000000018
2020-06-02,98.93,84.06,21195000.0,0.68,26.84,0,0,0,0,0,0.09090909090909105,0.0033420864168058895,0.032348986156889845,0.03192680690329227,0.05751179515411501,0.07370034487163113,0.3965394549575667,-0.3497900755228916,0.040000000000000036,0.7594506391079685,-0.25382262996941896,0.040000000000000036
2020-06-03,104.27,88.6,25941100.0,0.77,25.66,0,0,1,0,0,0.09090909090909105,0.05400904116107541,0.030793701280599023,0.03378032800096341,0.055081141136685705,0.13328216935277548,0.22392545411653697,-0.4309458409270558,0.10999999999999999,0.7754963285286919,-0.23653674501636412,0.10999999999999999
2020-06-04,106.44,90.45,26784700.0,0.82,25.81,0,0,1,0,0,0.09090909090909105,0.020880361173815087,0.028791855410718176,0.033359658823902176,0.05426457488200554,0.1791161517403208,0.03251982375458251,-0.40395905880375027,0.09999999999999998,0.7734566222463966,-0.24355216881594366,0.09999999999999998
2020-06-05,111.23,94.52,42231000.0,0.91,24.52,0,0,1,0,0,0.09090909090909105,0.04499723604201211,0.02145391244453959,0.034330281875947256,0.05413907694446402,0.2196129032258065,0.5766837037562489,-0.46320130687775335,0.28,0.7909980962741365,-0.2201017811704835,0.28
2020-06-08,113.45,96.4,24881800.0,0.88,25.81,0,0,1,0,0,0.09090909090909105,0.019889970376639976,0.020542063814625887,0.03437066219083451,0.05296787057186477,0.22381617367017914,-0.41081669863370507,-0.4620917468197349,0.19000000000000006,0.7734566222463966,-0.07755539671193712,0.19000000000000006
2020-06-09,110.54,93.93,17031100.0,0.84,27.57,0,0,0,0,0,0.09090909090909105,-0.02562240663900417,0.03091763062067089,0.03414506269041242,0.04790575533595091,0.22864617396991505,-0.31551977750805815,-0.46762000901226225,0.10999999999999999,0.7495240685341311,0.0,0.10999999999999999
2020-06-10,106.06,90.12,24913300.0,0.75,27.57,0,0,1,0,0,0.09090909090909105,-0.04056212072820187,0.035642130698107864,0.03471381376708525,0.04394453402856872,0.2186612576064908,0.4628121495381978,-0.3483922614121854,0.06000000000000005,0.7495240685341311,-0.16555690072639218,0.06000000000000005
2020-06-11,97.21,82.6,36259200.0,0.66,40.79,0,0,1,0,1,0.09090909090909105,-0.08344429649356422,0.05061837068918873,0.039455661206197805,0.04472535337582756,0.1568627450980391,0.45541538053971165,-0.5483983983749968,0.020000000000000018,0.5697579548545009,0.15617913832199548,0.020000000000000018
2020-06-12,99.87,84.86,24856800.0,0.71,36.09,0,0,1,0,1,0.09090909090909105,0.027360774818401934,0.04558703954864605,0.03894375874872879,0.04257228594573596,0.14105149926045435,-0.31446915541435005,-0.508950386470531,0.07999999999999996,0.6336687516997551,0.10671573137074519,0.07999999999999996
2020-06-15,101.25,86.04,22153600.0,0.71,34.4,0,0,0,0,0,0.09090909090909105,0.013905255715295883,0.04432328145820061,0.038481345865622775,0.04255878163825905,0.17879161528976595,-0.1087509253001191,-0.457640930167103,0.06999999999999995,0.6566494424802828,0.07870805895264965,0.06999999999999995
2020-06-16,102.06,86.72,22193600.0,0.75,33.67,0,0,0,0,0,0.09090909090909105,0.00790330079032997,0.04607751259751196,0.03705884381025015,0.04243350464344026,0.12828519385896442,0.0018055756175068272,-0.4616827950644657,0.020000000000000018,0.6665760130541201,0.14914675767918095,0.020000000000000018
2020-06-17,99.48,84.53,15639800.0,0.74,33.47,0,0,0,0,0,0.09090909090909105,-0.025253690036900367,0.04443083844077736,0.037289225524972006,0.04193294403950021,0.12183145321831468,-0.29530134813639963,-0.4818020562985002,0.040000000000000036,0.6692956214305139,0.0962987225679659,0.040000000000000036
2020-06-18,98.94,84.07,16591900.0,0.71,32.94,0,0,0,0,0,0.09090909090909105,-0.005441854962735193,0.02002209272426919,0.03695089954478152,0.03917840297342975,0.0832366963020228,0.060876737554188765,-0.47944339960888793,0.029999999999999916,0.6765025836279576,0.17684887459807075,0.029999999999999916
2020-06-19,97.81,83.11,40371200.0,0.7,35.12,0,0,1,0,0,0.09090909090909105,-0.011419055548947288,0.015581308437520092,0.036918935149289456,0.03895620036521568,0.08470373270686493,1.4331872781296897,-0.4901430674532622,0.019999999999999907,0.6468588523252652,0.18929901794784953,0.019999999999999907
2020-06-22,96.75,82.21,16216900.0,0.71,31.77,0,0,0,0,0,0.09090909090909105,-0.010829021778366088,0.011955764705567721,0.03698092223565035,0.03795674247534372,0.08128370380113092,-0.5983052274889029,-0.505843710537849,0.04999999999999993,0.6924122926298613,0.1281960227272727,0.04999999999999993
2020-06-23,97.93,83.21,15381400.0,0.72,31.37,0,0,0,0,0,0.09090909090909105,0.012163970319912343,0.013512876808828284,0.03361565339317619,0.036788418379110205,0.021984770326700875,-0.051520327559521295,-0.5021403728488779,0.030000000000000027,0.697851509382649,0.11995715815780073,0.030000000000000027
2020-06-24,94.66,80.44,22919800.0,0.69,33.84,0,0,0,0,0,0.09090909090909105,-0.033289268116812876,0.01625444966578487,0.031704934443918496,0.03693008285252018,-0.06617134896679822,0.49009843057198954,-0.5095568939476134,0.009999999999999898,0.6642643459341854,0.2251991310644461,0.009999999999999898
2020-06-25,97.96,83.24,25743600.0,0.68,32.22,0,0,1,0,0,0.09090909090909105,0.03480855295872698,0.02598443866691304,0.03264992359482923,0.03683728886347463,-0.018974661166764828,0.1232035183553084,-0.4854134451270669,-0.019999999999999907,0.6862931737829752,0.1269674711437565,-0.019999999999999907
2020-06-26,92.59,78.68,41896300.0,0.64,34.73,0,0,1,0,0,0.09090909090909105,-0.054781355117731745,0.035520248773296445,0.03444160653506201,0.036609011041566566,-0.04849437658725353,0.6274452679500924,-0.5585114319953056,-0.010000000000000009,0.652162088659233,0.26245001817520874,-0.010000000000000009
2020-06-29,93.0,79.03,18499700.0,0.64,31.78,0,0,0,0,0,0.09090909090909105,0.004448398576512469,0.036124499653864044,0.034295246429619515,0.03632156572484338,-0.05669610885652898,-0.558440721495693,-0.5500866480766291,-0.020000000000000018,0.6922763122110416,0.12575274530641156,-0.020000000000000018
2020-06-30,94.06,79.93,19137000.0,0.66,30.43,0,0,0,0,0,0.09090909090909105,0.01138808047576867,0.03602134523619452,0.03441248222582751,0.03610494152484195,-0.04913157268617652,0.03444920728444245,-0.5597582163343262,-0.020000000000000018,0.7106336687516996,0.13375558867362147,-0.020000000000000018
2020-07-01,93.26,79.25,18755700.0,0.69,28.62,0,0,0,0,0,0.09090909090909105,-0.008507444013511889,0.033175715850146094,0.03180287090226594,0.035202142209281924,-0.10553047404063198,-0.019924753096096537,-0.4857810642100078,-0.08000000000000007,0.7352461245580637,0.11535463756819953,-0.08000000000000007
2020-07-02,92.66,79.5,27845600.0,0.68,27.68,0,0,1,0,0,0.09090909090909105,0.003154574132492094,0.026647435982501064,0.03128437761948193,0.03516870945246849,-0.12106135986733002,0.48464733387716796,-0.45759515654134486,-0.1399999999999999,0.7480282839271144,0.07245253777605587,-0.1399999999999999
2020-07-06,95.0,81.51,18625300.0,0.69,27.94,0,0,0,0,0,0.09090909090909105,0.0252830188679245,0.012401464381633249,0.029873174372934665,0.03493639377365547,-0.13764282691493857,-0.3311223317148849,-0.39232763103767454,-0.22000000000000008,0.7444927930378025,0.1394779771615009,-0.22000000000000008
2020-07-07,92.32,79.21,25757200.0,0.65,29.43,0,0,1,0,0,0.09090909090909105,-0.028217396638449355,0.020282663790844053,0.029533811236285765,0.033123533508046386,-0.17831950207468894,0.3829146376165753,-0.30715400130853976,-0.22999999999999998,0.7242317106336686,0.14025571483920962,-0.22999999999999998
2020-07-08,93.3,80.05,18762200.0,0.67,28.08,0,0,0,0,0,0.09090909090909105,0.010604721626057412,0.02018146700174135,0.029593989096843656,0.03266162797667117,-0.14776961567124458,-0.2715745500287299,-0.39050262508498873,-0.16999999999999993,0.7425890671743269,0.018498367791077275,-0.16999999999999993
2020-07-09,91.28,78.32,25600800.0,0.62,29.26,0,0,1,0,0,0.09090909090909105,-0.021611492816989486,0.02236990476802252,0.028772910648198546,0.03258766009184313,-0.1309365290723481,0.36448817302874925,-0.4757991082640558,-0.13,0.7265433777536034,0.061298512876314826,-0.13
2020-07-10,96.27,82.6,28954200.0,0.65,27.29,0,0,1,0,0,0.09090909090909105,0.05464759959141974,0.034168429782470935,0.02577163228425511,0.03268935681124029,0.0,0.1309880941220587,-0.2940993647074898,-0.010000000000000009,0.7533315202610824,-0.3309634714390782,-0.010000000000000009
2020-07-13,97.65,83.79,32079200.0,0.64,32.19,0,0,1,0,0,0.09090909090909105,0.014406779661017,0.0331348960847659,0.025212883599328318,0.032307341415903454,-0.012609003063869806,0.10792907419303588,-0.42092026040113073,-0.06999999999999995,0.6867011150394343,-0.10806317539484633,-0.06999999999999995
2020-07-14,98.21,84.27,42731700.0,0.63,29.52,0,0,1,0,0,0.09090909090909105,0.005728607232366567,0.027353098532117346,0.02503554538631762,0.030209765720718096,-0.020571827057182857,0.3320687548317913,-0.48562917839860975,-0.07999999999999996,0.7230078868642915,-0.14186046511627903,-0.07999999999999996
2020-07-15,99.73,85.57,22508400.0,0.64,27.76,0,0,0,0,0,0.09090909090909105,0.015426604960246726,0.02734332330491869,0.025228038230737024,0.02985567747045068,-0.013261070110701212,-0.4732622385723011,-0.538502794366321,-0.10999999999999999,0.746940440576557,-0.17552717552717556,-0.10999999999999999
2020-07-16,100.01,85.81,16886900.0,0.62,28.0,0,0,0,0,0,0.09090909090909105,0.002804721280822875,0.02087011325925951,0.024541942490404048,0.029577026491578784,0.015142552939784615,-0.24975120399495299,-0.4992313076343185,-0.12,0.7436769105248844,-0.1634299372572453,-0.12
2020-07-17,98.16,84.22,16137700.0,0.64,25.68,0,0,0,0,0,0.09090909090909105,-0.01852930893835225,0.013700817601255062,0.024895751390182585,0.029701363695458092,0.0017842274295229998,-0.04436575096672568,-0.379788895858642,-0.06999999999999995,0.7752243676910524,-0.22040072859744986,-0.06999999999999995
2020-07-20,97.3,83.48,14458100.0,0.62,24.46,0,0,0,0,0,0.09090909090909105,-0.008786511517454243,0.01319989793309889,0.02483695211449535,0.029734382823009657,0.004451931175550428,-0.10407926780148347,-0.28872073471932613,-0.07999999999999996,0.7918139787870546,-0.30353075170842814,-0.07999999999999996
2020-07-21,99.41,85.3,17798100.0,0.61,24.84,0,0,0,0,0,0.09090909090909105,0.02180162913272632,0.01665345763781767,0.025122604904511927,0.029799500349411413,0.03758666828852952,0.23101237368672223,-0.3190466006632702,-0.09999999999999998,0.7866467228719064,-0.21813031161473084,-0.09999999999999998
2020-07-22,98.69,84.68,14271200.0,0.6,24.32,0,0,0,0,0,0.09090909090909105,-0.007268464243845085,0.015302240903081897,0.02509057201043887,0.029332136580949762,0.01766614589592619,-0.19816160151926332,-0.2893000029252019,-0.12,0.7937177046505303,-0.22473700988205292,-0.12
2020-07-23,98.98,84.93,12870200.0,0.59,26.08,0,0,0,0,0,0.09090909090909105,0.0029522909777988104,0.015313951874931137,0.023742983526416576,0.02932312724641958,0.05581800099453016,-0.09816974045630356,-0.1827148164658132,-0.09999999999999998,0.7697851509382648,-0.22931442080378261,-0.09999999999999998
2020-07-24,98.28,84.33,12744200.0,0.59,25.84,0,0,0,0,0,0.09090909090909105,-0.007064641469445521,0.01287861970360367,0.022608416090585632,0.029144003047937808,0.013094666025948998,-0.00979005765256169,-0.2875140196879648,-0.09000000000000008,0.7730486809899375,-0.19801365611421473,-0.09000000000000008
2020-07-27,96.9,83.14,11959100.0,0.62,24.74,0,0,0,0,0,0.09090909090909105,-0.014111229692873262,0.013992585151148639,0.018854534852100115,0.029064003094305332,0.05668530757498713,-0.06160449459361905,0.12185733586490083,-0.020000000000000018,0.7880065270601033,-0.28764756694500426,-0.020000000000000018
2020-07-28,97.32,83.5,11754300.0,0.59,25.44,0,0,0,0,0,0.09090909090909105,0.00433004570603801,0.007742186623463065,0.018854050958344568,0.028850604106990592,0.056560799696317776,-0.017125034492562197,0.11866962416368106,-0.050000000000000044,0.778487897742725,-0.1994965387035872,-0.050000000000000044
2020-07-29,99.68,85.53,12743500.0,0.58,24.1,0,0,0,0,0,0.09090909090909105,0.024311377245509025,0.014541647554185315,0.019373774968483158,0.028948042937521963,0.07006130364068541,0.08415643636796744,0.0006289861423826812,-0.08000000000000007,0.7967092738645635,-0.208018402891883,-0.08000000000000007
2020-07-30,97.02,83.24,14834800.0,0.55,24.76,0,0,0,0,0,0.09090909090909105,-0.02677423126388412,0.019372162767019804,0.02037757099513746,0.02918127489694436,0.05034700315457408,0.16410719190175382,0.10091083454750197,-0.1399999999999999,0.787734566222464,-0.1348707197763801,-0.1399999999999999
2020-07-31,96.64,82.92,14535000.0,0.55,24.46,0,0,0,0,0,0.09090909090909105,-0.003844305622296873,0.01929242304759239,0.02042856213078086,0.029068873482901977,0.04301886792452825,-0.020209237738291086,0.11439873950983433,-0.13,0.7918139787870546,-0.11632947976878605,-0.13
2020-08-03,96.1,82.46,12962800.0,0.56,24.28,0,0,0,0,0,0.09090909090909105,-0.005547515677761794,0.018445063193939477,0.019755494929802365,0.029061535380228723,0.011655011655011593,-0.10816649466804262,0.09880884174740774,-0.1299999999999999,0.7942616263258091,-0.1309949892627058,-0.1299999999999999
2020-08-04,95.55,81.98,13366200.0,0.52,23.76,0,0,0,0,0,0.09090909090909105,-0.005821004123211182,0.018199274020656273,0.018628952329756174,0.029009436927516553,0.03497033202878441,0.031119819792020165,0.2417711173455024,-0.13,0.801332608104433,-0.19266055045871555,-0.13
2020-08-05,97.21,83.41,15260900.0,0.55,22.99,0,0,0,0,0,0.09090909090909105,0.0174432788484995,0.01565316050798453,0.018858807727779054,0.02880390229367322,0.041973766396002476,0.14175307866110032,0.15417651068628227,-0.12,0.8118031003535491,-0.18126780626780625,-0.12
2020-08-06,97.24,83.43,10482100.0,0.55,22.65,0,0,0,0,0,0.09090909090909105,0.0002397794029493916,0.009779350259840848,0.018019491442755158,0.02844567808356794,0.0652451481103169,-0.31314011624478244,0.2787918063348456,-0.06999999999999995,0.8164264345934186,-0.2259056732740944,-0.06999999999999995
2020-08-07,99.38,85.27,14743700.0,0.57,22.21,0,0,0,0,0,0.09090909090909105,0.022054416876423177,0.013175946539406532,0.01420248654132587,0.028137620005975306,0.032324455205811065,0.4065597542477175,0.09873691202420054,-0.08000000000000007,0.8224095730214849,-0.18614877244411865,-0.08000000000000007
2020-08-10,100.64,86.35,14989900.0,0.59,22.13,0,0,0,0,0,0.09090909090909105,0.012665650287322583,0.011737192555064483,0.014125546828659066,0.027715858924430476,0.030552571905955173,0.016698657731776922,-0.11571012549586063,-0.050000000000000044,0.8234974163720424,-0.31251941596769184,-0.050000000000000044
2020-08-11,103.82,89.08,31518600.0,0.64,24.03,0,0,1,0,0,0.09090909090909105,0.031615518239722196,0.011606635702823633,0.015629662680309082,0.027815144600622878,0.05707843835291326,1.102655788230742,-0.20844237924817482,0.010000000000000009,0.7976611367963014,-0.1859756097560975,0.010000000000000009
2020-08-12,102.94,88.32,19240800.0,0.69,22.28,0,0,0,0,0,0.09090909090909105,-0.008531656937584287,0.016166239932002238,0.015536482792457054,0.027091156945155553,0.03213743134276026,-0.3895414136414689,-0.2678189660196751,0.04999999999999993,0.8214577100897471,-0.1974063400576369,0.04999999999999993
2020-08-13,102.37,87.84,13598600.0,0.71,22.13,0,0,0,0,0,0.09090909090909105,-0.005434782608695565,0.017321789306161142,0.015614609094170962,0.026954430557493164,0.02365691644330492,-0.29324144526215123,-0.28197139804227134,0.08999999999999997,0.8234974163720424,-0.20964285714285713,0.08999999999999997
2020-08-14,102.41,87.87,12134400.0,0.71,22.05,0,0,0,0,0,0.09090909090909105,0.0003415300546447675,0.016389334352257732,0.014908460267263475,0.02672039561391483,0.04333887437663275,-0.10767284867559901,-0.18964253458143282,0.06999999999999995,0.8245852597225999,-0.14135514018691586,0.06999999999999995
2020-08-17,99.71,85.55,14988000.0,0.69,21.35,0,0,0,0,0,0.09090909090909105,-0.0264026402640265,0.02112421966911096,0.01606873221543101,0.026909200397828282,0.024796358409199692,0.23516613924050622,0.01531733089372225,0.06999999999999995,0.8341038890399782,-0.1271463614063777,0.06999999999999995
2020-08-18,98.32,84.36,13246500.0,0.67,21.51,0,0,0,0,0,0.09090909090909105,-0.013909994155464567,0.01013876590821547,0.015655082727156017,0.026959798964148067,-0.011019929660023409,-0.11619295436349075,0.026485521976660285,0.06000000000000005,0.8319282023388632,-0.13405797101449268,0.06000000000000005
2020-08-19,98.55,84.56,13533000.0,0.68,22.54,0,0,0,0,0,0.09090909090909105,0.0023707918444761944,0.011784074279668297,0.015581932346693621,0.025402269917277485,-0.0014170996693434468,0.02162835465972135,0.033961670374297544,0.08000000000000007,0.8179222192004352,-0.07319078947368429,0.08000000000000007
2020-08-20,97.37,83.54,13672600.0,0.65,22.72,0,0,0,0,0,0.09090909090909105,-0.01206244087038788,0.01171056480219978,0.015794694917900885,0.024323878971633992,-0.016366419404215238,0.010315525012931426,0.03402056517282238,0.06000000000000005,0.8154745716616807,-0.1288343558282209,0.06000000000000005
2020-08-21,97.32,83.5,12228300.0,0.64,22.54,0,0,0,0,0,0.09090909090909105,-0.0004788125448887959,0.011535067721282018,0.015723656227062708,0.024246674513414723,-0.009842286256373733,-0.10563462691806969,0.08549406093649807,0.050000000000000044,0.8179222192004352,-0.1277089783281734,0.050000000000000044
2020-08-24,100.06,85.85,17898300.0,0.65,22.37,0,0,0,0,0,0.09090909090909105,0.028143712574850266,0.016834539486067942,0.016595795624493877,0.024279345102151562,0.03259562184267484,0.463678516228748,0.09917053087665545,0.030000000000000027,0.8202338863203699,-0.0957962813257881,0.030000000000000027
2020-08-25,100.5,86.23,13648900.0,0.69,22.03,0,0,0,0,0,0.09090909090909105,0.004426324985439933,0.01468558055241028,0.016596601802364167,0.024230648007578445,0.032694610778443156,-0.23741919623651409,0.08433997689712946,0.09999999999999998,0.8248572205602394,-0.13404088050314467,0.09999999999999998
2020-08-26,99.09,85.02,12052400.0,0.69,23.27,0,0,0,0,0,0.09090909090909105,-0.01403223935985165,0.016934466947304203,0.016057955252400814,0.02430311868704768,-0.005962820063135754,-0.1169691330436885,-0.03196525795029072,0.10999999999999999,0.8079956486265978,-0.034439834024896365,0.10999999999999999
2020-08-27,102.35,87.82,22163900.0,0.74,24.47,0,0,0,0,0,0.09090909090909105,0.0329334274288402,0.01983279680891421,0.01639950230531391,0.023660167203778924,0.05502162421912549,0.8389615346321064,0.3323087876118109,0.18999999999999995,0.7916779983682349,-0.011712439418416931,0.18999999999999995
2020-08-28,102.77,88.18,13756700.0,0.74,22.96,0,0,0,0,0,0.09090909090909105,0.00409929401047604,0.019315557038390264,0.016325926898848375,0.023509436017839863,0.06343463579353603,-0.3793195240909768,0.4100810666049894,0.18999999999999995,0.8122110416100081,-0.06132461161079317,0.18999999999999995
2020-08-31,100.19,85.96,14219400.0,0.72,26.41,0,0,0,0,0,0.09090909090909105,-0.025175776820140716,0.02208346247188656,0.017432282861789435,0.022964613747816096,0.042444821731748794,0.03363451990666366,0.055911509470095044,0.15999999999999992,0.7652977971172151,0.08772652388797364,0.15999999999999992
2020-09-01,100.14,85.92,11595600.0,0.68,26.12,0,0,0,0,0,0.09090909090909105,-0.0004653327128896212,0.021971346598517277,0.017343099862349706,0.0227957269128512,0.04806050256160033,-0.18452255369424875,0.043420417724819325,0.16000000000000003,0.7692412292629861,0.09932659932659926,0.16000000000000003
2020-09-02,101.65,87.22,14475700.0,0.66,26.57,0,0,0,0,0,0.09090909090909105,0.015130353817504716,0.021352375746613864,0.017245592758030562,0.022676392848945206,0.045677976261839115,0.24837869536720825,0.1252826293134642,0.10999999999999999,0.7631221104161,0.15571987820791655,0.10999999999999999
2020-09-03,101.33,86.94,23281200.0,0.63,33.6,0,0,0,0,0,0.09090909090909105,-0.0032102728731941976,0.014761083867046904,0.017285298351090533,0.02207604951943528,0.04207119741100307,0.60829528105722,0.007874587842354829,0.07999999999999996,0.6675278759858579,0.48344370860927177,0.07999999999999996
2020-09-04,103.52,88.82,26325500.0,0.72,30.75,0,0,1,0,0,0.09090909090909105,0.021624108580630352,0.018223474345124634,0.01725953805787547,0.01937550752387486,0.041632461592588266,0.13076216002611551,0.1652801354613609,0.15000000000000002,0.7062822953494696,0.384511481314723,0.15000000000000002
2020-09-08,99.92,85.73,22108600.0,0.69,31.46,0,0,0,0,0,0.09090909090909105,-0.03478946183292042,0.021890485865556857,0.01892416472635096,0.01962355822280395,-0.007180081065431221,-0.16018309243889006,-0.04347799239185593,0.09999999999999998,0.6966276856132716,0.4215996384997742,0.09999999999999998
2020-09-09,100.87,86.55,13434000.0,0.71,28.81,0,0,0,0,0,0.09090909090909105,0.009564913099264993,0.022331516199710133,0.017567304663863578,0.0195807306930275,-0.02840143691064212,-0.3923631528002678,0.006314237108277409,0.06999999999999995,0.7326624966004895,0.1989180191427382,0.06999999999999995
2020-09-10,99.83,85.66,15922800.0,0.68,29.71,0,0,0,0,0,0.09090909090909105,-0.010283073367995388,0.021371735027141327,0.017609602262356177,0.019601584856674733,-0.03011775362318836,0.18526127735596254,-0.042510227426277435,-0.009999999999999898,0.7204242589067174,0.3334829443447038,-0.009999999999999898
2020-09-11,101.07,86.72,13784300.0,0.67,26.87,0,0,0,0,0,0.09090909090909105,0.012374503852439878,0.0225156101992444,0.01784254052446448,0.019381142079725668,-0.012750455373406244,-0.13430426809355134,-0.03712825480149728,-0.039999999999999925,0.7590426978515094,0.21418888386805257,-0.039999999999999925
2020-09-14,102.47,87.92,19017400.0,0.68,25.85,0,0,0,0,0,0.09090909090909105,0.013837638376383854,0.02082584456467913,0.01812856540746467,0.019438821119212676,0.0005690224194832005,0.3796420565425882,-0.032145855047182946,-0.029999999999999916,0.7729127005711177,0.1723356009070296,-0.029999999999999916
2020-09-15,99.28,85.18,23683000.0,0.68,25.59,0,0,0,0,0,0.09090909090909105,-0.03116469517743392,0.01940775985103259,0.018523125426529383,0.019814977818203162,-0.004324956165984717,0.24533322115536293,-0.12287756296577088,-0.009999999999999898,0.7764481914604298,0.19859484777517555,-0.009999999999999898
2020-09-16,99.7,85.54,19270600.0,0.69,26.04,0,0,0,0,0,0.09090909090909105,0.004226344212256317,0.01880963537481141,0.018250998889876295,0.019763009538418804,0.013987671882408792,-0.18631085588818985,-0.18380894162197245,0.019999999999999907,0.7703290726135437,0.21059972105997193,0.019999999999999907
2020-09-17,98.56,84.57,18290100.0,0.69,26.46,0,0,0,0,0,0.09090909090909105,-0.011339724105681737,0.018928687144488896,0.018447440168194114,0.019767973635097025,0.00011825922421948576,-0.050880616067999984,-0.18505353330757374,0.009999999999999898,0.7646178950231166,0.17391304347826098,0.009999999999999898
2020-09-18,98.35,84.39,20121600.0,0.7,25.83,0,0,0,0,0,0.09090909090909105,-0.0021284143313230475,0.017121033614614048,0.018233297646005765,0.019269251055050902,0.010174766578884276,0.10013613922285836,-0.2330503896352711,0.04999999999999993,0.7731846614087571,0.1368838028169015,0.04999999999999993
2020-09-21,95.31,81.78,28378800.0,0.68,27.78,0,0,1,0,0,0.09090909090909105,-0.030927835051546393,0.01628675468888226,0.019556974283956873,0.01918195942534711,-0.020598802395209614,0.4103649809160306,-0.2616338896768894,0.040000000000000036,0.7466684797389176,0.2324755989352263,0.040000000000000036
2020-09-22,94.27,80.89,19257000.0,0.68,26.86,0,0,0,0,0,0.09090909090909105,-0.01088285644411835,0.013272883649301672,0.01842522468830888,0.017852603070722783,-0.05777518928363423,-0.321430081610216,-0.1643782634880167,0.030000000000000027,0.759178678270329,0.20071524362986137,0.030000000000000027
2020-09-23,92.74,79.57,19952700.0,0.68,28.58,0,0,0,0,0,0.09090909090909105,-0.016318457164050004,0.010596518013133422,0.01857973095291377,0.01797794893864668,-0.07723530093934838,0.036127122604767026,-0.15625246626015518,-0.009999999999999898,0.7357900462333424,0.297321833862914,-0.009999999999999898
2020-09-24,92.66,79.5,18366500.0,0.67,28.51,0,0,0,0,0,0.09090909090909105,-0.000879728540907343,0.012237340154961758,0.018432410597495664,0.01791904531080592,-0.06492589978828511,-0.07949801280027269,-0.2122976756768008,-0.019999999999999907,0.7367419091650802,0.22518263859045984,-0.019999999999999907
2020-09-25,93.47,80.2,13293100.0,0.66,26.38,0,0,0,0,0,0.09090909090909105,0.008805031446540879,0.015128424116164945,0.016646876514556017,0.017918016241919542,-0.08676838988840796,-0.27623118177115946,-0.11608587192836493,-0.07999999999999996,0.7657057383736742,0.07805476093175323,-0.07999999999999996
2020-09-28,96.16,82.51,20894100.0,0.67,26.19,0,0,0,0,0,0.09090909090909105,0.02880299251870322,0.017850005680712332,0.018158222723823295,0.01828804522032272,-0.06430029485144029,0.5718004077303263,-0.13100672386154358,-0.06999999999999995,0.7682893663312482,0.14067944250871078,-0.06999999999999995
2020-09-29,95.35,81.81,12848200.0,0.66,26.27,0,0,0,0,0,0.09090909090909105,-0.008483820143012966,0.017448038184277096,0.017463370881753416,0.01803919863176011,-0.04827826896230791,-0.38507999865990883,-0.16468970436227037,-0.05999999999999994,0.7672015229806908,-0.005301022340022721,-0.05999999999999994
2020-09-30,96.27,82.6,16400600.0,0.69,26.37,0,0,0,0,0,0.09090909090909105,0.009656521207676239,0.014016431234395955,0.017665608725082414,0.0176864203587993,-0.03864059590316582,0.27649009199732255,-0.1814733667864108,0.009999999999999898,0.7658417187924939,0.009571209800918856,0.009999999999999898
2020-10-01,96.97,83.2,15778700.0,0.68,26.7,0,0,0,0,0,0.09090909090909105,0.007263922518159882,0.013239214663689804,0.01735317517463877,0.017660435749003906,-0.04609034625085984,-0.03791934441422873,-0.1707282636203249,0.020000000000000018,0.7613543649714442,0.004892736168611078,0.020000000000000018
2020-10-02,97.89,83.99,15149600.0,0.7,27.63,0,0,0,0,0,0.09090909090909105,0.009495192307692246,0.013237548564466095,0.017546220395175484,0.01744677730123413,-0.03393144697492523,-0.03987020476972125,-0.20277312743850345,0.06999999999999995,0.748708186021213,-0.17767857142857146,0.06999999999999995
2020-10-05,99.04,85.77,13871900.0,0.78,27.96,0,0,0,0,0,0.09090909090909105,0.02119299916656736,0.010620026322791451,0.017516456901850507,0.01620373481422066,-0.03433911281242963,-0.0843388604319586,-0.3567309182887167,0.06000000000000005,0.7442208322001631,-0.09073170731707314,0.06000000000000005
2020-10-06,98.02,84.88,19220400.0,0.76,29.48,0,0,0,0,0,0.09090909090909105,-0.01037658855077539,0.011354992219624993,0.01585349705088172,0.0161657225603429,-0.009914848944360344,0.38556362142172307,-0.15168365612615653,0.07000000000000006,0.7235518085395702,-0.06293706293706292,0.07000000000000006
2020-10-07,99.73,86.36,16358500.0,0.81,28.06,0,0,0,0,0,0.09090909090909105,0.01743638077285592,0.012232672287561894,0.016207098329052858,0.016301906104662055,-0.0021952628538416397,-0.14889908638738003,-0.15406298095507104,0.10000000000000009,0.7428610280119663,-0.02603262755987501,0.10000000000000009
2020-10-08,101.78,88.14,15659000.0,0.78,26.36,0,0,0,0,0,0.09090909090909105,0.020611394163964736,0.013178287327800308,0.01664038975528212,0.016395631735898204,0.028951669390614,-0.04276064431335391,-0.12635312169788027,0.09999999999999998,0.7659776992113135,-0.11275664759340298,0.09999999999999998
2020-10-09,101.2,87.64,13689100.0,0.79,25.0,0,0,0,0,0,0.09090909090909105,-0.005672793283412747,0.01536843402782561,0.01651191731831013,0.016413052590869493,0.01060885608856088,-0.1257998595057156,-0.0798263124475541,0.12,0.7844710361707914,-0.06959434313360624,0.12
2020-10-12,102.44,88.71,16058000.0,0.79,25.07,0,0,0,0,0,0.09090909090909105,0.012209036969420328,0.013997696656241008,0.01644738784133248,0.01628877095859713,0.008985441310281894,0.17305009094827262,-0.09626735579158817,0.10999999999999999,0.7835191732390535,-0.0301740812379111,0.10999999999999999
2020-10-13,100.78,87.27,21697300.0,0.74,26.07,0,0,0,0,0,0.09090909090909105,-0.016232668244842707,0.015912556487656392,0.015224147673402933,0.01639260509731242,0.024536276121155165,0.3511832108606303,-0.18463060463475575,0.05999999999999994,0.7699211313570845,0.01875732708089095,0.05999999999999994
2020-10-14,100.22,86.79,15204100.0,0.73,26.4,0,0,0,0,0,0.09090909090909105,-0.0055001718803711075,0.014949566372641701,0.015281760369419296,0.016179337822622788,0.014613046527940154,-0.29926304194531117,-0.16852021276045615,0.040000000000000036,0.7654337775360348,0.01382488479262678,0.040000000000000036
2020-10-15,101.72,88.09,17171200.0,0.74,26.97,0,0,0,0,0,0.09090909090909105,0.014978684180205093,0.013222557043151397,0.015311190818166535,0.016254958861326715,0.0416223247014309,0.12937957524615062,-0.1832913251922542,0.050000000000000044,0.7576828936633124,0.019274376417233396,0.050000000000000044
2020-10-16,101.51,87.91,13275000.0,0.76,27.41,0,0,0,0,0,0.09090909090909105,-0.0020433647406062905,0.012932716490977266,0.01530995105168638,0.016256480224950593,0.04171110321128091,-0.22690318673127097,-0.2070832289433325,0.06000000000000005,0.7516997552352461,0.06116918312040265,0.06000000000000005
2020-10-19,99.8,86.42,11725700.0,0.78,29.18,0,0,0,0,0,0.09090909090909105,-0.016949152542372836,0.013009451023555047,0.01398151894181999,0.01638611825781598,0.05673758865248235,-0.11670809792843695,-0.2615570882081273,0.09999999999999998,0.7276312211041609,0.050395968322534124,0.09999999999999998
2020-10-20,100.37,86.92,11257100.0,0.81,29.35,0,0,0,0,0,0.09090909090909105,0.005785697755149366,0.012007874764174727,0.013611376619259851,0.016285608387401673,0.07454567931759182,-0.03996349898087104,-0.24430091715291524,0.13,0.7253195539842262,0.09270290394638869,0.13
2020-10-21,99.37,86.05,10730500.0,0.83,28.65,0,0,0,0,0,0.09090909090909105,-0.01000920386562365,0.012608507050924476,0.013189855172694399,0.016339123692495232,0.08143772778685432,-0.046779365911291504,-0.22850325976650665,0.1499999999999999,0.7348381833016046,0.0024492652204339826,0.1499999999999999
2020-10-22,102.88,89.09,14837200.0,0.87,28.11,0,0,0,0,0,0.09090909090909105,0.03532829750145261,0.02027223926606917,0.01486296270342765,0.016668314883916027,0.12062893081761006,0.3827128279204137,-0.11085488405355189,0.19999999999999996,0.7421811259178678,-0.014030164854437088,0.19999999999999996
2020-10-23,103.81,89.9,15087600.0,0.85,27.55,0,0,0,0,0,0.09090909090909105,0.009091929509484897,0.020270632279765968,0.014866138591566023,0.016301154915766072,0.12094763092269334,0.016876499609090656,-0.10217272748286785,0.18999999999999995,0.7497960293717705,0.04435178165276721,0.18999999999999995
2020-10-26,101.24,87.67,12410700.0,0.81,32.46,0,0,0,0,0,0.09090909090909105,-0.024805339265850934,0.02254071969494133,0.015331483839574427,0.01663691029826557,0.06253787419706702,-0.17742384474667938,-0.3104951230947985,0.14,0.6830296437313026,0.2394043528064147,0.14
2020-10-27,99.33,86.02,10391700.0,0.79,33.35,0,0,0,0,0,0.09090909090909105,-0.01882057716436647,0.024410408014941192,0.015907674046292845,0.016813629640951414,0.05146070162571803,-0.16268220164857738,-0.4577893922020475,0.13,0.6709273864563502,0.2695089455652837,0.13
2020-10-28,96.54,83.6,16389500.0,0.79,40.28,0,0,0,0,1,0.09090909090909105,-0.02813299232736577,0.027121280025162824,0.017219583417484273,0.01720569467253059,0.012106537530266248,0.5771721662480633,-0.5642799497801012,0.10000000000000009,0.576692956214305,0.5274933636708381,0.10000000000000009
2020-10-29,97.17,84.15,14208800.0,0.85,37.59,0,0,0,0,1,0.09090909090909105,0.00657894736842124,0.017732431480484003,0.017206606383994794,0.017080774001019795,0.011418269230769162,-0.13305469965526706,-0.44261435242476116,0.16999999999999993,0.6132716888768016,0.407865168539326,0.16999999999999993
2020-10-30,98.04,84.9,15194500.0,0.88,38.02,0,0,0,0,1,0.09090909090909105,0.00891265597147961,0.017681206769721167,0.01719143568581616,0.0171169951803768,0.010834623169424962,0.06937250154833619,-0.33828821762105543,0.18000000000000005,0.607424530867555,0.37604053564965634,0.18000000000000005
2020-11-02,100.25,86.81,15011600.0,0.87,37.13,0,0,0,0,1,0.09090909090909105,0.022497055359246065,0.020966884256888856,0.017275601435179685,0.01712656354585534,0.012125451789670061,-0.012037250320839799,-0.18850653027592007,0.08999999999999997,0.6195267881425074,0.3279685264663805,0.08999999999999997
2020-11-03,103.41,89.55,17482600.0,0.9,35.55,0,0,0,0,1,0.09090909090909105,0.031563183964981034,0.022767471815258927,0.018365669870230354,0.017524301483680817,0.055018850141375975,0.16460603799728202,-0.0846925212820174,0.14,0.6410116943160185,0.20590230664857523,0.14
2020-11-04,100.25,86.81,18886500.0,0.78,29.57,0,0,0,0,0,0.09090909090909105,-0.03059743160245665,0.023758070519411503,0.019464452893015342,0.01750805220407264,0.0052107457156092,0.08030270097125136,-0.04282518039232226,-0.030000000000000027,0.7223279847701931,0.053813257305773465,-0.030000000000000027
2020-11-05,104.35,90.36,17837400.0,0.79,27.58,0,0,0,0,0,0.09090909090909105,0.04089390623200084,0.027913356086469696,0.021035698718560474,0.018259801516077524,0.025187202178352575,-0.055547613374632654,-0.05886660480746438,0.010000000000000009,0.7493880881153114,0.04628224582701068,0.010000000000000009
2020-11-06,102.96,89.16,12552800.0,0.83,24.86,0,0,0,0,0,0.09090909090909105,-0.013280212483399723,0.030681707549192045,0.02123914052350876,0.018331294317286667,0.01734367868553166,-0.29626515075066995,-0.03520247774892915,0.039999999999999925,0.786374762034267,-0.005600000000000049,0.039999999999999925
2020-11-09,116.9,101.23,47792400.0,0.96,25.75,0,0,1,0,0,0.09090909090909105,0.1353746074472859,0.06467459126088478,0.036796196370724975,0.025290412548229016,0.14113403223988286,2.8073099228857306,-0.19815433260448495,0.16999999999999993,0.7742725047593146,0.027124052652572894,0.16999999999999993
2020-11-10,116.52,100.9,20539300.0,0.98,24.8,0,0,0,0,0,0.09090909090909105,-0.0032599031907537546,0.06668363450781037,0.03647372810920631,0.025014564920399263,0.15618196401970907,-0.5702392012119082,-0.21027449586597766,0.24,0.7871906445471852,-0.04871499808208668,0.24
2020-11-11,114.78,99.4,14443400.0,0.98,23.45,0,0,0,0,0,0.09090909090909105,-0.014866204162537144,0.06365842423839133,0.03671390448955916,0.02502585532531103,0.1452932365479893,-0.29679200362232405,-0.17155000521115574,0.25,0.8055480010878433,-0.1117424242424242,0.25
2020-11-12,113.37,98.18,22063000.0,0.88,25.35,0,0,0,0,0,0.09090909090909105,-0.012273641851106576,0.06558075184881604,0.03692342131306963,0.02510372466445393,0.11454194573731424,0.5275489150753978,-0.13362233137589843,0.14,0.7797117215121022,-0.06006674082313668,0.14
2020-11-13,114.08,98.79,11847900.0,0.89,23.1,0,0,0,0,0,0.09090909090909105,0.006213078019963403,0.06378598695092653,0.03687430076542148,0.025031228269444445,0.12376293936981009,-0.4629968725921225,-0.13446664417180818,0.13,0.8103073157465325,-0.157241882524626,0.13
2020-11-16,117.3,101.58,19858600.0,0.91,22.45,0,0,0,0,0,0.09090909090909105,0.028241724870938345,0.017429729984945408,0.03674858351806673,0.02523551644903744,0.17542235593612587,0.6761282590163658,-0.17288863256425538,0.13,0.8191460429698123,-0.23063742289239209,0.13
2020-11-17,116.11,100.55,14553200.0,0.87,22.71,0,0,0,0,0,0.09090909090909105,-0.010139791297499534,0.018090488538980307,0.036987314054948484,0.025087289973448144,0.15681086056143578,-0.2671588128065423,-0.1340440541461342,0.05999999999999994,0.8156105520805004,-0.2262350936967632,0.05999999999999994
2020-11-18,115.25,99.8,12571200.0,0.88,23.84,0,0,0,0,0,0.09090909090909105,-0.0074589756340128766,0.016890024159027302,0.036926577150416,0.02512221471241537,0.15979081929110972,-0.1361899788362697,-0.11367924873972117,0.050000000000000044,0.8002447647538754,-0.16788830715532288,0.050000000000000044
2020-11-19,115.56,100.07,10202500.0,0.86,23.11,0,0,0,0,0,0.09090909090909105,0.002705410821643328,0.01521050833235056,0.03637474048042086,0.025025592788131074,0.12324615557301599,-0.1884227440498918,-0.09974965099691355,-0.010000000000000009,0.8101713353277128,-0.17787264318747775,-0.010000000000000009
2020-11-20,114.57,99.21,12718900.0,0.83,23.7,0,0,0,0,0,0.09090909090909105,-0.008593984211052286,0.01606783811372297,0.03652109721368167,0.02475696635737264,0.10355951056729684,0.2466454300416565,-0.07919314848567795,-0.020000000000000018,0.802148490617351,-0.13974591651542656,-0.020000000000000018
2020-11-23,117.87,102.07,13209200.0,0.86,22.66,0,0,0,0,0,0.09090909090909105,0.02882773913919978,0.016316878296486752,0.03614294292783014,0.024991743043849723,0.16425230979810634,0.03854893111825719,-0.07950758418808006,0.04999999999999993,0.8162904541745988,-0.30191004313000613,0.04999999999999993
2020-11-24,123.32,106.79,20121600.0,0.88,21.64,0,0,0,0,0,0.09090909090909105,0.04624277456647419,0.024208985932359338,0.036507325119303706,0.025338188399793148,0.2414554754708209,0.5233019410713744,-0.09534804725601025,0.08999999999999997,0.8301604568942071,-0.35112443778110947,0.08999999999999997
2020-11-25,122.03,105.68,11715600.0,0.88,21.25,0,0,0,0,0,0.09090909090909105,-0.010394231669631937,0.024836715112082037,0.03570105434950829,0.025399703925528566,0.2641148325358853,-0.4177600190839694,0.06284585642103682,0.08999999999999997,0.8354636932281752,-0.4724428997020854,0.08999999999999997
2020-11-27,121.22,104.97,5983600.0,0.84,20.84,0,0,0,0,0,0.09090909090909105,-0.006718395155185575,0.026024542340873914,0.035937406331332244,0.02539055802628575,0.24741532976827085,-0.4892621803407422,0.11423648072436789,-0.010000000000000009,0.8410388903997824,-0.4455972333067306,-0.010000000000000009
2020-11-30,117.88,102.08,14411800.0,0.84,20.57,0,0,0,0,0,0.09090909090909105,-0.02753167571687154,0.03039511445761726,0.03699430164404603,0.025690201205802867,0.2023557126030624,1.4085500367671635,0.19607185258391321,-0.040000000000000036,0.844710361707914,-0.4589689637033141,-0.040000000000000036
2020-12-01,119.74,103.69,12668900.0,0.92,20.77,0,0,0,0,0,0.09090909090909105,0.015771943573667624,0.028451591297000884,0.036903963607160715,0.025629297650053794,0.19444764428061267,-0.1209356221984762,0.17469676811890916,0.050000000000000044,0.8419907533315203,-0.4406140587126314,0.050000000000000044
2020-12-02,122.04,105.68,10811300.0,0.95,21.17,0,0,0,0,0,0.09090909090909105,0.01919182177644907,0.019426191857699816,0.03661789431855359,0.02522838793310548,0.18012283640424354,-0.14662677896265663,0.08745305160883399,0.04999999999999993,0.8365515365787326,-0.4045007032348804,0.04999999999999993
2020-12-03,121.24,104.99,12904400.0,0.92,21.28,0,0,0,0,0,0.09090909090909105,-0.0065291445874339216,0.019079282386130558,0.0356331763335531,0.025251532236330643,0.2094228775486695,0.19360298946472665,0.33111335706122275,0.14,0.8350557519717161,-0.2803517078119716,0.14
2020-12-04,122.34,105.94,13583700.0,0.97,20.79,0,0,0,0,0,0.09090909090909105,0.009048480807696047,0.019233902058840163,0.03488945233288361,0.025195627767218308,0.17242142540947314,0.052640959672669796,0.25672863671376844,0.17999999999999994,0.8417187924938809,-0.24619289340101524,0.17999999999999994
2020-12-07,121.88,105.55,9724300.0,0.94,21.3,0,0,0,0,0,0.09090909090909105,-0.0036813290541816146,0.0114741577002261,0.034638779219717516,0.02518879079474578,0.18382682817406915,-0.28411993786670786,0.3300625039293486,0.10999999999999999,0.8347837911340766,-0.14320193081255028,0.10999999999999999
2020-12-08,122.0,105.65,9592100.0,0.92,20.68,0,0,0,0,0,0.09090909090909105,0.000947418285172974,0.010431363281156457,0.01775582047158151,0.025154766494596883,0.0436629457670652,-0.013594808880844855,-0.16374824582593053,-0.039999999999999925,0.8432145771008974,-0.19689320388349518,-0.039999999999999925
2020-12-09,121.05,104.83,13073900.0,0.95,22.27,0,0,0,0,0,0.09090909090909105,-0.007761476573592163,0.006827729477731042,0.017858074972060725,0.02478905684946002,0.038949454905847336,0.36298620739983956,-0.1484471162140334,-0.030000000000000027,0.8215936905085668,-0.1020161290322581,-0.030000000000000027
2020-12-10,120.27,104.15,13668400.0,0.92,22.52,0,0,0,0,0,0.09090909090909105,-0.006486692740627631,0.006820082326487884,0.017535392693202458,0.02482416200368572,0.04778672032193154,0.04547227682634869,-0.11020790046318613,-0.05999999999999994,0.8181941800380745,-0.03965884861407243,-0.05999999999999994
2020-12-11,119.56,103.54,9981600.0,0.9,23.31,0,0,0,0,0,0.09090909090909105,-0.005856937109937621,0.0034185909877393,0.017308458989728562,0.02477837245014306,0.05459360358525167,-0.26973164379151915,-0.024993920003849805,0.020000000000000018,0.8074517269513191,-0.08047337278106514,0.020000000000000018
2020-12-14,118.3,102.45,12112400.0,0.9,24.72,0,0,0,0,0,0.09090909090909105,-0.010527332431910397,0.004245693521194666,0.01753806706190029,0.024835331801857447,0.037048284239295404,0.21347278993347762,-0.11670424249023503,0.010000000000000009,0.7882784878977427,0.07012987012987004,0.010000000000000009
2020-12-15,120.32,104.19,12590200.0,0.92,22.89,0,0,0,0,0,0.09090909090909105,0.016983894582723202,0.01116514962725793,0.01681611559522972,0.024476357595064595,0.025694034258712417,0.03944717809847753,-0.11384973196971773,0.010000000000000009,0.813162904541746,0.01959910913140317,0.010000000000000009
2020-12-16,120.67,104.5,11169400.0,0.92,22.5,0,0,0,0,0,0.09090909090909105,0.0029753335252904467,0.010986528896292407,0.016596632300394043,0.024395656106692414,0.039283938339134794,-0.11284967673269686,-0.09569917080358811,0.050000000000000044,0.8184661408757139,-0.009247027741083214,0.050000000000000044
2020-12-17,119.67,103.63,11618000.0,0.94,21.93,0,0,0,0,0,0.09090909090909105,-0.008325358851674736,0.011260906542771688,0.01662388768137128,0.024301368072654237,0.03837675350701408,0.04016330331083129,-0.05160761565769563,0.05999999999999994,0.8262170247484362,-0.08011744966442957,0.05999999999999994
2020-12-18,119.08,103.12,28954800.0,0.95,21.57,0,0,1,0,0,0.09090909090909105,-0.004921354820032753,0.01116636443657518,0.016694528271561766,0.024322662302492283,0.030478664934545874,1.4922361852298156,-0.048194296818672516,0.08999999999999997,0.831112319825945,-0.06663781912591948,0.08999999999999997
2020-12-21,123.55,106.99,28323600.0,0.95,25.16,0,0,1,0,0,0.09090909090909105,0.03752909231962742,0.018760366698997326,0.0183145076957335,0.024686329141563195,0.07841951416187887,-0.021799494384350804,0.2538105119122385,0.12,0.7822953494696764,0.06160337552742612,0.12
2020-12-22,121.67,105.36,11788200.0,0.93,24.23,0,0,0,0,0,0.09090909090909105,-0.015235068698009169,0.020700333573413558,0.01780618137715362,0.02462430064726933,0.03223278142451269,-0.5838029064102022,0.1240139305190967,0.07000000000000006,0.7949415284199075,0.06928508384819065,0.07000000000000006
2020-12-23,125.07,108.31,14973200.0,0.96,23.31,0,0,0,0,0,0.09090909090909105,0.027999240698557415,0.023683008247200474,0.015755380914280557,0.024751679767401755,0.014233542466522975,0.2701854396769652,0.2647932837923456,0.07999999999999996,0.8074517269513191,0.07717190388170048,0.07999999999999996
2020-12-24,124.52,107.83,4164900.0,0.94,21.53,0,0,0,0,0,0.09090909090909105,-0.0044317237558859635,0.023092951929226366,0.015587454333131884,0.024773340793238806,0.020344436033308044,-0.7218430262068228,0.25238010541266365,0.05999999999999994,0.8316562415012239,0.013176470588235345,0.05999999999999994
2020-12-28,125.34,108.54,8072600.0,0.94,21.7,0,0,0,0,0,0.09090909090909105,0.006584438467958975,0.022007819237265167,0.015518958030475788,0.024772323359269283,0.03400971706201772,0.9382458162260798,0.22543246038679116,0.09999999999999998,0.8293445743812891,0.041266794625719694,0.09999999999999998
2020-12-29,125.01,108.26,8389200.0,0.94,23.08,0,0,0,0,0,0.09090909090909105,-0.0025796941219826675,0.016242485653948896,0.013962859389086582,0.024782000797606604,0.06054075235109724,0.03921908678740427,0.10161527764689877,0.09999999999999998,0.810579276584172,0.12202236266407374,0.09999999999999998
2020-12-30,125.36,108.56,7398000.0,0.93,22.77,0,0,0,0,0,0.09090909090909105,0.002771106595233608,0.013010979437579048,0.013637507181529389,0.024685974022394065,0.04696692062879748,-0.11815190959805466,0.17245334324185585,0.010000000000000009,0.8147946695675823,0.0962927298988927,0.010000000000000009
2020-12-31,127.07,110.04,8580200.0,0.93,22.75,0,0,0,0,0,0.09090909090909105,0.013633014001473986,0.007282412402078539,0.01333012229135196,0.02463987973253147,0.04125662376987127,0.15979994593133284,0.2621247025980318,-0.019999999999999907,0.8150666304052216,0.07463391591875279,-0.019999999999999907
2021-01-04,125.87,109.0,16819900.0,0.93,26.97,0,0,0,0,0,0.0277777777777779,-0.00945110868775001,0.008787160025102473,0.013445268858840089,0.024647372106779815,0.03819411372511672,0.9603156103587329,0.05197938885232612,0.010000000000000009,0.7576828936633124,0.2673872180451127,0.010000000000000009
2021-01-05,125.65,109.59,13731200.0,0.96,25.34,0,0,0,0,0,0.0277777777777779,0.005412844036697173,0.008655366364790617,0.013368756953299804,0.02455349500901624,0.03445346422503315,-0.18363367201945313,0.11116378936084742,-0.010000000000000009,0.779847701930922,0.21885521885521886,-0.010000000000000009
2021-01-06,131.55,114.74,24909100.0,1.04,25.07,0,0,1,0,0,0.0277777777777779,0.04699333880828527,0.02130628739658129,0.016673147834276245,0.025139135004220613,0.08706774040738985,0.8140512118387322,0.2352548909072772,0.10000000000000009,0.7835191732390535,0.17699530516431916,0.10000000000000009
2021-01-07,135.87,118.51,21940400.0,1.08,22.37,0,0,0,0,0,0.0277777777777779,0.032856893846958446,0.02231787294512806,0.017821367631084887,0.0253824492112812,0.12172266919072405,-0.11918134336447328,0.16454856559768305,0.16000000000000003,0.8202338863203699,0.08172147001934249,0.16000000000000003
2021-01-08,136.02,118.64,12035100.0,1.13,21.56,0,0,0,0,0,0.0277777777777779,0.0010969538435574577,0.02358377915746412,0.01757208844931944,0.025233259067472265,0.1317370981589241,-0.451463966017028,0.152466600051599,0.17999999999999994,0.8312483002447648,-0.031881454872025206,0.17999999999999994
2021-01-11,138.05,120.41,15937900.0,1.15,24.08,0,0,0,0,0,0.0277777777777779,0.014919082939986561,0.01929727198605591,0.0174000620129361,0.02522102377494354,0.1561209793566969,0.32428480029247786,0.14554268674717288,0.22999999999999987,0.796981234702203,0.06927175843694489,0.22999999999999987
2021-01-12,140.22,122.3,18033500.0,1.15,23.33,0,0,0,0,0,0.0277777777777779,0.015696370733327747,0.017810553240208308,0.017200700034441012,0.02522563420779615,0.1811860150666409,0.13148532742707641,0.14612835278245076,0.2499999999999999,0.8071797661136797,0.0008580008580008069,0.2499999999999999
2021-01-13,140.35,122.42,14816800.0,1.1,22.21,0,0,0,0,0,0.0277777777777779,0.0009811937857726605,0.01314651217383426,0.01671638239957208,0.025212747288010352,0.19492435334309421,-0.17837358249923752,0.2279848215197186,0.20000000000000007,0.8224095730214849,-0.10153721682847894,0.20000000000000007
2021-01-14,141.17,123.13,18565600.0,1.15,23.25,0,0,0,0,0,0.0277777777777779,0.005799705930403576,0.00721821978537662,0.016624682236990256,0.02503475078268761,0.1817832805451578,0.2530100966470492,0.2352277675961758,0.22999999999999987,0.8082676094642371,0.01572739187418093,0.22999999999999987
2021-01-15,138.64,120.92,27881000.0,1.11,24.34,0,0,1,0,0,0.0277777777777779,-0.017948509705189575,0.013693608873633018,0.0176202174685329,0.025228378224057626,0.15712918660287079,0.5017559357090533,0.15834580625947528,0.19000000000000006,0.7934457438128909,0.08177777777777773,0.19000000000000006
2021-01-19,138.04,120.4,19843800.0,1.1,23.24,0,0,0,0,0,0.0277777777777779,-0.004300363876943436,0.012466024641080275,0.017452514749191857,0.02517839312801273,0.16182572614107893,-0.2882679961263943,0.12004333941331742,0.16000000000000014,0.8084035898830568,0.059735522115823114,0.16000000000000014
2021-01-20,135.97,118.59,16028800.0,1.1,21.58,0,0,0,0,0,0.0277777777777779,-0.015033222591362194,0.010187917410487652,0.01797513233977832,0.025020095952431667,0.1500193948797517,-0.19225148409074877,0.1529171956810352,0.15000000000000013,0.8309763394071255,0.00046360686138147145,0.15000000000000013
2021-01-21,134.83,117.6,13411700.0,1.12,21.32,0,0,0,0,0,0.0277777777777779,-0.00834809005818371,0.00938980399004039,0.016784101038041507,0.025073863353314692,0.09916814655575279,-0.1632748552605311,0.09857686090449584,0.17000000000000015,0.8345118302964373,-0.15262321144674085,0.17000000000000015
2021-01-22,133.79,116.69,12933200.0,1.1,21.91,0,0,0,0,0,0.0277777777777779,-0.007738095238095211,0.00562525429911477,0.01639053426507334,0.02482811678214713,0.10753606681852701,-0.035677803708702105,0.1824788321798058,0.17000000000000004,0.8264889855860755,-0.09574907139909206,0.17000000000000004
2021-01-25,132.12,115.24,14212800.0,1.05,23.19,0,0,0,0,0,0.0277777777777779,-0.012426086211329235,0.004201845723312657,0.015922837278975477,0.0247373997651651,0.06398301172560239,0.09893916432128158,0.17187359201725946,0.09000000000000008,0.8090834919771552,-0.005148005148005064,0.09000000000000008
2021-01-26,131.58,114.77,11307800.0,1.05,23.02,0,0,0,0,0,0.0277777777777779,-0.004078444984380369,0.004271999656890887,0.01591409052104097,0.02438081590309176,0.06436056756004827,-0.20439322301024432,0.15101147379391008,0.1100000000000001,0.81139515909709,0.06920575940548068,0.1100000000000001
2021-01-27,127.86,111.52,17603900.0,1.04,37.21,0,0,0,0,1,0.0277777777777779,-0.028317504574366104,0.009493798557230152,0.017374868497904525,0.02476957827004351,0.02745531601252993,0.5567926563964698,-0.3062546007720447,0.10000000000000009,0.6184389447919498,0.7147465437788019,0.10000000000000009
2021-01-28,130.11,113.48,13761800.0,1.07,30.21,0,0,0,0,0,0.0277777777777779,0.017575322812051652,0.016559779031580346,0.0177072956801357,0.02481801256691282,0.048217254757066286,-0.21825277353313755,-0.20596359874977602,0.13000000000000012,0.7136252379657329,0.30892547660311975,0.13000000000000012
2021-01-29,128.67,112.23,14808100.0,1.11,33.09,0,0,0,0,0,0.0277777777777779,-0.011015156855833652,0.016660986716857375,0.017962872738090004,0.024797796068704393,0.033806190125276414,0.07602929849292961,-0.25871423529773124,0.18000000000000005,0.6744628773456621,0.45322793148880125,0.18000000000000005
2021-02-01,129.62,113.06,11080700.0,1.09,30.24,0,0,0,0,0,0.0277777777777779,0.0073955270426802056,0.01757431107580559,0.01780030711457025,0.024547066127022597,0.027444565612504412,-0.25171358918429776,-0.21340609615937914,0.16000000000000003,0.7132172967092738,0.3292307692307692,0.16000000000000003
2021-02-02,133.61,116.54,12253600.0,1.12,25.56,0,0,0,0,0,0.0277777777777779,0.030780116752167075,0.023346862617741115,0.01874532134887785,0.024351507669241358,0.0691743119266055,0.10585071340258279,-0.1814545534803984,0.19000000000000006,0.7768561327168888,-0.0522803114571746,0.19000000000000006
2021-02-03,135.14,117.87,10600800.0,1.15,22.91,0,0,0,0,0,0.0277777777777779,0.011412390595503696,0.01526477676462352,0.018825123875302694,0.023912533522344712,0.07555433889953456,-0.134882809949729,-0.19060657125286476,0.18999999999999995,0.8128909437041065,-0.09589581689029203,0.18999999999999995
2021-02-04,138.25,120.58,12419500.0,1.15,21.77,0,0,0,0,0,0.0277777777777779,0.02299143123780434,0.016002022017693258,0.016555943279128814,0.02390856950711483,0.050897681715182275,0.17156252358312574,-0.2642297359346916,0.10999999999999988,0.8283927114495513,-0.13163143199042682,0.10999999999999988
2021-02-05,137.98,120.35,10051300.0,1.19,20.87,0,0,0,0,0,0.0277777777777779,-0.0019074473378669632,0.012900479627568677,0.014961945817641065,0.016747024709609426,0.015526115939582974,-0.19068400499214944,-0.21759222011299156,0.10999999999999988,0.8406309491433234,-0.06705409029950826,0.10999999999999988
2021-02-08,140.14,122.23,10136400.0,1.19,21.24,0,0,0,0,0,0.0277777777777779,0.015621105110095623,0.01233850978387219,0.01532135823761504,0.01680423926162049,0.030259608900876644,0.00846656651378419,-0.25116675686034784,0.06000000000000005,0.8355996736469948,-0.014842300556586308,0.06000000000000005
2021-02-09,139.58,121.74,8614800.0,1.18,21.63,0,0,0,0,0,0.0277777777777779,-0.004008835801358135,0.011548399483347304,0.015037490693505287,0.016662740381088358,0.011045594219749155,-0.15011246596424765,-0.23443973686616387,0.030000000000000027,0.8302964373130269,-0.10174418604651159,0.030000000000000027
2021-02-10,139.66,121.81,10323200.0,1.15,21.99,0,0,0,0,0,0.0277777777777779,0.000574995892886454,0.011950621029611301,0.014615735320826854,0.01653842957527938,-0.004006541291905141,0.19830988531364624,-0.2249504523163602,0.0,0.8254011422355181,-0.05743677668238323,0.0
2021-02-11,139.27,121.47,9201000.0,1.16,21.25,0,0,0,0,0,0.0277777777777779,-0.0027912322469419992,0.008072079340461034,0.014625393626670664,0.01655639431749715,-0.007760169906878001,-0.1087066026038438,-0.2144187912505664,0.05999999999999983,0.8354636932281752,-0.04322377307519143,0.05999999999999983
2021-02-12,141.25,123.2,8324600.0,1.2,19.97,0,0,0,0,0,0.0277777777777779,0.014242199720095439,0.009477583172225827,0.014929034608566712,0.016299660508551694,0.0005685048322912056,-0.09525051624823389,-0.24830244809964763,0.050000000000000044,0.8528691868370954,-0.14107526881720434,0.050000000000000044
2021-02-16,144.65,126.17,12130600.0,1.3,21.46,0,0,0,0,0,0.0277777777777779,0.024107142857142883,0.012265736848945837,0.015207244670505292,0.01641845112025314,0.0434171352960635,0.4571991447036494,-0.28747289690043376,0.18999999999999995,0.8326081044329616,-0.11832374691865244,0.18999999999999995
2021-02-17,145.1,126.56,10810100.0,1.29,21.5,0,0,0,0,0,0.0277777777777779,0.0030910676071966847,0.01111264734156649,0.015129631610383502,0.016350863121020916,0.051162790697674376,-0.1088569402997378,-0.29259257877388883,0.18999999999999995,0.8320641827576829,-0.07487091222030973,0.18999999999999995
2021-02-18,145.59,126.99,10587800.0,1.29,22.49,0,0,0,0,0,0.0277777777777779,0.003397597977244038,0.010715615533656691,0.014548821180028983,0.016350108795601247,0.07083227928155833,-0.020564102089712377,-0.3413306895099865,0.18999999999999995,0.8186021212945336,0.04216867469879526,0.18999999999999995
2021-02-19,148.02,129.11,11969800.0,1.34,22.05,0,0,0,0,0,0.0277777777777779,0.01669422789196018,0.009035305621914189,0.014550552371432142,0.01634305119299878,0.09787414965986407,0.13052758835641032,-0.39052940005201486,0.21999999999999997,0.8245852597225999,0.03424015009380854,0.21999999999999997
2021-02-22,149.41,130.32,11488400.0,1.37,23.45,0,0,0,0,0,0.0277777777777779,0.009371853458291168,0.009036974589124393,0.014276217347249744,0.016043045599539035,0.11680521038649405,-0.04021788166886664,-0.4264242395918916,0.27,0.8055480010878433,0.07028753993610226,0.27
2021-02-23,150.61,131.36,16234400.0,1.37,23.11,0,0,0,0,0,0.0277777777777779,0.00798035604665448,0.005538375687178871,0.013632108014387929,0.015075019150456408,0.1398819854217288,0.4131123568120887,-0.4645471776355914,0.32000000000000006,0.8101713353277128,-0.0034497628288056026,0.32000000000000006
2021-02-24,153.26,133.68,15061400.0,1.38,21.34,0,0,0,0,0,0.0277777777777779,0.017661388550548107,0.006049002668788584,0.01359783149269075,0.015069710445471876,0.1647643112311581,-0.07225397920465182,-0.4976555450179068,0.32999999999999985,0.8342398694587979,-0.07298001737619464,0.32999999999999985
2021-02-25,151.18,131.86,18127700.0,1.54,28.89,0,0,0,0,0,0.0277777777777779,-0.013614602034709655,0.012622185401778037,0.011827939468700744,0.015179023993322778,0.18238880918220968,0.20358665197126435,-0.2710383329335684,0.5,0.7315746532499319,-0.22359580757860786,0.5
2021-02-26,147.17,128.36,19829200.0,1.44,27.95,0,0,0,0,0,0.0277777777777779,-0.02654330350371603,0.018357927000117843,0.01396331324175978,0.015144809856969817,0.13112442721184348,0.09386187988547912,-0.4620519922045734,0.3699999999999999,0.7443568126189829,-0.07480966567361802,0.3699999999999999
2021-03-01,150.5,131.27,14845500.0,1.45,23.35,0,0,0,0,0,0.0277777777777779,0.02267061389841074,0.021012929302832488,0.013799003840713498,0.015261915266660856,0.1696516083043751,-0.2513313698989369,-0.3586801315857751,0.33999999999999986,0.8069078052760402,-0.2943487458446661,0.33999999999999986
2021-03-02,150.01,130.84,14221700.0,1.42,24.1,0,0,0,0,0,0.0277777777777779,-0.0032756913232270257,0.020764103072267906,0.014026267996333656,0.015159441974293576,0.15726163099239332,-0.04201946717860627,-0.45053578655147924,0.32999999999999985,0.7967092738645635,-0.2030423280423279,0.32999999999999985
2021-03-03,152.91,133.37,14324100.0,1.47,26.67,0,0,0,0,0,0.0277777777777779,0.019336594313665634,0.021142895972200444,0.013234352246232914,0.015231870536514442,0.14441393512956924,0.007200264384707777,-0.4900062654510506,0.34999999999999987,0.7617623062279031,0.043427230046948484,0.34999999999999987
2021-03-04,150.56,131.32,20093900.0,1.54,28.57,0,0,0,0,0,0.0277777777777779,-0.015370773037414742,0.02143229254709594,0.014076717821201588,0.015422687251757727,0.11410876389242386,0.4028036665479855,-0.5709713299672208,0.3900000000000001,0.7359260266521621,0.24705368834570063,0.3900000000000001
2021-03-05,150.91,131.63,18465100.0,1.56,24.66,0,0,0,0,0,0.0277777777777779,0.002360645750837609,0.015875343329684797,0.013471258731760409,0.015393360462543113,0.09164040471056567,-0.08105942599495364,-0.5636650872355536,0.41000000000000014,0.7890943704106609,0.13275149288011034,0.41000000000000014
2021-03-08,152.91,133.37,17133300.0,1.59,25.47,0,0,0,0,0,0.0277777777777779,0.013218871078021888,0.013677222092963048,0.013518316432315892,0.015436246039792337,0.10818446198587472,-0.0721252525033712,-0.5675487990187745,0.40000000000000013,0.7780799564862659,0.2204120747484426,0.40000000000000013
2021-03-09,151.83,132.43,16238800.0,1.55,24.03,0,0,0,0,0,0.0277777777777779,-0.0070480617830096515,0.01422071144634002,0.013552074001049344,0.015427299509864436,0.08344923504867885,-0.05220827277874085,-0.5462385657167272,0.3600000000000001,0.7976611367963014,0.13135593220338992,0.3600000000000001
2021-03-10,155.13,135.31,14342200.0,1.53,22.56,0,0,0,0,0,0.0277777777777779,0.021747338216416168,0.014956135410739018,0.013958359099981707,0.01553167102673438,0.11146706094956471,-0.11679434440968539,-0.5922915658023973,0.3500000000000001,0.8176502583627958,0.04299583911234395,0.3500000000000001
2021-03-11,154.32,134.6,11771500.0,1.54,21.91,0,0,0,0,0,0.0277777777777779,-0.005247210110117528,0.012299901201369258,0.01412380892920002,0.015524984821775422,0.10499958952466959,-0.17924028391739066,-0.5687474519008432,0.3900000000000001,0.8264889855860755,-0.0036380172805819955,0.3900000000000001
2021-03-12,156.15,136.2,12849500.0,1.64,20.69,0,0,0,0,0,0.0277777777777779,0.011887072808320909,0.012523427515400245,0.014073479885311211,0.015426630312056154,0.12126450975549519,0.09157711421654002,-0.6211342077203104,0.48,0.8430785966820777,-0.02635294117647058,0.48
2021-03-15,155.37,135.52,12101100.0,1.62,20.03,0,0,0,0,0,0.0277777777777779,-0.004992657856093818,0.012873837333291806,0.014125730949672998,0.015395075282414024,0.10000000000000009,-0.05824351142067785,-0.5178693822418716,0.42000000000000015,0.8520533043241773,0.003004506760140302,0.42000000000000015
2021-03-16,153.51,133.89,12805600.0,1.62,19.79,0,0,0,0,0,0.0277777777777779,-0.012027744982290645,0.014013697723255517,0.013844030006326375,0.015541519524868444,0.06118728699373843,0.05821784796423457,-0.35893147693354993,0.32000000000000006,0.8553168343758499,-0.07781919850885377,0.32000000000000006
2021-03-17,155.09,135.27,13952400.0,1.63,19.23,0,0,0,0,0,0.0277777777777779,0.010306968406901262,0.010543499311162854,0.01393845471930676,0.015471841605784766,0.06882111251580292,0.08955456987567945,-0.38033144440103483,0.33999999999999986,0.8629317378297525,-0.10558139534883715,0.33999999999999986
2021-03-18,157.65,137.5,21898500.0,1.71,21.58,0,0,0,0,0,0.0277777777777779,0.016485547423671143,0.01219711633407822,0.014241016852545014,0.015496124033739704,0.08276242223797148,0.5695149221639288,-0.4009300035826606,0.41999999999999993,0.8309763394071255,-0.040462427745664775,0.41999999999999993
2021-03-19,155.14,135.32,54418800.0,1.74,20.95,0,0,1,0,0,0.0277777777777779,-0.015854545454545454,0.014067405305034421,0.014579411490322438,0.01512033311814096,0.04809852064131337,1.4850469210219877,-0.3039523321542001,0.3999999999999999,0.8395431057927658,-0.049886621315192836,0.3999999999999999
2021-03-22,150.97,131.68,19944800.0,1.69,18.88,0,0,0,0,0,0.0277777777777779,-0.02689920189181194,0.018309359859527783,0.015872022182626906,0.015443803982072006,0.010435850214855824,-0.6334943071144531,-0.12945343811809543,0.31999999999999984,0.8676910524884417,-0.1948827292110874,0.31999999999999984
2021-03-23,149.46,130.36,17076300.0,1.63,20.3,0,0,0,0,0,0.0277777777777779,-0.010024301336573505,0.01815473477737919,0.01594415528360036,0.015214073494183383,-0.007612667478684498,-0.1438219485780755,-0.09587154764125572,0.2599999999999998,0.8483818330160456,-0.12159238424924268,0.2599999999999998
2021-03-24,150.62,131.37,13079800.0,1.62,21.2,0,0,0,0,0,0.0277777777777779,0.0077477753912242875,0.01763704420862427,0.015505715627956993,0.015191671254202874,-0.017280071813285502,-0.23403781849698124,-0.08150212168512307,0.2400000000000002,0.8361435953222736,-0.006560449859418949,0.2400000000000002
2021-03-25,152.55,133.06,15608300.0,1.63,19.81,0,0,0,0,0,0.0277777777777779,0.012864428712795917,0.01653793766917218,0.015480508515642758,0.015235488028609134,0.009100561201274004,0.19331335341518985,-0.03791097066774279,0.08999999999999986,0.8550448735382106,-0.31429560401523027,0.08999999999999986
2021-03-26,155.09,135.27,16754400.0,1.67,18.86,0,0,0,0,0,0.0277777777777779,0.016609048549526495,0.01820314527835002,0.014477821552184337,0.01530663712094952,0.05383296977251484,0.07342888078778609,0.09688814900352694,0.22999999999999998,0.8679630133260811,-0.3252236135957066,0.22999999999999998
2021-03-29,152.68,133.17,17570300.0,1.73,20.74,0,0,0,0,0,0.0277777777777779,-0.015524506542470728,0.014279616334227072,0.014225241567984688,0.015509063687651573,0.014473984916584026,0.048697655541231066,0.09332170559277696,0.28,0.8423986945879793,-0.11177730192719493,0.28
2021-03-30,154.48,134.74,13184300.0,1.73,19.61,0,0,0,0,0,0.0277777777777779,0.011789442066531652,0.01281715970129602,0.014395082813199423,0.015490521509350328,0.02980739834912871,-0.24962578897343812,0.07303675184985432,0.31000000000000005,0.8577644819146043,-0.18630705394190883,0.31000000000000005
2021-03-31,152.23,132.78,16736700.0,1.74,19.4,0,0,0,0,0,0.0277777777777779,-0.014546534065607908,0.015873762084933258,0.014186201126059735,0.01557644573333766,-0.004423783459548636,0.26944168442769056,-0.009259536352083203,0.27,0.8606200707098178,-0.2725909261342333,0.27
2021-04-01,153.71,134.07,16561500.0,1.69,17.33,0,0,0,0,0,0.0277777777777779,0.009715318572073972,0.015402220492027979,0.013872912977049767,0.015595698647780388,0.020941212305817913,-0.010468013407661014,0.1414687240130254,0.1499999999999999,0.8887680174054936,-0.39341967098354924,0.1499999999999999
2021-04-05,153.62,134.78,13508000.0,1.73,17.91,0,0,0,0,0,0.0277777777777779,0.005295741030804768,0.01334068873767016,0.013902128249583631,0.014515710476774475,0.023930714882625548,-0.1843733961295776,0.1179181664948059,0.16999999999999993,0.8808811531139515,-0.2737226277372262,0.16999999999999993
2021-04-06,152.54,133.83,13071600.0,1.67,18.12,0,0,0,0,0,0.0277777777777779,-0.007048523519810002,0.011371974760032339,0.013723216022071124,0.014020495408138874,0.003449051510834522,-0.032306781166716037,0.0329303781678711,0.07999999999999985,0.8780255643187381,-0.2885747938751472,0.07999999999999985
2021-04-07,154.93,135.93,16903500.0,1.68,17.16,0,0,0,0,0,0.0277777777777779,0.01569154898004932,0.012382960444823924,0.014024408159097595,0.014128544293881277,0.026429056860228117,0.2931469751216378,0.010445731302724219,0.1299999999999999,0.8910796845254283,-0.285892634207241,0.1299999999999999
2021-04-08,155.12,136.09,12335500.0,1.64,16.95,0,0,0,0,0,0.0277777777777779,0.00117707643640097,0.008608235502687887,0.013182571792807104,0.014032695238635746,0.005764540684354502,-0.2702398911468039,-0.15482334395312672,0.10999999999999988,0.8939352733206418,-0.24867021276595747,0.10999999999999988
2021-04-09,156.28,137.11,12122400.0,1.67,16.69,0,0,0,0,0,0.0277777777777779,0.007495040047027723,0.008355566927722309,0.013204689435179323,0.013938023505108588,0.018647845468053648,-0.01727534352073279,-0.16200880219993766,0.1299999999999999,0.8974707642099538,-0.23824737562756726,0.1299999999999999
2021-04-12,155.95,136.82,12273400.0,1.69,16.91,0,0,0,0,0,0.0277777777777779,-0.002115090073663617,0.008827978507221296,0.012966537629312665,0.013947597293455228,0.004552129221732759,0.012456279284630112,-0.188439894228599,0.050000000000000044,0.8944791949959205,-0.18269695505074923,0.050000000000000044
2021-04-13,154.09,135.19,16113600.0,1.64,16.65,0,0,0,0,0,0.0277777777777779,-0.011913462944013964,0.010354070927920341,0.013205566351178045,0.014051821900446874,-0.0024350649350650677,0.312888034285528,-0.09370197632562023,0.019999999999999796,0.8980146858852325,-0.1687468796804794,0.019999999999999796
2021-04-14,151.21,132.66,19939600.0,1.64,16.99,0,0,0,0,0,0.0277777777777779,-0.018714401952807158,0.010467964545925914,0.013603715484107262,0.014070268163573426,-0.009186645753977096,0.23743918180915502,0.017714434494148005,0.019999999999999796,0.8933913516453631,-0.1414855987872663,0.019999999999999796
2021-04-15,152.17,133.51,17694100.0,1.56,16.57,0,0,0,0,0,0.0277777777777779,0.006407357153625837,0.011433170747591804,0.013469870017734288,0.01406151271319808,-0.013011015007023174,-0.11261509759473609,-0.02916227561819735,-0.06999999999999984,0.89910252923579,-0.1383255330213209,-0.06999999999999984
2021-04-16,153.3,134.5,13773400.0,1.59,16.25,0,0,0,0,0,0.0277777777777779,0.007415174893266485,0.011413540308113045,0.013010324951417858,0.013903212402808635,-0.021818181818181848,-0.22158233535472271,-0.2075858309720427,-0.11999999999999988,0.9034539026380202,-0.24698795180722888,-0.11999999999999988
2021-04-19,152.65,133.93,11900200.0,1.61,17.29,0,0,0,0,0,0.0277777777777779,-0.004237918215613368,0.011375354410767102,0.012564956274869343,0.013860442460887242,-0.010271947975169837,-0.13600127782537352,-0.11005877029810814,-0.1299999999999999,0.8893119390807723,-0.17470167064439146,-0.1299999999999999
2021-04-20,149.27,130.96,13716700.0,1.58,18.68,0,0,0,0,0,0.0277777777777779,-0.022175763458523123,0.013783910989514621,0.01207635892888952,0.014159134695925252,-0.005467800729040073,0.1526444933698594,-0.0930527938243917,-0.10999999999999988,0.8704106608648354,-0.010593220338983023,-0.10999999999999988
2021-04-21,150.54,132.08,12236700.0,1.57,17.5,0,0,0,0,0,0.0277777777777779,0.008552229688454593,0.012996552792492313,0.011995465444637586,0.014054911096716218,0.013194231359312747,-0.10789767218062651,-0.0458122717778235,-0.05999999999999983,0.8864563502855589,-0.13793103448275867,-0.05999999999999983
2021-04-22,147.37,129.3,15256100.0,1.57,18.71,0,0,0,0,0,0.0277777777777779,-0.021047849788007222,0.014853331799792547,0.012808641649549344,0.014354474536168869,-0.015757022151176026,0.24674953214510453,-0.18053314478010746,-0.050000000000000044,0.8700027196083764,-0.11745283018867914,-0.050000000000000044
2021-04-23,150.19,131.77,14041900.0,1.58,17.33,0,0,0,0,0,0.0277777777777779,0.019102861562258378,0.018113098535384748,0.013225917204366382,0.013951693496098538,-0.009694874492710004,-0.07958783699634897,-0.3075591779901128,-0.04999999999999982,0.8887680174054936,-0.1251892983341747,-0.04999999999999982
2021-04-26,150.56,132.09,10799100.0,1.58,17.64,0,0,0,0,0,0.0277777777777779,0.002428473855961011,0.018331678390312044,0.012632679239661852,0.013817685396800195,-0.023508538478598462,-0.2309374087552254,-0.39934246706147253,-0.08999999999999986,0.8845526244220832,-0.06468716861081647,-0.08999999999999986
2021-04-27,151.25,132.7,12821200.0,1.63,17.56,0,0,0,0,0,0.0277777777777779,0.004618063441592657,0.01475644599439737,0.012219402185610328,0.01370297986310532,-0.003529323421190944,0.18724708540526525,-0.3074649382981689,-0.10000000000000009,0.8856404677726407,-0.1533269045323047,-0.10000000000000009
2021-04-28,152.23,133.56,8943700.0,1.63,17.28,0,0,0,0,0,0.0277777777777779,0.0064807837226827925,0.014580172897232225,0.01200316132448889,0.013698388613577646,-0.008757607243580323,-0.30242878981686583,-0.5141357987572729,-0.10000000000000009,0.889447919499592,-0.1188169301376848,-0.10000000000000009
2021-04-29,155.19,136.16,12976900.0,1.65,17.61,0,0,0,0,0,0.0277777777777779,0.019466906259359096,0.008220142621909699,0.012295040463561984,0.013381957388268657,0.02545564090977548,0.4509543030289478,-0.3892348232737266,-0.09000000000000008,0.8849605656785423,-0.09226804123711341,-0.09000000000000008
2021-04-30,153.81,134.95,11705100.0,1.65,18.61,0,0,0,0,0,0.0277777777777779,-0.008886603995299724,0.01013559597009859,0.012330843366474047,0.013414126523089858,0.006563735362124179,-0.0980049164284228,-0.42517498540763654,-0.040000000000000036,0.8713625237965733,0.07386035776110789,-0.040000000000000036
2021-05-03,153.36,134.55,11801100.0,1.63,18.31,0,0,0,0,0,0.0277777777777779,-0.002964060763245513,0.010723735181252315,0.012296500936021398,0.013153041581324569,-0.0017064846416381396,0.008201553169131515,-0.4454129895242729,-0.10000000000000009,0.875441936361164,0.022333891680625273,-0.10000000000000009
2021-05-04,155.48,136.41,12977700.0,1.61,19.48,0,0,0,0,0,0.0277777777777779,0.013823857302118103,0.011660856296343105,0.012551093502270268,0.013232131064731097,0.019278188746917557,0.09970257009939743,-0.218117221525609,-0.05999999999999983,0.8595322273592603,0.07505518763796903,-0.05999999999999983
2021-05-05,157.52,138.2,10506700.0,1.59,19.15,0,0,0,0,0,0.0277777777777779,0.013122205116926855,0.012156259225996165,0.012405432656425215,0.01319297004510539,0.016699771941440344,-0.19040353837737045,-0.08720100493024188,-0.08999999999999986,0.8640195811803101,0.1159673659673659,-0.08999999999999986
2021-05-06,160.69,140.98,13542400.0,1.58,18.39,0,0,0,0,0,0.0277777777777779,0.020115774240231588,0.01232606722130913,0.01312925593776425,0.013369014789698952,0.035932103754868105,0.28892992090761127,-0.021923070125206695,-0.05999999999999983,0.8743540930106064,0.08495575221238938,-0.05999999999999983
2021-05-07,161.24,141.46,14257800.0,1.6,16.69,0,0,0,0,0,0.0277777777777779,0.003404738260746276,0.00917899503912931,0.013068389473968137,0.013366969000250462,0.031726351104952144,0.052826677693761814,-0.004310074864694607,-0.06999999999999984,0.8974707642099538,0.0,-0.06999999999999984
2021-05-10,161.22,141.45,14014300.0,1.63,19.66,0,0,0,0,0,0.0277777777777779,-7.069136151571787e-05,0.008239901320529687,0.01304541263595232,0.01335303465909541,0.03384008185937715,-0.01707837113720212,-0.030444441194218977,-0.06000000000000005,0.8570845798205058,0.16262566528681255,-0.06000000000000005
2021-05-11,158.54,139.1,15451700.0,1.64,21.84,0,0,0,0,0,0.0277777777777779,-0.0166136443973135,0.014006959512875353,0.013343375375173657,0.013491650444966868,0.028922257563429143,0.10256666405029158,-0.2898402336057555,0.0,0.8274408485178134,0.31171171171171186,0.0
2021-05-12,157.45,138.14,14381700.0,1.69,27.59,0,0,0,0,0,0.0277777777777779,-0.0069015097052480545,0.013600411536692293,0.012644085420243329,0.013226228571776643,0.04130860847278761,-0.06924804390455419,-0.3440403031839979,0.050000000000000044,0.7492521076964918,0.6238964096527371,0.050000000000000044
2021-05-13,161.5,141.69,15395000.0,1.66,23.13,0,0,0,0,0,0.0277777777777779,0.02569856667149284,0.01572870873146792,0.01368294867802134,0.013586600748222535,0.06126881881507007,0.07045759541639729,-0.139859131874963,0.09999999999999987,0.8098993744900734,0.3958961979480988,0.09999999999999987
2021-05-14,164.01,143.89,10584000.0,1.63,18.81,0,0,0,0,0,0.0277777777777779,0.01552685440045165,0.017050789018821712,0.013936504139091968,0.013697909902273769,0.06981412639405193,-0.3125040597596622,-0.1279699518451612,0.039999999999999813,0.8686429154201795,0.1575384615384614,0.039999999999999813
2021-05-17,164.67,144.47,9886800.0,1.64,19.72,0,0,0,0,0,0.0277777777777779,0.004030856904579938,0.01693263171245557,0.013817884956161973,0.013567372541993916,0.0786978272231762,-0.06587301587301586,-0.15237630206305272,0.029999999999999805,0.8562686973075877,0.1405436668594564,0.029999999999999805
2021-05-18,162.35,142.44,11098100.0,1.64,21.34,0,0,0,0,0,0.0277777777777779,-0.014051360143974567,0.016160815053038593,0.013112839202453175,0.013687120322744495,0.08766035430665853,0.12251689120847997,-0.24106923721252338,0.05999999999999983,0.8342398694587979,0.14239828693790146,0.05999999999999983
2021-05-19,161.11,141.35,13278900.0,1.68,22.18,0,0,0,0,0,0.0277777777777779,-0.007652344846953096,0.01630031984832812,0.013334496500484036,0.01371189887593575,0.07018473652331902,0.19650210396374157,-0.2680061862692343,0.10999999999999988,0.8228175142779439,0.26742857142857135,0.10999999999999988
2021-05-20,160.83,141.1,10426000.0,1.63,20.67,0,0,0,0,0,0.0277777777777779,-0.0017686593562079578,0.011329092778558009,0.012108401468593674,0.013547757234939865,0.09126063418406782,-0.2148446030921236,-0.34230014139320564,0.05999999999999983,0.8433505575197171,0.10475681453768049,0.05999999999999983
2021-05-21,162.66,142.71,10249000.0,1.63,20.15,0,0,0,0,0,0.0277777777777779,0.011410347271438859,0.009907966302070933,0.011734715182853527,0.013475502731918642,0.08302344995067168,-0.01697678879723763,-0.29295618454225963,0.04999999999999982,0.8504215392983411,0.16272360069244085,0.04999999999999982
2021-05-24,163.54,143.48,9440300.0,1.61,18.4,0,0,0,0,0,0.0277777777777779,0.0053955574241466575,0.010118633645231386,0.011731746000235422,0.01297414429263976,0.0862290862290862,-0.07890525904966339,-0.30612841516724326,0.030000000000000027,0.8742181125917868,0.04308390022675734,0.030000000000000027
2021-05-25,161.85,142.0,12609100.0,1.56,18.84,0,0,0,0,0,0.0277777777777779,-0.010315026484527423,0.00902326501408566,0.012171325211567847,0.012778225064436722,0.0700828937452902,0.33566729870872747,-0.27197261729890276,-0.06999999999999984,0.8682349741637204,0.07289293849658329,-0.06999999999999984
2021-05-26,161.83,141.98,13058300.0,1.58,17.36,0,0,0,0,0,0.0277777777777779,-0.00014084507042255723,0.008134156874720529,0.012174964471130218,0.012765224117116506,0.06304282719377041,0.035625064437588616,-0.24245645559984053,-0.04999999999999982,0.8883600761490346,0.004629629629629539,-0.04999999999999982
2021-05-27,164.35,144.19,15707500.0,1.61,16.74,0,0,0,0,0,0.0277777777777779,0.015565572615861445,0.01014834924023722,0.011928218289277719,0.01268465953074438,0.058974735605170414,0.20287479993567303,-0.24620395623920505,-0.039999999999999813,0.8967908621158553,-0.04940374787052815,-0.039999999999999813
2021-05-28,164.24,144.1,10291300.0,1.58,16.76,0,0,0,0,0,0.0277777777777779,-0.0006241764338720257,0.009469439518887181,0.011636704693492301,0.012496057872703687,0.06780288995924422,-0.34481617061913095,-0.24958198057881936,-0.06999999999999984,0.8965189012782159,-0.09940891993551848,-0.06999999999999984
2021-06-01,166.05,145.68,9445400.0,1.62,17.9,0,0,0,0,0,0.0277777777777779,0.01096460791117293,0.010266177031236232,0.011655743225934921,0.012553866884299346,0.08272017837235235,-0.08219564097830201,-0.2877927410447779,-0.009999999999999787,0.8810171335327713,-0.022392135445111983,-0.009999999999999787
2021-06-02,166.06,145.69,10498600.0,1.59,17.48,0,0,0,0,0,0.0277777777777779,6.864360241620737e-05,0.00757374991977128,0.011452474253282162,0.012465063778362151,0.06803020306429142,0.11150401253520226,-0.26997324963359204,-0.020000000000000018,0.8867283111231983,-0.10266940451745377,-0.020000000000000018
2021-06-03,166.17,145.79,13354400.0,1.63,18.04,0,0,0,0,0,0.0277777777777779,0.0006863889079551377,0.007436614499356445,0.011229885620942867,0.012414529420695129,0.05492040520984087,0.27201722134379813,-0.2583764194646686,0.039999999999999813,0.8791134076692956,-0.0579634464751958,0.039999999999999813
2021-06-04,166.44,146.03,8510800.0,1.56,16.42,0,0,0,0,0,0.0277777777777779,0.0016462034433089023,0.004778285062025614,0.010458411285322041,0.012131790572486157,0.03582068378493419,-0.3626969388366381,-0.22840117069704258,-0.020000000000000018,0.9011422355180854,-0.1071234366503534,-0.020000000000000018
2021-06-07,165.66,145.34,7267200.0,1.57,16.42,0,0,0,0,0,0.0277777777777779,-0.004725056495240687,0.005718434482214032,0.010550871513705592,0.012127168746819248,0.027428248268061672,-0.1461202237157494,-0.18130222066808357,-0.030000000000000027,0.9011422355180854,-0.016177351707609366,-0.030000000000000027
2021-06-08,165.0,144.76,10370700.0,1.53,17.07,0,0,0,0,0,0.0277777777777779,-0.003990642631072072,0.0028923487823193437,0.010615965556656792,0.012066483151561693,0.0234004948745139,0.4270558124174373,-0.15458741953865093,-0.09999999999999987,0.8923035082948055,-0.13173957273652082,-0.09999999999999987
2021-06-09,162.94,142.96,12377400.0,1.5,17.89,0,0,0,0,0,0.0277777777777779,-0.012434374136501725,0.005595235598191576,0.010282547251471026,0.012167864625705894,0.027749820273184955,0.19349706384332777,-0.042175082002011526,-0.1399999999999999,0.8811531139515909,-0.18086080586080588,-0.1399999999999999
2021-06-10,160.4,140.73,12119400.0,1.45,16.1,0,0,0,0,0,0.0277777777777779,-0.015598768886401881,0.006936453982102736,0.010822696897492358,0.012241002448289413,0.018749095120891957,-0.02084444228998017,0.22619441642919966,-0.24,0.9054936089203155,-0.4164552374048568,-0.24
2021-06-11,160.29,140.63,13683800.0,1.47,15.65,0,0,0,0,0,0.0277777777777779,-0.0007105805443046176,0.006245996586486768,0.00912690309039433,0.012180051290825809,-0.00748112075658125,0.12908229780352154,-0.07411071645302887,-0.18999999999999995,0.9116127277672015,-0.32338953739731946,-0.18999999999999995
2021-06-14,157.57,138.24,19917900.0,1.51,16.39,0,0,0,0,0,0.0277777777777779,-0.016994951290620675,0.007221370542441435,0.00904876948657219,0.012212461389495985,-0.039266106053234995,0.45558251362925506,-0.02174001108921376,-0.11999999999999988,0.9015501767745444,-0.1286549707602338,-0.11999999999999988
2021-06-15,155.18,136.15,24485500.0,1.51,17.02,0,0,1,0,0,0.0277777777777779,-0.0151186342592593,0.006616631172452874,0.009388051086673397,0.012196461233372735,-0.057589811033432525,0.22932136420004112,-0.01680991220177711,-0.1299999999999999,0.892983410388904,-0.13691683569979718,-0.1299999999999999
2021-06-16,156.27,137.1,25321200.0,1.57,18.15,0,0,1,0,0,0.0277777777777779,0.006977598237238203,0.010797820107822282,0.009252294033825794,0.011695713385047093,-0.03748946925021068,0.034130403708317214,0.13048820952485274,-0.06999999999999984,0.8776176230622791,-0.14948453608247425,-0.06999999999999984
2021-06-17,151.76,133.15,29722400.0,1.52,17.75,0,0,1,0,0,0.0277777777777779,-0.02881108679795763,0.014134887275024436,0.010994214826120948,0.012228126510209623,-0.05801202688362217,0.17381482710140128,0.22182958489422694,-0.15999999999999992,0.8830568398150667,-0.19972948602344454,-0.15999999999999992
2021-06-18,147.92,129.78,43595700.0,1.45,20.7,0,0,1,0,0,0.0277777777777779,-0.0253098009763425,0.013968022825620697,0.012071221231294891,0.012630772962133604,-0.08022678951098505,0.4667624417947407,-0.04907838443820659,-0.17999999999999994,0.8429426162632581,0.0014513788098693414,-0.17999999999999994
2021-06-21,150.43,131.98,18664800.0,1.5,17.89,0,0,0,0,0,0.0277777777777779,0.016951764524580026,0.020153690361927476,0.012501950412322584,0.0127127693694352,-0.0751874430663585,-0.5718660326591842,-0.17440027567400385,-0.1299999999999999,0.8811531139515909,-0.11215880893300234,-0.1299999999999999
2021-06-22,150.21,131.79,14251200.0,1.48,16.66,0,0,0,0,0,0.0277777777777779,-0.0014396120624337039,0.020054180748403434,0.012328827797870336,0.012523882081586194,-0.0814747700027878,-0.23646650379323642,-0.22107658806285269,-0.13000000000000012,0.8978787054664128,-0.0945652173913043,-0.13000000000000012
2021-06-23,151.12,132.59,12733300.0,1.5,16.32,0,0,0,0,0,0.0277777777777779,0.006070263297670575,0.019907267615272034,0.012442711419331875,0.012390192001553063,-0.06626760563380274,-0.10651032895475465,-0.22389912859918776,-0.06000000000000005,0.9025020397062823,-0.13375796178343946,-0.06000000000000005
2021-06-24,152.51,133.8,13733200.0,1.49,15.97,0,0,0,0,0,0.0277777777777779,0.009125876762953622,0.016157984170755126,0.012737481722407148,0.012351958937818664,-0.05761374841526956,0.07852638357692032,-0.26880240170614245,-0.09000000000000008,0.9072613543649715,-0.08006912442396308,-0.09000000000000008
2021-06-25,154.05,135.16,15484900.0,1.54,15.62,0,0,0,0,0,0.0277777777777779,0.010164424514200077,0.006685137483455611,0.012377888156115069,0.012271829355647478,-0.06262570219848806,0.12755220924474986,-0.31067576138832675,-0.07000000000000006,0.9120206690236606,-0.066905615292712,-0.07000000000000006
2021-06-28,154.33,135.4,14125800.0,1.49,15.76,0,0,0,0,0,0.0277777777777779,0.0017756732761171623,0.00491445398776541,0.012415290138348821,0.012212015390521322,-0.06037473976405261,-0.08776937532693141,-0.32020836723611396,-0.09000000000000008,0.910116943160185,-0.059665871121718506,-0.09000000000000008
2021-06-29,154.14,135.23,14528700.0,1.49,16.02,0,0,0,0,0,0.0277777777777779,-0.0012555391432792495,0.00485315695977932,0.011983228395922502,0.012195303913568099,-0.07173256452498633,0.028522278384233157,-0.38381387357689234,-0.13000000000000012,0.9065814522708731,-0.10502793296089385,-0.13000000000000012
2021-06-30,155.54,136.46,12531000.0,1.45,15.83,0,0,0,0,0,0.0277777777777779,0.00909561487835564,0.005170706138483436,0.012296416573937421,0.012212348211080158,-0.06335369620426923,-0.13750025810981026,-0.4223900291449058,-0.14000000000000012,0.9091650802284471,-0.0943935926773456,-0.14000000000000012
2021-07-01,157.08,137.81,10479400.0,1.48,15.48,0,0,0,0,0,0.0277777777777779,0.009893008940348835,0.005304413356084937,0.012617497610903744,0.012111800225870792,-0.05473626449001978,-0.16372196951560136,-0.48223778786357696,-0.1499999999999999,0.9139243948871363,-0.14190687361419063,-0.1499999999999999
2021-07-02,156.03,137.68,11424000.0,1.44,15.07,0,0,0,0,0,0.0277777777777779,-0.0009433277701182963,0.005414934389044734,0.012583419505318282,0.01211229492236297,-0.05718003150037665,0.09013874840162606,-0.46874880901118776,-0.1200000000000001,0.9194995920587435,-0.08221680876979298,-0.1200000000000001
2021-07-06,153.41,135.37,15083400.0,1.37,16.44,0,0,0,0,0,0.0277777777777779,-0.0167780360255666,0.010776949326349199,0.012960226328184941,0.012271070023951808,-0.06859777074446127,0.3203256302521009,-0.4459180991048531,-0.19999999999999996,0.900870274680446,0.0012180267965895553,-0.19999999999999996
2021-07-07,153.59,135.53,12271800.0,1.33,16.2,0,0,0,0,0,0.0277777777777779,0.001181945778237381,0.010760941758015452,0.013000765132829615,0.012269451342925747,-0.06376070737772854,-0.18640359600620549,-0.44989994108936665,-0.19999999999999996,0.9041338047321186,-0.0509666080843586,-0.19999999999999996
2021-07-08,150.94,133.19,17834600.0,1.3,19.0,0,0,0,0,0,0.0277777777777779,-0.017265550062716795,0.011889111014505672,0.013224181224872433,0.012375907613899987,-0.06834079462786802,0.45329943447579013,-0.4791660742490756,-0.19999999999999996,0.8660592874626054,0.0620458356623812,-0.19999999999999996
2021-07-09,155.77,137.45,13694500.0,1.37,16.18,0,0,0,0,0,0.0277777777777779,0.03198438321195285,0.020026397819781255,0.015074283775281529,0.012811597010971551,-0.0233070418531941,-0.23213865183407534,-0.4868120854352356,-0.07999999999999985,0.9044057655697579,0.004968944099378758,-0.07999999999999985
2021-07-12,158.0,139.42,19940400.0,1.38,16.17,0,0,0,0,0,0.0277777777777779,0.014332484539832713,0.021054755763828682,0.015463452888148582,0.012912187223218002,-0.008604138519519355,0.45608821059549465,-0.5008936229642712,-0.09000000000000008,0.9045417459885776,0.03322683706070295,-0.09000000000000008
2021-07-13,155.65,137.35,22671700.0,1.42,17.12,0,0,0,0,0,0.0277777777777779,-0.014847224214603272,0.020621658053040042,0.015348575960690765,0.013038243277749911,-0.006438078703703831,0.1369731800766283,-0.5334020839774655,-0.09000000000000008,0.891623606200707,0.044539353264185566,-0.09000000000000008
2021-07-14,155.12,136.88,14622800.0,1.37,16.33,0,0,0,0,0,0.0277777777777779,-0.003421914816163052,0.02082917781662097,0.014968781030197628,0.01303371315002125,0.005361733382298839,-0.35501969415615064,-0.5317250074940327,-0.1399999999999999,0.9023660592874626,-0.04054054054054057,-0.1399999999999999
2021-07-15,155.46,137.18,11539300.0,1.31,17.01,0,0,0,0,0,0.0277777777777779,0.0021917007597895832,0.01790593046714475,0.014895734895565192,0.012692019133763457,0.0005835156819840037,-0.21086932735180675,-0.5745822685587878,-0.26,0.8931193908077236,-0.06280991735537178,-0.26
2021-07-16,151.91,134.05,14002700.0,1.31,18.45,0,0,0,0,0,0.0277777777777779,-0.02281673713369292,0.01451138686508703,0.014332311850607038,0.013011548819895058,0.006759294029290208,0.21347915384815375,-0.6067619611703448,-0.20999999999999996,0.8735382104976883,0.03943661971830981,-0.20999999999999996
2021-07-19,146.97,129.69,22172900.0,1.19,22.5,0,0,0,0,0,0.0277777777777779,-0.03252517717269687,0.014100522855000677,0.015085468550542724,0.013409445051020315,-0.0006934812760055475,0.5834731873138752,-0.6547026640190645,-0.26,0.8184661408757139,0.08695652173913038,-0.26
2021-07-20,149.71,132.11,15385200.0,1.23,19.73,0,0,0,0,0,0.0277777777777779,0.01865988125530116,0.020345313766856773,0.015190521717674368,0.013398944619980434,0.0009849977269285048,-0.3061259465383418,-0.5395257567252283,-0.27,0.856132716888768,0.10285075461151472,-0.27
2021-07-21,152.86,134.88,12356700.0,1.3,17.91,0,0,0,0,0,0.0277777777777779,0.020967375671788524,0.024158549913234965,0.0158771791562224,0.013663947997124646,0.023446391987252513,-0.1968450198892442,-0.47638453417729104,-0.17999999999999994,0.8808811531139515,0.07503001200480197,-0.17999999999999994
2021-07-22,150.93,133.18,9913300.0,1.27,17.69,0,0,0,0,0,0.0277777777777779,-0.01260379596678518,0.024314508875138214,0.016127727642958202,0.013755281777782378,0.004449807677803674,-0.1977388785031602,-0.4795424992663644,-0.22999999999999998,0.8838727223279848,0.08394607843137258,-0.22999999999999998
2021-07-23,150.64,132.93,9666100.0,1.3,17.2,0,0,0,0,0,0.0277777777777779,-0.001877158732542461,0.022345016221341746,0.015999614816694558,0.013732419196263173,-0.00650224215246642,-0.024936196826485624,-0.4703267009605271,-0.18999999999999995,0.8905357628501496,0.07701941139636803,-0.18999999999999995
2021-07-26,151.65,133.82,8208000.0,1.29,17.58,0,0,0,0,0,0.0277777777777779,0.006695253140750701,0.014073475882532509,0.01589977946975903,0.013523167069660622,-0.009914175791654323,-0.15084677377639377,-0.4457710395930244,-0.25,0.8853685069350014,0.12548015364916765,-0.25
2021-07-27,151.45,133.64,11218700.0,1.25,19.36,0,0,0,0,0,0.0277777777777779,-0.001345090419967221,0.012456172971589453,0.015892844543871985,0.013476014671164424,-0.012998522895125708,0.36680068226120865,-0.4353270676289661,-0.24,0.8611639923850966,0.2284263959390862,-0.24
2021-07-28,151.7,133.86,9217300.0,1.26,18.31,0,0,0,0,0,0.0277777777777779,0.001646213708470734,0.007080277496926504,0.015899153804693717,0.013472394723618707,-0.010130888116542058,-0.17839856667884868,-0.4380593618713978,-0.22999999999999998,0.875441936361164,0.1429463171036205,-0.22999999999999998
2021-07-29,153.0,135.01,9063500.0,1.28,17.7,0,0,0,0,0,0.0277777777777779,0.008591065292095967,0.004719148712007632,0.01588370542307936,0.013398146556425844,-0.010625824417411778,-0.016686014342594868,-0.4153148361462209,-0.16999999999999993,0.8837367419091651,0.11813013265950723,-0.16999999999999993
2021-07-30,151.78,133.93,9805200.0,1.24,18.24,0,0,0,0,0,0.0277777777777779,-0.00799940745129979,0.006626216341904138,0.01577614063532744,0.013322559415053606,-0.028154705754299347,0.08183372869200634,-0.3968625981504167,-0.24,0.8763937992929018,0.17829457364341073,-0.24
2021-08-02,151.17,133.39,10203200.0,1.2,19.46,0,0,0,0,0,0.0277777777777779,-0.0040319569924589516,0.006257036087595711,0.015787489345302476,0.013053218432545996,-0.03115920976176656,0.040590706971810775,-0.4235370223083433,-0.24,0.8598041881968996,0.29130723291307237,-0.24
2021-08-03,152.89,134.91,10394800.0,1.19,18.04,0,0,0,0,0,0.0277777777777779,0.011395157058250227,0.008188056978591979,0.01560491138741759,0.013137725028805282,-0.003398094112432637,0.01877842245570016,-0.4920477937091484,-0.18000000000000016,0.8791134076692956,0.09732360097323589,-0.18000000000000016
2021-08-04,151.24,133.46,10155000.0,1.19,17.97,0,0,0,0,0,0.0277777777777779,-0.010747906011414954,0.00997321994246652,0.01578216468599396,0.01320114957473908,-0.015273371209326259,-0.023069226921152874,-0.4981768082572534,-0.14000000000000012,0.8800652706010335,0.10925925925925917,-0.14000000000000012
2021-08-05,153.15,135.14,9151500.0,1.23,17.28,0,0,0,0,0,0.0277777777777779,0.012588041360707125,0.010997535878139302,0.01553793330095099,0.013149557638324068,0.014640738794203578,-0.09881831610044312,-0.49217818421044196,-0.07000000000000006,0.889447919499592,-0.09052631578947368,-0.07000000000000006
2021-08-06,157.5,138.98,13328800.0,1.31,16.15,0,0,0,0,0,0.0277777777777779,0.02841497706082574,0.015366082659225098,0.01517772317536172,0.013634894212353251,0.011131320480174622,0.45646068950445273,-0.48960594932445745,-0.06000000000000005,0.904813706826217,-0.00185414091470959,-0.06000000000000005
2021-08-09,157.33,138.83,9516900.0,1.33,16.72,0,0,0,0,0,0.0277777777777779,-0.0010792919844579973,0.014859347420616002,0.014834554035857319,0.013217745253653188,-0.00423181752976598,-0.2859897365104136,-0.4428739007913923,-0.04999999999999982,0.8970628229534947,0.034013605442176686,-0.04999999999999982
2021-08-10,159.26,140.53,8667000.0,1.36,16.79,0,0,0,0,0,0.0277777777777779,0.01224519196139151,0.01491104233631692,0.014653604917617904,0.013157993658704247,0.023152530032763075,-0.08930429026258546,-0.5153439667496683,-0.05999999999999983,0.8961109600217568,-0.01927570093457953,-0.05999999999999983
2021-08-11,161.16,142.21,9156500.0,1.35,16.06,0,0,0,0,0,0.0277777777777779,0.011954742759553216,0.010458565800464387,0.01479839899122638,0.013241783592666092,0.03893921683226198,0.056478596977039386,-0.574038185433322,-0.020000000000000018,0.9060375305955942,-0.016533986527862754,-0.020000000000000018
2021-08-12,161.79,142.76,8844200.0,1.36,15.59,0,0,0,0,0,0.0277777777777779,0.0038675198649882336,0.01120817253381881,0.01480418852909064,0.013125103716308923,0.04067648345239827,-0.03410691858242776,-0.5524318746730463,0.050000000000000044,0.9124286102801197,-0.08348030570252807,0.050000000000000044
2021-08-13,159.98,141.17,8980900.0,1.29,15.45,0,0,0,0,0,0.0277777777777779,-0.01113757355001399,0.009782388405171582,0.013976835480615925,0.013167737497870098,0.053114509511376085,0.015456457339273255,-0.44308475727511415,-0.020000000000000018,0.9143323361435953,-0.16260162601626016,-0.020000000000000018
2021-08-16,158.93,140.24,8755800.0,1.26,16.12,0,0,0,0,0,0.0277777777777779,-0.006587801940922122,0.010652127364027673,0.01152647863100478,0.013193778474795312,0.08134782943943253,-0.02506430313220276,-0.008598250668082924,0.07000000000000006,0.905221648082676,-0.28355555555555556,0.07000000000000006
2021-08-17,157.01,138.55,9347200.0,1.26,17.91,0,0,0,0,0,0.0277777777777779,-0.012050770108385622,0.010387458225407745,0.011513633473428181,0.013197049426624405,0.04874725607448327,0.06754379953859146,-0.18465550070218026,0.030000000000000027,0.8808811531139515,-0.09224531170805883,0.030000000000000027
2021-08-18,155.58,137.28,8065500.0,1.27,21.57,0,0,0,0,0,0.0277777777777779,-0.009166365932876341,0.006434180317462265,0.010918523798301083,0.013222401493044827,0.017793594306049876,-0.13712127695994525,-0.3245289882052468,-0.030000000000000027,0.831112319825945,0.204355108877722,-0.030000000000000027
2021-08-19,154.28,136.14,9517700.0,1.24,21.67,0,0,0,0,0,0.0277777777777779,-0.008304195804195946,0.002190741925901867,0.010677516826067483,0.013200018145611338,0.022225559393302063,0.1800508337982767,-0.38666642113942745,-0.030000000000000027,0.8297525156377481,0.2249858677218768,-0.030000000000000027
2021-08-20,154.72,136.53,6974100.0,1.26,18.56,0,0,0,0,0,0.0277777777777779,0.002864698104892094,0.005673846170453372,0.010659309464901883,0.013207553936120402,0.02708192281652,-0.2672494405160911,-0.38835213475124586,-0.040000000000000036,0.8720424258906717,0.07906976744186034,-0.040000000000000036
2021-08-23,156.7,138.27,7934600.0,1.25,17.15,0,0,0,0,0,0.0277777777777779,0.01274445176884198,0.010369676673511104,0.010900838570870505,0.013154064717454674,0.03325362427140943,0.1377238640111269,-0.3958086094608651,-0.040000000000000036,0.8912156649442481,-0.024459613196814556,-0.040000000000000036
2021-08-24,157.67,139.13,7670900.0,1.29,17.22,0,0,0,0,0,0.0277777777777779,0.006219715050263863,0.009466987013604133,0.010921094763912642,0.013183608774227291,0.04108051481592345,-0.033234189499155575,-0.3950881671319861,0.040000000000000036,0.8902638020125102,-0.11053719008264462,0.040000000000000036
2021-08-25,160.92,142.0,11335000.0,1.35,16.79,0,0,0,0,0,0.0277777777777779,0.020628189463092195,0.010845629534863658,0.01168061062507862,0.013383544557088525,0.060809801284924525,0.4776623342762909,-0.4082484507250919,0.09000000000000008,0.8961109600217568,-0.08301474604041503,0.09000000000000008
2021-08-26,161.75,142.73,11027500.0,1.34,18.84,0,0,0,0,0,0.0277777777777779,0.005140845070422451,0.0072137175477839915,0.0116193250257816,0.01340216393960215,0.05718094955929187,-0.02712836347595937,-0.39912661153794005,0.06000000000000005,0.8682349741637204,0.06440677966101704,0.06000000000000005
2021-08-27,163.05,143.88,8780200.0,1.31,16.39,0,0,0,0,0,0.0277777777777779,0.00805717088208513,0.006336594456912845,0.011382689740326888,0.013444639893430773,0.07429254087956383,-0.2037905236907731,-0.40100819003750215,0.07000000000000006,0.9015501767745444,-0.10142543859649111,0.07000000000000006
2021-08-30,160.44,141.57,7937600.0,1.29,16.19,0,0,0,0,0,0.0277777777777779,-0.016055045871559703,0.01321178859646655,0.012104399732891891,0.013598320215687054,0.061323937326636324,-0.09596592332748688,-0.2828337948634707,0.09000000000000008,0.9042697851509383,-0.16803699897225077,0.09000000000000008
2021-08-31,159.95,141.14,12340800.0,1.3,16.48,0,0,0,0,0,0.0277777777777779,-0.003037366673730335,0.013605528793159686,0.012010523799052158,0.013591020003468703,0.046178934104217584,0.5547268695827454,-0.2854251633115363,0.1100000000000001,0.9003263530051673,-0.0864745011086474,0.1100000000000001
2021-09-01,159.72,140.94,8729900.0,1.31,16.11,0,0,0,0,0,0.0277777777777779,-0.0014170327334560584,0.009349504892225175,0.011651732131629703,0.01358354746252361,0.05604675558219685,-0.29259853494100874,-0.2561723228165082,0.1200000000000001,0.9053576285014958,-0.10350584307178634,0.1200000000000001
2021-09-02,160.46,141.59,8813300.0,1.29,16.41,0,0,0,0,0,0.0277777777777779,0.004611891585071692,0.00925866218880192,0.01143333759339831,0.01350465160146408,0.04772828178185606,0.009553374036357809,-0.26522284884122926,0.06000000000000005,0.901278215936905,-0.05034722222222232,0.06000000000000005
2021-09-03,159.49,140.74,7959700.0,1.33,16.41,0,0,0,0,0,0.0277777777777779,-0.006003248817006757,0.007589097216488529,0.00978186193440532,0.013373830041917207,0.012663692617642885,-0.0968536189622502,-0.20393733976001266,0.020000000000000018,0.901278215936905,0.016099071207430482,0.020000000000000018
2021-09-07,159.21,140.49,9285600.0,1.38,18.14,0,0,0,0,0,0.0277777777777779,-0.001776325138553414,0.003875507170116086,0.009789679041199555,0.013375617951025983,0.011957069797594144,0.1665766297724789,-0.21239678495409098,0.04999999999999982,0.8777536034810987,0.08492822966507196,0.04999999999999982
2021-09-08,158.5,139.86,7852700.0,1.35,17.96,0,0,0,0,0,0.0277777777777779,-0.004484304932735439,0.004066061330130321,0.009454880456440641,0.013201441568226847,-0.004767665267202625,-0.15431420694408549,-0.2088857969366629,-0.010000000000000009,0.8802012510198531,0.06968433591423473,-0.010000000000000009
2021-09-09,159.19,140.47,7904300.0,1.3,18.8,0,0,0,0,0,0.0277777777777779,0.004361504361504176,0.004935335013361536,0.009086542250742133,0.013055047570565536,-0.012235426481963407,0.006570988322487814,-0.13996547530615897,-0.050000000000000044,0.8687788958389991,0.17061021170610235,-0.050000000000000044
2021-09-10,157.36,138.86,8311600.0,1.35,20.95,0,0,0,0,0,0.0277777777777779,-0.011461522033174187,0.005803025669895666,0.009335090265813577,0.013119356711664107,-0.02731857663210968,0.05152891464139775,-0.20536890356173335,-0.010000000000000009,0.8395431057927658,0.34381013470173194,-0.010000000000000009
2021-09-13,159.86,141.06,10052800.0,1.33,19.37,0,0,0,0,0,0.0277777777777779,0.015843295405444158,0.010288717494918246,0.009783854471861789,0.01269997710069271,-0.0007792023801089787,0.2094903508349777,-0.2018219308824506,0.040000000000000036,0.8610280119662769,0.25372168284789653,0.040000000000000036
2021-09-14,157.07,138.6,11685600.0,1.28,19.46,0,0,0,0,0,0.0277777777777779,-0.01743938749468321,0.013142448188377278,0.01044720128208764,0.012461597999601374,-0.011694238448374361,0.16242240967690602,-0.29532781028156474,0.020000000000000018,0.8598041881968996,0.20719602977667484,0.020000000000000018
2021-09-15,158.16,139.56,11691500.0,1.31,18.18,0,0,0,0,0,0.0277777777777779,0.006926406926407003,0.01371933121904952,0.010205350559097952,0.012312764779855757,0.007289787080476229,0.0005048949133976688,-0.3088491773549263,0.050000000000000044,0.8772096818058199,0.015075376884422065,0.050000000000000044
2021-09-16,158.09,139.5,10880900.0,1.34,18.69,0,0,0,0,0,0.0277777777777779,-0.00042992261392948983,0.013472740945130826,0.009957726978239042,0.012310055791801966,0.016171328671328755,-0.06933242098960779,-0.24152217958444397,0.07000000000000006,0.8702746804460157,-0.13351877607788587,0.07000000000000006
2021-09-17,157.68,139.14,25581600.0,1.37,20.81,0,0,1,0,0,0.0277777777777779,-0.002580645161290418,0.012337804464533537,0.009761115410993094,0.01230059001986785,0.02203613926840009,1.3510555193044693,-0.17460132677052745,0.13000000000000012,0.8414468316562416,-0.039686202122750536,0.13000000000000012
2021-09-20,152.96,134.97,15819900.0,1.31,25.71,0,0,0,0,0,0.0277777777777779,-0.029969814575247833,0.014822341026983515,0.011966981703455464,0.01287822816457275,-0.011426060206548017,-0.38159067454733087,-0.5360357760384279,0.050000000000000044,0.7748164264345934,0.38523706896551735,0.050000000000000044
2021-09-21,152.98,134.99,8999900.0,1.33,24.36,0,0,0,0,0,0.0277777777777779,0.0001481810772765435,0.014307422749848094,0.011557369730857785,0.01281197338092699,-0.02372170391263473,-0.4311025986257815,-0.44051104794721835,0.08000000000000007,0.7931737829752515,0.4204081632653063,0.08000000000000007
2021-09-22,155.91,137.58,11236200.0,1.32,20.87,0,0,0,0,0,0.0277777777777779,0.01918660641529013,0.0175779813981792,0.012329627412501739,0.01304652152461804,-0.011140659814561804,0.24848053867265185,-0.32449624741177713,0.030000000000000027,0.8406309491433234,0.21196283391405357,0.030000000000000027
2021-09-23,161.18,142.23,12336100.0,1.41,18.63,0,0,0,0,0,0.0277777777777779,0.03379851722634086,0.024138177249306614,0.013782828715892542,0.013739858956953671,0.001619718309859186,0.09788896602054065,-0.24433587030403794,0.05999999999999983,0.871090562958934,0.1095890410958904,0.05999999999999983
2021-09-24,163.04,143.87,10102400.0,1.47,17.75,0,0,0,0,0,0.0277777777777779,0.011530619419250598,0.023983829512089414,0.013976787597327537,0.013767941333635072,0.007987108526588793,-0.18107019236225386,-0.25782966082917086,0.1299999999999999,0.8830568398150667,-0.05785562632696395,0.1299999999999999
2021-09-27,166.98,147.34,13220900.0,1.48,18.76,0,0,0,0,0,0.0277777777777779,0.0241189963161188,0.012734670830813111,0.014867509854842803,0.014043855709678602,0.02404781762579944,0.3086890243902438,-0.22920543734657628,0.16999999999999993,0.869322817514278,0.1446003660768762,0.16999999999999993
2021-09-28,166.08,146.55,13387900.0,1.54,23.25,0,0,0,0,0,0.0277777777777779,-0.005361748337179284,0.014722575673185544,0.014395568748790248,0.014066913609428217,0.03517694426785356,0.0126315152523655,-0.34161376463557475,0.25,0.8082676094642371,0.4360716491661518,0.25
2021-09-29,165.95,146.44,7777100.0,1.55,22.56,0,0,0,0,0,0.0277777777777779,-0.0007505970658479022,0.016462444215840227,0.014363935873505786,0.013871748349733292,0.037551367436587935,-0.4190948543087415,-0.3739587349553581,0.25,0.8176502583627958,0.3689320388349513,0.25
2021-09-30,163.69,144.44,13161200.0,1.52,23.14,0,0,0,0,0,0.0277777777777779,-0.013657470636438185,0.014833120079604276,0.01476965849405475,0.014007424071352642,0.02483326238115513,0.6923017577246018,-0.4521729088957984,0.20999999999999996,0.8097633940712538,0.4363749224084421,0.20999999999999996
2021-10-01,167.13,147.48,11285000.0,1.48,21.15,0,0,0,0,0,0.0277777777777779,0.021046801440044227,0.016669889787085612,0.015405350115206957,0.014026571408910976,0.04159898297902376,-0.14255539008601037,-0.4147560417994126,0.18999999999999995,0.8368234974163721,0.28884826325411317,0.18999999999999995
2021-10-04,166.95,147.32,14120000.0,1.49,22.96,0,0,0,0,0,0.0277777777777779,-0.0010848928668293345,0.012844996193581905,0.015307253852842307,0.013458480452657717,0.04675287764672431,0.2512184315463004,-0.49569602920539435,0.15999999999999992,0.8122110416100081,0.3991468616697136,0.15999999999999992
2021-10-05,168.66,149.72,12292900.0,1.54,21.3,0,0,0,0,0,0.0277777777777779,0.016291067064892806,0.014152681805028369,0.015578648367095953,0.01349309134808155,0.06569862623674272,-0.12939801699716713,-0.5052955876218047,0.16000000000000014,0.8347837911340766,0.1742006615214995,0.16000000000000014
2021-10-06,169.02,150.04,8692600.0,1.53,21.0,0,0,0,0,0,0.0277777777777779,0.0021373230029386736,0.013948976728464292,0.015474485871501242,0.013326189658054656,0.07278707278707253,-0.2928763757941576,-0.5652832042632552,0.17999999999999994,0.8388632036986674,0.16926503340757226,0.17999999999999994
2021-10-07,170.09,150.99,10195400.0,1.58,19.54,0,0,0,0,0,0.0277777777777779,0.006331644894694843,0.009409983255439382,0.015485636394326988,0.013323862684999296,0.07489143589378533,0.17288268182131938,-0.5761657846249885,0.28,0.8587163448463422,0.03936170212765955,0.28
2021-10-08,170.22,151.11,8190100.0,1.61,18.77,0,0,0,0,0,0.0277777777777779,0.0007947546195112842,0.0069301912165429915,0.01509023300861167,0.013324251565744719,0.08821834941667861,-0.19668674107931028,-0.5649286525350115,0.26,0.8691868370954583,-0.10405727923627683,0.26
2021-10-11,166.64,147.93,12154700.0,1.61,20.0,0,0,0,0,0,0.0277777777777779,-0.0210442723843558,0.013688323717847426,0.015846106084007435,0.01327083125152412,0.048702679710761476,0.48407223355026185,-0.4847627658642071,0.28,0.8524612455806364,0.03252452245740822,0.28
2021-10-12,165.36,146.79,13032600.0,1.59,19.85,0,0,0,0,0,0.0277777777777779,-0.007706347596836416,0.010858071542774376,0.015342997477743309,0.012552361966414257,0.05909090909090908,0.0722272042913441,-0.5305121953214966,0.31000000000000005,0.8545009518629317,0.020041109969167525,0.31000000000000005
2021-10-13,161.0,142.92,22753500.0,1.56,18.64,0,0,0,0,0,0.0277777777777779,-0.026364193746168052,0.013941517919463004,0.016643720258685255,0.01288953560628706,0.02407566638005143,0.7458910731550112,-0.38431109213071396,0.25,0.8709545825401142,0.025302530253025424,0.25
2021-10-14,163.47,145.12,15176800.0,1.52,16.86,0,0,0,0,0,0.0277777777777779,0.015393226980128905,0.01682143963237686,0.016929692358776297,0.012765553658725958,0.0402867383512544,-0.3329905289296152,-0.4356729605008639,0.17999999999999994,0.8951590970900191,-0.0979133226324238,0.17999999999999994
2021-10-15,166.61,147.9,14267400.0,1.59,16.3,0,0,0,0,0,0.0277777777777779,0.01915656008820288,0.02071630440216786,0.017306079541004306,0.012837518991024876,0.06295817162570083,-0.05992040482842231,-0.4772729651425594,0.21999999999999997,0.9027740005439217,-0.21672272945699178,0.21999999999999997
2021-10-18,166.55,147.85,12672900.0,1.59,16.31,0,0,0,0,0,0.0277777777777779,-0.00033806626098720205,0.01842887706096098,0.01549006746520865,0.012831522903271568,0.09542861376602207,-0.11175827410740569,-0.27996027361439596,0.28,0.902638020125102,-0.3656164916374952,0.28
2021-10-19,168.57,149.64,8053900.0,1.65,15.7,0,0,0,0,0,0.0277777777777779,0.012106865065945271,0.018480062639568057,0.015536612287472384,0.012885027546079012,0.1085265575227794,-0.364478532932478,-0.2941771218666309,0.31999999999999984,0.9109328256731031,-0.35550082101806246,0.31999999999999984
2021-10-20,170.84,151.66,8185600.0,1.65,15.49,0,0,0,0,0,0.0277777777777779,0.013499064421277795,0.0073690261346684525,0.015319189393662008,0.012963048331390958,0.10234045646169498,0.016352326202212497,-0.35149895198475983,0.32999999999999985,0.9137884144683166,-0.25778629611883086,0.32999999999999985
2021-10-21,169.5,150.47,8415200.0,1.68,15.01,0,0,0,0,0,0.0277777777777779,-0.007846498747197672,0.011066476795315163,0.01396878264063373,0.01302760136908517,0.05793433171623441,0.028049257232212632,-0.26060192114109443,0.27,0.9203154745716617,-0.19431025228126675,0.27
2021-10-22,171.78,152.49,8817900.0,1.66,15.43,0,0,0,0,0,0.0277777777777779,0.013424602910879324,0.009752025120869035,0.01403653749159075,0.013083655328279984,0.05991520122332661,0.04785388344899699,-0.2847618696813881,0.18999999999999995,0.9146042969812347,-0.13070422535211268,0.18999999999999995
2021-10-25,170.94,151.75,10159200.0,1.64,15.24,0,0,0,0,0,0.0277777777777779,-0.004852777231293959,0.010670881662366313,0.01321397703625233,0.013048684777574211,0.029930772363241376,0.152111046847889,-0.24527919090141914,0.15999999999999992,0.9171879249388089,-0.187633262260128,0.15999999999999992
2021-10-26,171.4,152.16,8015100.0,1.63,15.98,0,0,0,0,0,0.0277777777777779,0.0027018121911037696,0.009969481040143972,0.013114348911168376,0.013023392416994376,0.03828045035823946,-0.21105008268367587,-0.21538851286892507,0.08999999999999986,0.9071253739461518,-0.3126881720430107,0.08999999999999986
2021-10-27,167.83,148.99,9847000.0,1.54,16.98,0,0,0,0,0,0.0277777777777779,-0.02083333333333326,0.012708947638187576,0.014067201915327242,0.013302694878471659,0.017413275061458622,0.2285561003605694,-0.1539944727800122,-0.010000000000000009,0.8935273320641828,-0.24734042553191482,-0.010000000000000009
2021-10-28,170.36,151.23,7212900.0,1.57,16.53,0,0,0,0,0,0.0277777777777779,0.015034566078260259,0.014706633814159951,0.013960894928826116,0.013308793691315655,0.047009138742730494,-0.2675027927287499,-0.08409163996839696,0.050000000000000044,0.8996464509110688,-0.28565254969749354,0.050000000000000044
2021-10-29,169.89,150.82,8140100.0,1.55,16.26,0,0,0,0,0,0.0277777777777779,-0.0027111022945182084,0.012995524111527167,0.013284462784992238,0.013252297464298467,0.02264713859506373,0.1285474635722108,-0.1873499690173881,0.07000000000000006,0.9033179222192004,-0.23120567375886514,0.07000000000000006
2021-11-01,169.8,150.74,7435500.0,1.58,16.41,0,0,0,0,0,0.0277777777777779,-0.0005304336294920109,0.012912802619310255,0.013280011457311995,0.012790152419547894,0.023214770567472343,-0.08655913318018205,-0.19031817325037317,0.09000000000000008,0.901278215936905,-0.2852787456445993,0.09000000000000008
2021-11-02,170.47,151.33,7173800.0,1.56,16.03,0,0,0,0,0,0.0277777777777779,0.0039140241475388304,0.013016923869636715,0.012821813439494893,0.01278975989554383,0.010753406358535944,-0.03519601909757242,-0.36827560727755415,0.020000000000000018,0.9064454718520533,-0.24741784037558678,0.020000000000000018
2021-11-03,170.53,151.38,8402700.0,1.6,15.1,0,0,0,0,0,0.0277777777777779,0.00033040375338644346,0.00702955105504074,0.012816875163986085,0.012712651047840879,0.008930951746201066,0.17130391145557455,-0.42768494371873006,0.07000000000000006,0.9190916508022845,-0.28095238095238095,0.07000000000000006
2021-11-04,168.29,149.39,9574200.0,1.53,15.44,0,0,0,0,0,0.0277777777777779,-0.013145725987581014,0.006449430504565337,0.013089368486088144,0.012769616351821706,-0.01059672826014979,0.1394194723124711,-0.45048993494762557,-0.050000000000000044,0.914468316562415,-0.20982599795291712,-0.050000000000000044
2021-11-05,168.05,149.18,7975600.0,1.45,16.48,0,0,0,0,0,0.0277777777777779,-0.0014057165807616068,0.006461544034351199,0.013087595460802933,0.012767002102092036,-0.012772152736417186,-0.16696956403668195,-0.48598809307042506,-0.16000000000000014,0.9003263530051673,-0.12200319659030368,-0.16000000000000014
2021-11-08,169.06,150.08,6413700.0,1.51,17.22,0,0,0,0,0,0.0277777777777779,0.0060329802922645115,0.00746589378026223,0.012229532837728365,0.012686764511266817,0.014533901169472063,-0.195834796128191,-0.3359199288723577,-0.10000000000000009,0.8902638020125102,-0.139,-0.10000000000000009
2021-11-09,167.78,148.94,7990300.0,1.46,17.78,0,0,0,0,0,0.0277777777777779,-0.007595948827292198,0.007402088044516337,0.012225518909665,0.012697781231023251,0.014646774303426646,0.2458175468138517,-0.34731572616676204,-0.13000000000000012,0.8826488985586075,-0.10428211586901759,-0.13000000000000012
2021-11-10,167.62,148.8,6999200.0,1.56,18.73,0,0,0,0,0,0.0277777777777779,-0.0009399758291929183,0.007273145338676627,0.010444572947558321,0.01258350233555252,0.04114189756507147,-0.12403789594883796,-0.07740997315044777,0.0,0.869730758770737,0.004828326180257525,0.0
2021-11-11,167.61,148.79,5815300.0,1.56,17.66,0,0,0,0,0,0.0277777777777779,-6.720430107542974e-05,0.004842465771322725,0.009967823323066356,0.012510235427123737,0.02528941565600884,-0.16914790261744195,-0.13306229454610405,0.040000000000000036,0.8842806635844438,0.04744958481613293,0.040000000000000036
2021-11-12,166.86,148.13,8113400.0,1.58,16.29,0,0,0,0,0,0.0277777777777779,-0.004435781974595043,0.005119641336832395,0.009101328929939536,0.012469173234484415,0.0015551048005408852,0.395181675923856,-0.14490477451023318,-0.010000000000000009,0.9029099809627413,-0.0006134969325154449,-0.010000000000000009
2021-11-15,166.56,147.86,6492500.0,1.63,16.49,0,0,0,0,0,0.0277777777777779,-0.0018227232836021123,0.003058241208053348,0.009111285855026182,0.01247505990355957,6.763611768700883e-05,-0.1997806098553011,-0.1466486448457379,0.039999999999999813,0.9001903725863476,0.011036174126302756,0.039999999999999813
2021-11-16,165.36,146.79,9706100.0,1.63,16.37,0,0,0,0,0,0.0277777777777779,-0.007236575138644841,0.00292367322602547,0.008784065696121,0.012433880328313768,-0.019045709703287894,0.4949711205236811,-0.10675596883377149,-0.020000000000000018,0.9018221376121838,0.04267515923566889,-0.020000000000000018
2021-11-17,164.47,146.0,9909600.0,1.6,17.11,0,0,0,0,0,0.0277777777777779,-0.005381837999863692,0.0028530352849702977,0.008143604286086837,0.01244269239189829,-0.037320321772385534,0.020966196515593394,-0.045809010346472855,-0.04999999999999982,0.8917595866195268,0.10458360232408004,-0.04999999999999982
2021-11-18,163.05,144.74,8122500.0,1.59,17.59,0,0,0,0,0,0.0277777777777779,-0.008630136986301329,0.0026211794636355834,0.008175703097717157,0.012227074598525539,-0.03808068053432567,-0.18034027609590697,-0.15864078370286258,-0.08999999999999986,0.8852325265161817,0.17188540972684874,-0.08999999999999986
2021-11-19,160.92,142.85,12193600.0,1.54,17.91,0,0,0,0,0,0.0277777777777779,-0.01305789691861281,0.004140623950512925,0.0076920662903698245,0.012332545615063476,-0.0632172601482065,0.5012126808248691,-0.1277779237132295,-0.11999999999999988,0.8808811531139515,0.16072585871678546,-0.11999999999999988
2021-11-22,164.35,145.9,14549900.0,1.63,19.17,0,0,0,0,0,0.0277777777777779,0.02135106755337768,0.013680459152164575,0.009435489201808938,0.012594762857733999,-0.03855024711696864,0.19324071644141183,0.1951406566178493,-0.010000000000000009,0.8637476203426706,0.2578740157480315,-0.010000000000000009
2021-11-23,168.28,149.39,12354400.0,1.67,19.38,0,0,0,0,0,0.0277777777777779,0.02392049348869074,0.017576617375916787,0.011039311775576767,0.012770489762187259,-0.018204521556256625,-0.15089450786603342,0.42009813227695525,0.040000000000000036,0.8608920315474572,0.21276595744680837,0.040000000000000036
2021-11-24,166.96,148.21,9629800.0,1.64,18.58,0,0,0,0,0,0.0277777777777779,-0.007898788406184964,0.01793205707123965,0.010150761195936003,0.0128117433168896,-0.005235250687965598,-0.22053681279544135,0.38109867839551054,0.09999999999999987,0.8717704650530324,0.09422850412249684,0.09999999999999987
2021-11-26,161.93,143.75,13619300.0,1.48,28.62,0,0,0,0,0,0.0277777777777779,-0.030092436407799794,0.023237019559773243,0.011507703644843631,0.01341988530393923,-0.04946108576340669,0.414286901077904,-0.35411060327451854,-0.09000000000000008,0.7352461245580637,0.7313974591651542,-0.09000000000000008
2021-11-29,161.23,143.13,12104400.0,1.52,22.96,0,0,0,0,0,0.0277777777777779,-0.004313043478260892,0.022432370920431634,0.011515041553151988,0.013422069602197351,-0.05098793263492907,-0.11123185479429931,-0.34409289056177833,-0.030000000000000027,0.8122110416100081,0.4120541205412054,-0.030000000000000027
2021-11-30,158.83,141.0,18922600.0,1.43,27.19,0,0,0,0,0,0.0277777777777779,-0.014881576189478052,0.019741343258352164,0.011825510497716595,0.01354080308616115,-0.064614568130556,0.5632827732064374,-0.405032911074905,-0.15000000000000013,0.7546913244492792,0.6569165143205362,-0.15000000000000013
2021-12-01,157.89,140.16,12253400.0,1.43,31.12,0,0,0,0,0,0.0277777777777779,-0.005957446808510625,0.01056036654969115,0.011715473760176563,0.013561475089843658,-0.07381219850657517,-0.35244628116643595,-0.33545509540979906,-0.13000000000000012,0.7012510198531412,0.9413599500935745,-0.13000000000000012
2021-12-02,161.21,143.11,12969900.0,1.44,27.95,0,0,0,0,0,0.0277777777777779,0.021047374429223886,0.01864277880853011,0.01294739701709768,0.01381494371998959,-0.054630730611705536,0.05847356652031266,-0.10207385081278557,-0.16000000000000014,0.7443568126189829,0.8509933774834437,-0.16000000000000014
2021-12-03,158.29,140.52,12681800.0,1.35,30.67,0,0,0,0,0,0.0277777777777779,-0.018097966599119553,0.01539067559920784,0.013202016673742784,0.014010787381870067,-0.059374790815984846,-0.02221297003060929,-0.25069213115095296,-0.17999999999999994,0.7073701387000271,0.9863989637305701,-0.17999999999999994
2021-12-06,160.16,142.18,11186500.0,1.43,27.18,0,0,0,0,0,0.0277777777777779,0.01181326501565616,0.01702681467452086,0.013609238297281112,0.014007394851254618,-0.0469231800509452,-0.11790912961882383,-0.17030949058318184,-0.020000000000000018,0.7548273048680989,0.6492718446601942,-0.020000000000000018
2021-12-07,162.57,144.32,9851600.0,1.48,21.89,0,0,0,0,0,0.0277777777777779,0.015051343367562087,0.016265673399894213,0.014042792076877008,0.01399304826782078,-0.03837953091684443,-0.11933133687927411,-0.13747005619594313,-0.030000000000000027,0.826760946423715,0.27119628339140545,-0.030000000000000027
2021-12-08,160.71,142.67,11705700.0,1.52,19.9,0,0,0,0,0,0.0277777777777779,-0.01143292682926833,0.01731880090667133,0.014151053482256235,0.013883758011777755,-0.0420974889217135,0.18820293150351208,-0.14194180248593868,0.06000000000000005,0.8538210497688333,0.11923509561304813,0.06000000000000005
2021-12-09,160.46,142.44,11189600.0,1.49,21.58,0,0,0,0,0,0.0277777777777779,-0.001612111866545085,0.014346448576634493,0.014149068712688846,0.013861317483035132,-0.04274193548387106,-0.044089631547024055,-0.14081608408859825,-0.07000000000000006,0.8309763394071255,0.15216230646022422,-0.07000000000000006
2021-12-10,159.82,141.88,10405400.0,1.48,18.69,0,0,0,0,0,0.0277777777777779,-0.00393147992137044,0.01112776435969919,0.014146423447338541,0.013872387066731023,-0.046441293097654435,-0.07008293415314215,-0.13148219893046428,-0.08000000000000007,0.8702746804460157,0.05832389580973962,-0.08000000000000007
2021-12-13,157.92,140.19,12069000.0,1.42,20.31,0,0,0,0,0,0.0277777777777779,-0.011911474485480689,0.010941924434645253,0.014304266654424967,0.013958135723019509,-0.05360156619185852,0.15987852461222052,-0.1309476677883467,-0.16000000000000014,0.8482458525972261,0.24677716390423576,-0.16000000000000014
2021-12-14,159.13,141.26,12563600.0,1.44,21.89,0,0,0,0,0,0.0277777777777779,0.007632498751694028,0.008039687626361137,0.01448824383100876,0.013413135971204875,-0.044636818612200924,0.040981025768497714,-0.13361696021090372,-0.18999999999999995,0.826760946423715,0.32747119466343255,-0.18999999999999995
2021-12-15,157.94,140.21,14014200.0,1.47,19.29,0,0,0,0,0,0.0277777777777779,-0.007433102081268461,0.007312541974519909,0.014491919325043597,0.013455479475747658,-0.044825941821649895,0.1154605367888184,-0.1491222132500844,-0.15999999999999992,0.8621158553168344,0.17837507635919359,-0.15999999999999992
2021-12-16,160.41,142.4,19542800.0,1.44,20.57,0,0,0,0,0,0.0277777777777779,0.015619428000855917,0.011344736854161461,0.01500047018736082,0.013380178182664784,-0.024657534246575352,0.3944998644232278,-0.19164712265942077,-0.16000000000000014,0.844710361707914,0.20222092343658682,-0.16000000000000014
2021-12-17,156.76,139.16,28082000.0,1.41,21.57,0,0,1,0,0,0.0277777777777779,-0.022752808988764084,0.01537868535195477,0.015688221884722093,0.012992590084698255,-0.03855188614066607,0.4369486460486727,-0.19916598015364725,-0.18000000000000016,0.831112319825945,0.22626492325184766,-0.18000000000000016
2021-12-20,153.94,136.66,15148000.0,1.43,22.87,0,0,0,0,0,0.0277777777777779,-0.017964932451853932,0.016385286680744238,0.01590959092148568,0.013095715241623031,-0.04333216660833039,-0.4605797307884054,-0.24763082760456773,-0.1100000000000001,0.8134348653793854,0.2769402568397543,-0.1100000000000001
2021-12-21,156.09,138.56,11291300.0,1.48,21.01,0,0,0,0,0,0.0277777777777779,0.013903117225230632,0.017773158284351158,0.015411335368830298,0.012830328118792995,-0.050308430431802664,-0.25460126749405865,-0.2104069302323664,-0.1499999999999999,0.8387272232798477,0.09598330725091286,-0.1499999999999999
2021-12-22,156.7,139.11,7273000.0,1.46,18.63,0,0,0,0,0,0.0277777777777779,0.003969399538106266,0.017909536703266598,0.014212662326355614,0.012832405203863258,-0.06881317357252814,-0.3558757627553958,-0.16286918565397746,-0.20999999999999996,0.871090562958934,-0.03869969040247678,-0.20999999999999996
2021-12-23,157.26,139.6,8055200.0,1.5,17.96,0,0,0,0,0,0.0277777777777779,0.0035223923513765243,0.015709987223168985,0.014254407081800632,0.012844461593808235,-0.05809324606976596,0.10754846693248998,-0.21070569509942022,-0.1399999999999999,0.8802012510198531,-0.03336921420882655,-0.1399999999999999
2021-12-27,158.16,140.4,6188100.0,1.48,17.68,0,0,0,0,0,0.0277777777777779,0.005730659025787954,0.011834862174674571,0.012836693638784844,0.01275694104875413,-0.023304347826086924,-0.23178816168437777,-0.1131728057090157,0.0,0.8840087027468044,-0.38225017470300493,0.0
2021-12-28,158.64,140.83,6342300.0,1.49,17.54,0,0,0,0,0,0.0277777777777779,0.003062678062678126,0.004511498009790488,0.012845472469531247,0.012452305214019308,-0.016069307622440965,0.024918795753139156,-0.12606148539283604,-0.030000000000000027,0.8859124286102801,-0.23606271777003496,-0.030000000000000027
2021-12-29,158.56,140.76,6398900.0,1.55,16.95,0,0,0,0,0,0.0277777777777779,-0.0004970531846909543,0.002279156904060491,0.012406688721540682,0.012452222355904036,-0.0017021276595745594,0.008924207306497678,-0.054935180010782805,0.1200000000000001,0.8939352733206418,-0.3766090474439132,0.1200000000000001
2021-12-30,158.48,140.69,6948200.0,1.52,17.33,0,0,0,0,0,0.0277777777777779,-0.0004973003694230815,0.00271511310994389,0.012328803734311554,0.01225135542800157,0.0037813926940639675,0.08584287924487022,0.007676997650379488,0.09000000000000008,0.8887680174054936,-0.44312339331619544,0.09000000000000008
2021-12-31,158.35,140.57,5805900.0,1.52,17.22,0,0,0,0,0,0.0277777777777779,-0.0008529390859336461,0.00290657950604077,0.011316446179313657,0.012244612792678524,-0.017748585004542128,-0.1644022912408969,-0.19409857400541064,0.08000000000000007,0.8902638020125102,-0.38389982110912346,0.08000000000000007
2022-01-03,161.7,143.54,13120900.0,1.63,16.6,0,0,0,0,0,0.08108108108108092,0.021128263498612743,0.009449307654127858,0.011563408845552911,0.012540456526698782,0.021491602618844086,1.2599252484541585,-0.04839997981148643,0.2799999999999998,0.898694587979331,-0.4587544832083469,0.2799999999999998
2022-01-04,167.83,148.99,20195800.0,1.66,16.91,0,0,0,0,0,0.08108108108108092,0.03796851051971584,0.017562264664233412,0.014047689011342695,0.01350039640797517,0.04789703193135453,0.5392084384455336,-0.3717566272421745,0.22999999999999998,0.8944791949959205,-0.3778513612950699,0.22999999999999998
2022-01-05,163.78,146.26,17539400.0,1.71,19.73,0,0,0,0,0,0.08108108108108092,-0.018323377407879815,0.02187404408146174,0.01444675430760286,0.013433412240026504,0.013442350332594222,-0.13153229879479889,-0.46221018821546067,0.22999999999999998,0.856132716888768,-0.09867519415258108,0.22999999999999998
2022-01-06,165.52,147.82,14047500.0,1.73,19.61,0,0,0,0,0,0.08108108108108092,0.010665937371803658,0.021368496230236293,0.014309043887419949,0.013466458046513696,0.03609728744655505,-0.1990889084005154,-0.4435316364576211,0.20999999999999996,0.8577644819146043,-0.014572864321607981,0.20999999999999996
2022-01-07,167.16,149.28,13913300.0,1.76,18.76,0,0,0,0,0,0.08108108108108092,0.009876877283182317,0.020513025381943273,0.01439221448607073,0.013061183315393639,0.048020219039595746,-0.009553301299163541,-0.4478772153847595,0.27,0.869322817514278,-0.13067655236329923,0.27
2022-01-10,167.32,149.42,12922500.0,1.78,19.4,0,0,0,0,0,0.08108108108108092,0.000937834941050264,0.020317987162323067,0.014319658938994074,0.012920176817551848,0.0531435015506061,-0.07121243702069247,-0.45632106732810546,0.30000000000000004,0.8606200707098178,0.03798822899946486,0.30000000000000004
2022-01-11,167.49,149.58,11854100.0,1.75,18.41,0,0,0,0,0,0.08108108108108092,0.0010708071208676007,0.011678098259733639,0.013911395818493233,0.01268805501915405,0.06698052642841867,-0.08267750048365252,-0.43244728861533005,0.33000000000000007,0.874082132172967,-0.09354997538158538,0.33000000000000007
2022-01-12,168.44,150.42,12568000.0,1.74,17.62,0,0,0,0,0,0.08108108108108092,0.005615724027276281,0.004642182387857013,0.013885916884119689,0.012706509000474887,0.06484496672801932,0.06022388878109686,-0.4962542931558505,0.30000000000000004,0.8848245852597225,-0.19506624029237096,0.30000000000000004
2022-01-13,168.23,150.24,13623400.0,1.7,20.31,0,0,0,0,0,0.08108108108108092,-0.0011966493817310297,0.0044547512889942355,0.01370249738939922,0.012613903644155851,0.07153555381213894,0.08397517504774021,-0.49774244555499053,0.22999999999999998,0.8482458525972261,0.05287713841368591,0.22999999999999998
2022-01-14,157.89,141.0,40158400.0,1.78,19.19,0,0,1,0,0,0.08108108108108092,-0.06150159744408956,0.028332024762874407,0.019676279174200485,0.014795615322918697,-0.0098314606741573,1.94775166258056,-0.43359481835953423,0.3400000000000001,0.8634756595050312,-0.06708799222168205,0.3400000000000001
2022-01-18,151.27,135.09,32324800.0,1.87,22.79,0,0,1,0,0,0.08108108108108092,-0.041914893617021276,0.030230347283372455,0.021231824545734294,0.01568565155293872,-0.02924691003161828,-0.19506753257101872,-0.5150621159065866,0.4600000000000002,0.8145227087299429,0.05656003708854884,0.4600000000000002
2022-01-19,148.93,133.0,22380000.0,1.83,23.85,0,0,0,0,0,0.08108108108108092,-0.015471167369901617,0.028244551714497995,0.021135692857988532,0.015657819349840944,-0.026781794233865064,-0.3076523288620502,-0.48972554064864526,0.40000000000000013,0.8001087843350557,0.042850896370791425,0.40000000000000013
2022-01-20,147.66,131.87,14860800.0,1.83,25.59,0,0,0,0,0,0.08108108108108092,-0.00849624060150378,0.025227407728937928,0.020888625534226393,0.0156755155716096,-0.04828233256351033,-0.33597855227882034,-0.4777450240618985,0.3500000000000001,0.7764481914604298,0.2179914326511183,0.3500000000000001
2022-01-21,145.08,129.56,20705400.0,1.75,28.85,0,0,0,0,0,0.08108108108108092,-0.01751725183893227,0.022127094965571893,0.02110281694388185,0.01578496363221284,-0.06865070807274831,0.3932897286821706,-0.4555550267155141,0.29000000000000004,0.7321185749252107,0.5485775630703169,0.29000000000000004
2022-01-24,144.95,129.45,28471400.0,1.75,29.9,0,0,1,0,0,0.08108108108108092,-0.0008490274776166151,0.015462953419530374,0.0210506337476734,0.015602472546058638,-0.07270773638968486,0.3750712374549634,-0.35080362541149573,0.25,0.7178406309491433,0.6648106904231623,0.25
2022-01-25,146.53,130.86,18915900.0,1.78,31.16,0,0,0,0,0,0.08108108108108092,0.010892236384704823,0.011619444159172293,0.021201540390844424,0.01553384614900653,-0.06794871794871793,-0.33561749685649456,-0.20340046315808819,0.30000000000000004,0.7007070981778624,0.7624434389140271,0.30000000000000004
2022-01-26,147.92,132.1,20709100.0,1.85,31.96,0,0,0,0,0,0.08108108108108092,0.009475775638086326,0.012039066355497629,0.02135072580235481,0.015607724581674056,-0.06198963289071946,0.09479855571239004,-0.10475957067362748,0.3600000000000001,0.6898286646722871,0.8221208665906501,0.3600000000000001
2022-01-27,145.31,129.77,17536800.0,1.81,30.49,0,0,0,0,0,0.08108108108108092,-0.017638152914458582,0.013948216802679676,0.021588761846098883,0.01573458927184339,-0.07807615799943157,-0.15318386602990952,-0.1474943940649404,0.26,0.7098177862387816,0.7988200589970502,0.26
2022-01-28,146.61,130.93,14117000.0,1.78,27.66,0,0,0,0,0,0.08108108108108092,0.008938891885643896,0.012007777979755092,0.021767828602286838,0.015781906418992173,-0.06937237898926707,-0.1950070708453081,-0.11031140246530698,0.26,0.7483002447647539,0.5960761684939413,0.26
2022-01-31,148.6,132.71,13985700.0,1.79,24.83,0,0,0,0,0,0.08108108108108092,0.01359505079049872,0.012812228862066703,0.022092706866304504,0.015911562702602827,-0.05591520239026804,-0.009300842955302091,-0.09223170071801569,0.27,0.7867827032907262,0.44192799070847855,0.27
2022-02-01,151.15,134.98,14584900.0,1.81,21.96,0,0,0,0,0,0.08108108108108092,0.017104965714716203,0.013784496782781293,0.021882236687679604,0.016033322357871683,-0.05963494496307653,0.04284376184245331,-0.03318827073392569,0.18000000000000016,0.8258090834919771,0.3228915662650602,0.18000000000000016
2022-02-02,149.94,133.9,12441100.0,1.78,22.09,0,0,0,0,0,0.08108108108108092,-0.008001185360794083,0.014943517482242598,0.019673136220223705,0.016054831980219147,-0.10128196523256594,-0.14698763789947134,0.12126685709642913,0.1200000000000001,0.8240413380473212,0.3063276167947959,0.1200000000000001
2022-02-03,148.7,132.8,12474900.0,1.82,24.35,0,0,0,0,0,0.08108108108108092,-0.00821508588498876,0.012032161727539384,0.0194450562850499,0.01604431478243805,-0.09202789552851076,0.0027168015689931213,0.0923133171668072,0.1100000000000001,0.7933097633940712,0.23416117587430318,0.1100000000000001
2022-02-04,152.56,136.24,16654400.0,1.93,23.22,0,0,0,0,0,0.08108108108108092,0.025903614457831292,0.015440865733234022,0.02035327725800776,0.01642149399951403,-0.07833851982140427,0.33503274575347297,0.11369196485716297,0.19999999999999996,0.8086755507206962,0.18408975012748585,0.19999999999999996
2022-02-07,153.07,136.7,12572300.0,1.92,22.86,0,0,0,0,0,0.08108108108108092,0.003376394597768506,0.015202414309631325,0.020173314364060953,0.016432773343861787,-0.08427116827438375,-0.2451063983091556,0.15786360982097355,0.15999999999999992,0.813570845798205,0.2185501066098079,0.15999999999999992
2022-02-08,155.95,139.27,20411400.0,1.96,21.44,0,0,0,0,0,0.08108108108108092,0.018800292611558245,0.015526522478300631,0.02079822337274904,0.016635618164970372,-0.06792932673002261,0.6235215513470089,0.13145137010330324,0.17999999999999994,0.832880065270601,0.1051546391752578,0.17999999999999994
2022-02-09,156.6,139.85,9131100.0,1.94,19.96,0,0,0,0,0,0.08108108108108092,0.004164572413297707,0.013536572078224247,0.020843908157735916,0.016642247914726033,-0.06504880331595142,-0.5526470501778418,0.12994197294149426,0.18999999999999995,0.8530051672559151,0.08419337316675723,0.18999999999999995
2022-02-10,155.95,139.27,16455600.0,2.03,23.91,0,0,0,0,0,0.08108108108108092,-0.004147300679299137,0.012325955719884582,0.020741970156006845,0.016647325181244264,-0.074125781146124,0.802148700594671,0.18282276241878218,0.2899999999999998,0.7992929018221375,0.3569807037457433,0.2899999999999998
2022-02-11,153.92,137.46,16830000.0,1.92,27.36,0,0,0,0,0,0.08108108108108092,-0.012996338048395173,0.011740744926462073,0.020836567656226043,0.016701241328298855,-0.08506389776357826,0.02275213301246981,0.18160731669500346,0.21999999999999997,0.7523796573293445,0.3471196454948302,0.21999999999999997
2022-02-14,152.49,136.18,17026500.0,1.98,28.33,0,0,0,0,0,0.08108108108108092,-0.009311799796304365,0.012660690799028122,0.015990372278095882,0.01672658223199688,-0.034184397163120495,0.011675579322638185,-0.10126268286680654,0.19999999999999996,0.7391895567038347,0.4762897342365813,0.19999999999999996
2022-02-15,154.72,138.17,9500000.0,2.05,25.7,0,0,0,0,0,0.08108108108108092,0.014613012189748753,0.011089504289148849,0.013253961551838212,0.016816280882450386,0.0227996150714338,-0.4420462220656036,-0.2616208814190097,0.17999999999999972,0.7749524068534132,0.12768758227292665,0.17999999999999972
2022-02-16,155.0,138.42,9076500.0,2.03,24.29,0,0,0,0,0,0.08108108108108092,0.0018093652746615785,0.01083392802898566,0.012659119367996172,0.01673946433727851,0.040751879699248095,-0.04457894736842105,-0.31440581210144697,0.19999999999999973,0.7941256459069894,0.018448637316561767,0.19999999999999973
2022-02-17,151.43,135.23,11367500.0,1.97,28.11,0,0,0,0,0,0.08108108108108092,-0.023045802629677814,0.014457958857283956,0.013675822832685496,0.016743583029137254,0.025479639038446855,0.252410069960888,-0.3515580587303852,0.1399999999999999,0.7421811259178678,0.09847596717467755,0.1399999999999999
2022-02-18,152.14,135.87,11733300.0,1.92,27.75,0,0,0,0,0,0.08108108108108092,0.004732677660282514,0.014421610406574295,0.012945954691861748,0.016437544382591155,0.0487033034887312,0.032179458983945475,-0.30278168881812234,0.16999999999999993,0.7470764209953766,-0.03812824956672445,0.16999999999999993
2022-02-22,151.87,135.63,11333500.0,1.94,28.81,0,0,0,0,0,0.08108108108108092,-0.0017663943475381139,0.013881339959836713,0.012959913866034786,0.016415789415668274,0.047740440324449684,-0.03407396043738764,-0.30655296416150857,0.18999999999999995,0.7326624966004895,-0.03645484949832778,0.18999999999999995
2022-02-23,148.69,132.79,11799000.0,1.99,31.02,0,0,0,0,0,0.08108108108108092,-0.020939320209393264,0.013142295889450753,0.013791831871214199,0.016185003099757914,0.014748586275408648,0.04107292539815588,-0.47503175874073755,0.20999999999999996,0.702610824041338,-0.00449293966623876,0.20999999999999996
2022-02-24,144.55,129.09,25655100.0,1.96,30.32,0,0,1,0,0,0.08108108108108092,-0.027863543941561764,0.014339657135411583,0.015030475484453269,0.016543599722172,-0.02278576835730506,1.1743452834986017,-0.6518571463729572,0.10999999999999988,0.7121294533587164,-0.051314142678347996,0.10999999999999988
2022-02-25,147.97,132.14,18367700.0,1.97,27.59,0,0,0,0,0,0.08108108108108092,0.02362692695018964,0.020615094776561673,0.015458879533387978,0.01676444160924271,0.018263080835323908,-0.2840526834820367,-0.5237841504428945,0.15999999999999992,0.7492521076964918,-0.09511315185306657,0.15999999999999992
2022-02-28,141.8,126.63,31315300.0,1.83,30.15,0,0,1,0,0,0.08108108108108092,-0.04169819887997572,0.025360497551578057,0.018026859668818965,0.017561710195793338,-0.032841976628733005,0.7049113389264852,-0.6145391369891909,0.050000000000000044,0.714441120478651,0.09002169197396959,0.050000000000000044
2022-03-01,136.45,121.86,36840400.0,1.72,33.32,0,0,1,0,0,0.08108108108108092,-0.0376687988628287,0.02619588248753814,0.01936081902686931,0.01791428962263262,-0.08175721498003174,0.17643452242194702,-0.6867863495649194,-0.07000000000000006,0.6713353277128093,0.34192509061619014,-0.07000000000000006
2022-03-02,139.28,124.38,19405600.0,1.86,30.74,0,0,0,0,0,0.08108108108108092,0.02067946824224509,0.03212490358012624,0.019581874938689504,0.01804163457260657,-0.07853015261520224,-0.4732521905299617,-0.5319118009646956,0.050000000000000044,0.7064182757682893,0.39981785063752273,0.050000000000000044
2022-03-03,138.29,123.5,16640800.0,1.86,30.48,0,0,0,0,0,0.08108108108108092,-0.007075092458594612,0.03097791090444071,0.019572752862048282,0.017963461227582078,-0.07766990291262144,-0.1424743373046955,-0.5641435265960952,0.08000000000000007,0.7099537666576012,0.37980986871887734,0.08000000000000007
2022-03-04,134.4,120.03,21016000.0,1.74,31.98,0,0,0,0,0,0.08108108108108092,-0.028097165991902817,0.02580161969535554,0.020297555225947096,0.01812473475413723,-0.09615963855421694,0.26292005192058077,-0.6152859240699347,-0.08000000000000007,0.6895567038346477,0.313347022587269,-0.08000000000000007
2022-03-07,129.21,115.39,27560100.0,1.78,36.45,0,0,1,0,1,0.08108108108108092,-0.038657002416062625,0.02515376218619309,0.020283740720831465,0.01867431396249272,-0.1530387551379918,0.3113865626189569,-0.6451881391581632,-0.1499999999999999,0.6287734566222463,0.5697674418604652,-0.1499999999999999
2022-03-08,128.3,114.58,19207800.0,1.86,35.13,0,0,0,0,0,0.08108108108108092,-0.007019672415287337,0.022840286824158326,0.020107324350495125,0.018678797908924624,-0.16181419166057054,-0.303057681213058,-0.5894898622848468,-0.05999999999999983,0.6467228719064454,0.5367454068241471,-0.05999999999999983
2022-03-09,133.44,119.17,17536200.0,1.94,32.45,0,0,0,0,0,0.08108108108108092,0.0400593471810089,0.030228879140652504,0.02209530390619459,0.019504579196222966,-0.14432397501256555,-0.08702714522225341,-0.3497207550597856,-0.020000000000000018,0.6831656241501223,0.5135261194029852,-0.020000000000000018
2022-03-10,131.86,117.76,15604200.0,1.98,30.23,0,0,0,0,0,0.08108108108108092,-0.011831836871695867,0.030261115268030027,0.021938662656107583,0.019503945400421874,-0.15795495173400065,-0.11017210113935749,-0.3407554677496276,0.040000000000000036,0.7133532771280935,0.5145290581162325,0.040000000000000036
2022-03-11,128.89,115.1,20061800.0,2.0,30.75,0,0,0,0,0,0.08108108108108092,-0.022588315217391353,0.02948735035792329,0.022140221980400127,0.019622117523774213,-0.17354778487829403,0.2856666794837288,-0.3584838346578914,-0.029999999999999805,0.7062822953494696,0.28607277289836897,-0.029999999999999805
2022-03-14,130.17,116.25,15786900.0,2.14,31.77,0,0,0,0,0,0.08108108108108092,0.009991311902693312,0.024439969643043853,0.02252888094606972,0.019687484552737354,-0.1542994325621999,-0.21308656252180758,-0.3435484960192803,0.2200000000000002,0.6924122926298613,0.1611842105263157,0.2200000000000002
2022-03-15,132.48,118.31,15096600.0,2.15,29.83,0,0,0,0,0,0.08108108108108092,0.017720430107526886,0.024730338656707287,0.02325180870591706,0.0197228657151625,-0.13122338081950358,-0.04372612735875947,-0.34896477038227747,0.16999999999999993,0.7187924938808812,0.05294740557712663,0.16999999999999993
2022-03-16,138.4,123.6,20354900.0,2.19,26.67,0,0,0,0,0,0.08108108108108092,0.0447130420082833,0.026336524167341006,0.025566330003707758,0.020479955688263263,-0.10544980820728089,0.348310215545222,-0.39244921505445224,0.14000000000000012,0.7617623062279031,0.03774319066147869,0.14000000000000012
2022-03-17,140.15,125.16,17050500.0,2.2,25.67,0,0,0,0,0,0.08108108108108092,0.012621359223301098,0.023991825269587024,0.025836250758951032,0.02045056864184417,-0.09579540528825303,-0.16233928931117325,-0.44126918756375366,0.17000000000000037,0.7753603481098721,0.056813503499382634,0.17000000000000037
2022-03-18,140.1,125.12,23656500.0,2.14,23.87,0,0,0,0,0,0.08108108108108092,-0.00031959092361766306,0.016858078151319213,0.025484528748462545,0.02035407082927762,-0.07476151741477477,0.3874373185537081,-0.44262983375782755,0.17000000000000015,0.7998368234974164,-0.15083600142298115,0.17000000000000015
2022-03-21,139.65,124.71,12676100.0,2.32,23.53,0,0,0,0,0,0.08108108108108092,-0.0032768542199489437,0.019119023235228395,0.02541002959511458,0.0203425998733242,-0.08213733716052118,-0.46415995603745275,-0.3913482546816332,0.3999999999999999,0.8044601577372859,-0.15207207207207207,0.3999999999999999
2022-03-22,142.62,127.37,13548600.0,2.38,22.94,0,0,0,0,0,0.08108108108108092,0.02132948440381699,0.019347593692427428,0.026032607290742728,0.02054767856278638,-0.060900980609009725,0.06883031847334742,-0.43863668013749935,0.43999999999999995,0.8124830024476475,-0.20374869836862197,0.43999999999999995
2022-03-23,139.78,124.83,12093200.0,2.32,23.57,0,0,0,0,0,0.08108108108108092,-0.019941901546675078,0.015819931607933282,0.02599698933970501,0.020665376367816467,-0.05994427291211679,-0.10742069291292089,-0.34633814996709006,0.32999999999999985,0.803916236062007,-0.240167633784655,0.32999999999999985
2022-03-24,140.69,125.64,10017600.0,2.34,21.67,0,0,0,0,0,0.08108108108108092,0.006488824801730297,0.015015887300192226,0.02537892419892703,0.020683613551214754,-0.02672554032070651,-0.17163364535441406,-0.34142673467868384,0.3799999999999999,0.8297525156377481,-0.2852902374670184,0.3799999999999999
2022-03-25,141.92,126.74,8383500.0,2.48,20.81,0,0,0,0,0,0.08108108108108092,0.008755173511620473,0.015382232282329723,0.024829864510018833,0.020727091152121905,-0.040865748448615014,-0.16312290368950644,-0.3449340432780738,0.51,0.8414468316562416,-0.2457412105835448,0.51
2022-03-28,140.87,125.8,10818100.0,2.46,19.63,0,0,0,0,0,0.08108108108108092,-0.0074167587186365624,0.01588560647317825,0.023049387809659604,0.02074046843495181,-0.006554528942588678,0.29040376930876133,-0.28328139166149996,0.6299999999999999,0.8574925210769649,-0.34892205638474294,0.6299999999999999
2022-03-29,141.18,126.08,11316500.0,2.41,18.9,0,0,0,0,0,0.08108108108108092,0.0022257551669315756,0.011798745148281959,0.02128351240759834,0.020746280567834327,0.03462990316756942,0.046070936670949525,-0.1968794797475623,0.6900000000000002,0.8674190916508023,-0.4327731092436975,0.6900000000000002
2022-03-30,140.54,125.51,8771000.0,2.35,19.33,0,0,0,0,0,0.08108108108108092,-0.004520939086294362,0.006946912420325525,0.020856002974908514,0.020533212558829388,0.009085061907059044,-0.22493703883709626,-0.2046747373706777,0.49,0.8615719336415556,-0.371177618737801,0.49
2022-03-31,136.32,121.74,17353900.0,2.32,20.56,0,0,0,0,0,0.08108108108108092,-0.03003744721536139,0.014723910785539304,0.021909538530299727,0.02016170683132133,-0.014251012145748976,0.9785543267586365,-0.10203759657843757,0.45999999999999974,0.8448463421267338,-0.3254593175853019,0.45999999999999974
2022-04-01,135.31,120.84,15721300.0,2.39,19.63,0,0,0,0,0,0.08108108108108092,-0.007392804337111758,0.012174005942371608,0.021007010063578756,0.020071547240221706,0.006748312921769584,-0.09407683575449899,-0.009635532835651578,0.6500000000000001,0.8574925210769649,-0.38617886178861793,0.6500000000000001
2022-04-04,135.91,121.37,17416400.0,2.42,18.57,0,0,0,0,0,0.08108108108108092,0.004385964912280604,0.013709082024276733,0.018876202256262072,0.020015493084063547,0.05182424820175058,0.10782187223702877,0.22048634416032314,0.6399999999999999,0.871906445471852,-0.49053497942386837,0.6399999999999999
2022-04-05,133.34,119.96,12110300.0,2.54,21.03,0,0,0,0,0,0.08108108108108092,-0.01161736837768812,0.012725516738780243,0.019028153382703764,0.01997193188404188,0.04695409320998434,-0.30466112399807077,0.334046083038446,0.6799999999999999,0.8384552624422084,-0.40136635354397954,0.6799999999999999
2022-04-06,131.49,118.3,12914700.0,2.61,22.1,0,0,0,0,0,0.08108108108108092,-0.013837945981993949,0.012431309393913454,0.017147655435746926,0.02000809889730421,-0.007300495091046466,0.06642279712311017,0.1827653320881276,0.6699999999999999,0.8239053576285015,-0.31895223420647156,0.6699999999999999
2022-04-07,131.09,117.94,12994200.0,2.66,21.55,0,0,0,0,0,0.08108108108108092,-0.0030431107354184084,0.007264406817764499,0.016946052113070827,0.01999856718851475,0.0015285326086955653,0.006155775976213196,0.26651975526648536,0.6800000000000002,0.8313842806635844,-0.2871319880913,0.6800000000000002
2022-04-08,133.49,120.1,13126900.0,2.72,21.16,0,0,0,0,0,0.08108108108108092,0.01831439715109373,0.013073282336575835,0.0165122007374502,0.0201659117874146,0.04344048653344923,0.010212248541657143,0.447862470746981,0.7200000000000002,0.8366875169975523,-0.311869918699187,0.7200000000000002
2022-04-11,133.0,119.66,10466400.0,2.79,24.37,0,0,0,0,0,0.08108108108108092,-0.0036636136552872234,0.012710234974443117,0.016457785427104143,0.020163561058910685,0.02933333333333321,-0.20267542222459223,0.4606917991664115,0.6499999999999999,0.7930378025564319,-0.23292414227258418,0.6499999999999999
2022-04-12,131.54,118.34,12989900.0,2.72,24.26,0,0,0,0,0,0.08108108108108092,-0.011031255223132197,0.012610545630855764,0.016227308260289702,0.01870655526341304,0.00025357112670110205,0.24110486891385774,0.3618848518716899,0.5700000000000003,0.7945335871634485,-0.18672477371773377,0.5700000000000003
2022-04-13,127.3,114.53,30838000.0,2.7,21.82,0,0,1,0,0,0.08108108108108092,-0.032195369274970465,0.018140965407899647,0.014078269082303722,0.01840118419775061,-0.07338187702265364,1.3739982601867604,0.0644223128199884,0.5100000000000002,0.8277128093554528,-0.18185226846644176,0.5100000000000002
2022-04-14,126.12,113.47,18835200.0,2.83,22.7,0,0,0,0,0,0.08108108108108092,-0.009255216973718672,0.01807270631564697,0.013583890097513164,0.01834479483192427,-0.09340044742729303,-0.3892210908619236,-0.08079190339578886,0.6299999999999999,0.81574653249932,-0.11569925983638496,0.6299999999999999
2022-04-18,128.46,115.57,11834400.0,2.85,22.17,0,0,0,0,0,0.08108108108108092,0.018507094386181366,0.01814176675217731,0.014530256873055392,0.018524989142605027,-0.0763267263427111,-0.3716870540265036,-0.06891861816027235,0.71,0.8229534946967636,-0.07121910347716798,0.71
2022-04-19,131.12,117.96,15015400.0,2.93,21.37,0,0,0,0,0,0.08108108108108092,0.020680107294280603,0.022241399049215682,0.015533793676188856,0.018639636300119066,-0.05412557132547513,0.26879267220982905,-0.07135686820176035,0.6100000000000003,0.8338319282023389,-0.09179770505737361,0.6100000000000003
2022-04-20,131.58,118.38,13430200.0,2.85,20.32,0,0,0,0,0,0.08108108108108092,0.003560528992879064,0.021821555136388525,0.014567393432552998,0.018650498923266527,-0.07058176964748375,-0.105571613143839,-0.17769955548635458,0.4700000000000002,0.8481098721784063,-0.11421098517872719,0.4700000000000002
2022-04-21,130.56,117.46,12174200.0,2.9,22.68,0,0,0,0,0,0.08108108108108092,-0.007771583037675334,0.014112051909182903,0.014093177230269831,0.018598979570197127,-0.059040294800929316,-0.09352057303688699,-0.11447440330362184,0.5800000000000001,0.8160184933369594,-0.03775986423419608,0.5800000000000001
2022-04-22,126.81,114.09,14318800.0,2.9,28.21,0,0,0,0,0,0.08108108108108092,-0.02869061808275153,0.020362368720023814,0.015018964362480252,0.018863549811942874,-0.0919293218720153,0.1761594190994069,-0.34719925522543804,0.56,0.7408213217296709,0.30179972311951997,0.56
2022-04-25,126.77,114.05,17149000.0,2.81,27.02,0,0,0,0,0,0.08108108108108092,-0.00035060040319057073,0.01797501269950915,0.014724675605694921,0.018756473715054168,-0.10012624270159376,0.1976562281755454,-0.26025166877095307,0.33000000000000007,0.757002991569214,0.2984142239308025,0.33000000000000007
2022-04-26,123.02,110.68,17209500.0,2.77,33.52,0,0,0,0,0,0.08108108108108092,-0.029548443665059154,0.015657856560843647,0.015702542432088604,0.019032930561009728,-0.1201907790143083,0.003527902501603508,-0.4295137813399599,0.31000000000000005,0.6686157193364155,0.7075904228222112,0.31000000000000005
2022-04-27,121.42,109.24,17215200.0,2.82,31.6,0,0,0,0,0,0.08108108108108092,-0.013010480664980228,0.012904272031849767,0.01563843963768038,0.018958581840580038,-0.13356598984771573,0.000331212411749382,-0.4031352876125786,0.4099999999999997,0.694723959749796,0.6719576719576721,0.4099999999999997
2022-04-28,123.34,110.96,13015600.0,2.85,29.99,0,0,0,0,0,0.08108108108108092,0.015745148297326983,0.01929774098918758,0.016445070633862587,0.018934863811192495,-0.11592701776750869,-0.243947209442818,-0.2500818547445807,0.5,0.7166168071797661,0.5514743921365752,0.5
2022-04-29,119.36,107.38,14874800.0,2.89,33.4,0,0,0,0,0,0.08108108108108092,-0.03226387887527038,0.02015583116569914,0.016622836205195335,0.019297268589432776,-0.11795630031214066,0.14284397184916564,-0.4488243814103735,0.5700000000000003,0.6702474843622518,0.6245136186770428,0.5700000000000003
2022-05-02,120.45,108.36,18545000.0,2.99,32.34,0,0,0,0,0,0.08108108108108092,0.009126466753585527,0.02188332048011145,0.01696339087605636,0.01935505477887982,-0.1032770605759683,0.24673945195901803,-0.35500935091872743,0.6000000000000001,0.6846614087571389,0.6474783494651046,0.6000000000000001
2022-05-03,123.03,110.69,15720900.0,2.97,29.25,0,0,0,0,0,0.08108108108108092,0.02150239940937615,0.02238048206413789,0.017884437816793167,0.019250948263837487,-0.08799538600972234,-0.152283634402804,-0.2425491061697961,0.5500000000000003,0.7266793581724231,0.5751211631663975,0.5500000000000003
2022-05-04,127.1,114.35,17128500.0,2.93,25.42,0,0,0,0,0,0.08108108108108092,0.03306531755352782,0.02491346874633178,0.01964515472332971,0.019798515981526463,-0.04676558852950985,0.08953685857679905,-0.25462629219083605,0.3900000000000001,0.7787598585803643,0.20874940561103195,0.3900000000000001
2022-05-05,123.92,111.49,15055400.0,3.05,31.2,0,0,0,0,0,0.08108108108108092,-0.025010931351114984,0.028710728380726917,0.020145765519223386,0.01979710298938799,-0.05756551141166533,-0.12103219779899,-0.3366722190923037,0.43999999999999995,0.7001631765025836,0.4117647058823528,0.43999999999999995
2022-05-06,123.72,111.31,14417900.0,3.12,30.19,0,0,0,0,0,0.08108108108108092,-0.001614494573504266,0.022317568861840047,0.020147266465844103,0.01977318476180804,-0.05621502458877392,-0.04234361093029748,-0.33929640126077076,0.45999999999999996,0.7138971988033722,0.4009280742459398,0.45999999999999996
2022-05-09,121.86,109.63,14312300.0,3.05,34.75,0,0,0,0,0,0.08108108108108092,-0.015092983559428674,0.024385440826659274,0.019693480564179043,0.01982869314794475,-0.08717735220649458,-0.007324228909896702,-0.3144472067669063,0.3299999999999996,0.6518901278215936,0.642249527410208,0.3299999999999996
2022-05-10,118.89,106.96,16382400.0,2.99,32.99,0,0,0,0,0,0.08108108108108092,-0.02435464745051541,0.02410660354575343,0.020191833687579246,0.01997180941566831,-0.10613404646498414,0.1446378290002306,-0.3553859768379702,0.20000000000000018,0.675822681533859,0.35371358227328686,0.20000000000000018
2022-05-11,118.14,106.29,14630300.0,2.91,32.56,0,0,0,0,0,0.08108108108108092,-0.006264023934180907,0.010509610210040004,0.020149955756872177,0.019961882073101362,-0.10182524928173053,-0.10695014161539218,-0.3671450105649868,0.18999999999999995,0.6816698395431058,0.3421269579554822,0.18999999999999995
2022-05-12,118.04,106.2,16318800.0,2.84,31.77,0,0,0,0,0,0.08108108108108092,-0.0008467400508044287,0.009992285831819275,0.019129837985486748,0.019817793448749926,-0.07273203527460048,0.11541116723512168,-0.5036167148951806,0.13999999999999968,0.6924122926298613,0.45600366636113643,0.13999999999999968
2022-05-13,119.09,107.14,10443200.0,2.93,28.87,0,0,0,0,0,0.08108108108108092,0.008851224105461464,0.012795311549482933,0.01927572664370935,0.019874652719854904,-0.05578567022120384,-0.3600509841409908,-0.5472216367374116,0.10000000000000009,0.7318466140875715,0.27180616740088115,0.10000000000000009
2022-05-16,118.26,106.39,10269000.0,2.88,27.47,0,0,0,0,0,0.08108108108108092,-0.007000186671644593,0.012093886566166369,0.018632593195014608,0.019722301464641163,-0.07943237864497699,-0.01668071089321277,-0.49685260951253735,0.029999999999999805,0.7508838727223279,0.23906179521876392,0.029999999999999805
2022-05-17,122.18,109.92,11160200.0,2.98,26.1,0,0,0,0,0,0.08108108108108092,0.03317981013253135,0.01667554596675468,0.01968278175831859,0.020265313109828133,-0.06815869786368256,0.08678547083455057,-0.4617633429929785,0.04999999999999982,0.7695131901006255,0.22133832475432857,0.04999999999999982
2022-05-18,120.09,108.04,12664900.0,2.89,30.96,0,0,0,0,0,0.08108108108108092,-0.017103347889374065,0.019125490777304372,0.019843217091695436,0.020341913438729525,-0.08734583544517649,0.13482733284349746,-0.509787098892048,0.040000000000000036,0.7034267065542561,0.5236220472440944,0.040000000000000036
2022-05-19,118.31,106.44,12765800.0,2.84,29.35,0,0,0,0,0,0.08108108108108092,-0.01480932987782313,0.020845519578015427,0.019968669353482457,0.020268509053011165,-0.09381917248424998,0.007966900646669162,-0.6209643466367772,-0.06000000000000005,0.7253195539842262,0.2940917107583776,-0.06000000000000005
2022-05-20,117.34,105.57,13150100.0,2.78,29.43,0,0,0,0,0,0.08108108108108092,-0.00817361894024804,0.02055402703089431,0.019184262054936813,0.020024920738421405,-0.0746778858795688,0.030103871281079053,-0.70850363458554,-0.1200000000000001,0.7242317106336686,0.043247075505139954,-0.1200000000000001
2022-05-23,124.6,112.1,24376700.0,2.86,28.48,0,0,0,0,0,0.08108108108108092,0.061854693568248464,0.03500603745617255,0.024154372943418025,0.02144881658555782,-0.01709776413853581,0.8537273480810033,-0.6855518700696691,0.04999999999999982,0.7371498504215392,0.0540340488527018,0.04999999999999982
2022-05-24,126.36,113.68,19324900.0,2.76,29.45,0,0,0,0,0,0.08108108108108092,0.014094558429973425,0.032962395954920155,0.023358657449695886,0.020924164472482912,0.027105168052041995,-0.20723887974992516,-0.6607425613549004,-0.010000000000000231,0.7239597497960294,-0.12142004773269699,-0.010000000000000231
2022-05-25,127.24,114.47,12780400.0,2.75,28.37,0,0,0,0,0,0.08108108108108092,0.006949331456720609,0.030170766250942293,0.023127097076594025,0.020406379288356966,0.047876235811058265,-0.33865634492287155,-0.6516125190195952,-0.06999999999999984,0.738645635028556,-0.10221518987341771,-0.06999999999999984
2022-05-26,129.44,116.45,15990900.0,2.75,27.5,0,0,0,0,0,0.08108108108108092,0.017297108412684503,0.026197989075038803,0.02317610503936107,0.020350523133165096,0.049477289113194045,0.2512049701104817,-0.6653678681126336,-0.10000000000000009,0.7504759314658689,-0.08302767589196391,-0.10000000000000009
2022-05-27,131.27,118.1,11177800.0,2.74,25.72,0,0,0,0,0,0.08108108108108092,0.0141691713181622,0.022119244395073557,0.02177591659023743,0.020425848490454413,0.0998323710188116,-0.30098993802725305,-0.6132355555185008,-0.1499999999999999,0.7746804460157737,-0.229940119760479,-0.1499999999999999
2022-05-31,132.23,118.96,17015000.0,2.85,26.19,0,0,0,0,0,0.08108108108108092,0.007281964436917754,0.004607393716033505,0.021761381300167564,0.02012532741297915,0.09782207456626058,0.5222136735314642,-0.6265070348873658,-0.14000000000000012,0.7682893663312482,-0.19016697588126164,-0.14000000000000012
2022-06-01,129.91,116.88,10768000.0,2.94,25.69,0,0,0,0,0,0.08108108108108092,-0.01748486886348355,0.013673010491990028,0.021941240359051137,0.019614300607843742,0.05592194416839824,-0.36714663532177494,-0.5252358943035969,-0.03000000000000025,0.7750883872722327,-0.1217094017094017,-0.03000000000000025
2022-06-02,132.0,118.76,8374800.0,2.92,24.72,0,0,0,0,0,0.08108108108108092,0.016084873374401232,0.014477981870023771,0.021023918644760282,0.019692777863866015,0.03856580673371246,-0.22225111441307577,-0.48837124112291896,-0.010000000000000231,0.7882784878977427,-0.027537372147915185,-0.010000000000000231
2022-06-03,130.16,117.1,8596000.0,2.96,24.79,0,0,0,0,0,0.08108108108108092,-0.013977770293028047,0.015860620340537347,0.020410904170146786,0.019092767123394517,0.05031841420755234,0.026412571046472655,-0.36512680692876137,-0.08999999999999986,0.7873266249660049,-0.205448717948718,-0.08999999999999986
2022-06-06,129.73,116.71,11323500.0,3.04,25.07,0,0,0,0,0,0.08108108108108092,-0.003330486763450047,0.014122933381225432,0.020433377282709515,0.01903579416559155,0.04851316144102058,0.3172987436016752,-0.32866888762277013,-0.08000000000000007,0.7835191732390535,-0.16959258032461078,-0.08000000000000007
2022-06-07,130.07,117.02,6722200.0,2.98,24.02,0,0,0,0,0,0.08108108108108092,0.0026561562848084197,0.013476230949586488,0.020007029907803182,0.018805035709480243,0.06740855605217555,-0.4063496268821477,-0.24808259037754513,-0.06999999999999984,0.797797117215121,-0.30877697841726615,-0.06999999999999984
2022-06-08,128.0,115.16,8422100.0,3.03,23.96,0,0,0,0,0,0.08108108108108092,-0.015894718851478418,0.013067718159966364,0.01947038558635595,0.018879184871908886,0.0766641735228124,0.2528785219124692,-0.03597528635915159,0.03999999999999959,0.7986129997280391,-0.2737193088814792,0.03999999999999959
2022-06-09,125.31,112.74,13560100.0,3.04,26.09,0,0,0,0,0,0.08108108108108092,-0.0210142410559222,0.009696097017735016,0.02014247712032956,0.018925762418684582,0.06068303697431543,0.6100616235855665,0.05414536199077669,0.1299999999999999,0.7696491705194453,-0.19871007371007376,0.1299999999999999
2022-06-10,119.55,107.55,12945200.0,3.15,27.75,0,0,0,0,0,0.08108108108108092,-0.04603512506652474,0.018928897103012716,0.02295165793721616,0.018866844737352867,0.012711864406779627,-0.0453462732575719,0.033437330691290096,0.31000000000000005,0.7470764209953766,-0.1265344664778092,0.31000000000000005
2022-06-13,115.99,104.35,16805600.0,3.43,34.02,0,0,0,0,0,0.08108108108108092,-0.029753602975360338,0.017916315695661433,0.023851663830458576,0.019096589578133472,-0.026040694418517862,0.29821091987763815,-0.1645052612348878,0.5,0.661816698395431,0.1783858676827157,0.5
2022-06-14,114.06,102.62,13357900.0,3.49,32.69,0,0,0,0,0,0.08108108108108092,-0.016578821274556677,0.012561092626272344,0.02407256389246983,0.01917531153924225,-0.035435661246357664,-0.20515185414385684,-0.20946961377750842,0.6100000000000003,0.6799020940984498,0.19002548234437566,0.6100000000000003
2022-06-15,115.41,103.83,14083500.0,3.33,29.62,0,0,0,0,0,0.08108108108108092,0.011791073864743762,0.021188793964579383,0.022895770240474497,0.01927162809969207,-0.05540393013100442,0.054319915555588905,-0.15349731783289508,0.3500000000000001,0.7216480826760947,0.13486590038314183,0.3500000000000001
2022-06-16,113.43,102.05,16724900.0,3.28,32.95,0,0,0,0,0,0.08108108108108092,-0.01714340749301746,0.021227680534913466,0.022897107627718044,0.019092106662148563,-0.05544242873010008,0.18755281002591695,-0.1680560835079689,0.3899999999999997,0.6763666032091378,0.06427648578811374,0.3899999999999997
2022-06-17,113.03,101.69,30919900.0,3.25,31.13,0,0,1,0,0,0.08108108108108092,-0.0035276825085742702,0.01577832276743526,0.022718786040390647,0.01896984872079363,-0.04462608042089444,0.848734521581594,-0.15402306124236365,0.41000000000000014,0.7011150394343215,0.06064735945485511,0.41000000000000014
2022-06-21,115.83,104.21,11680500.0,3.31,30.19,0,0,0,0,0,0.08108108108108092,0.02478119775789156,0.018263649863227177,0.02343407670470685,0.01927333579878462,-0.012882447665056307,-0.6222335777282592,-0.09720781512742983,0.5300000000000002,0.7138971988033722,0.025823989126741553,0.5300000000000002
2022-06-22,115.18,103.62,9842700.0,3.16,28.95,0,0,0,0,0,0.08108108108108092,-0.005661644755781459,0.01635972759438705,0.018295181476794656,0.019214966768732408,-0.0756467439785905,-0.1573391550019263,-0.1601727960818091,0.30000000000000027,0.7307587707370139,0.016502808988763995,0.30000000000000027
2022-06-23,113.92,102.49,11851500.0,3.09,29.05,0,0,0,0,0,0.08108108108108092,-0.010905230650453679,0.016127560195919793,0.017859594056440522,0.019233302731576186,-0.09843420126671365,0.20409034106495172,-0.198212530111748,0.33000000000000007,0.729398966548817,-0.013582342954159499,0.33000000000000007
2022-06-24,117.32,105.55,14841100.0,3.13,27.23,0,0,0,0,0,0.08108108108108092,0.029856571372816942,0.01890964534963692,0.019340404356664242,0.019691441605624267,-0.0779243469904779,0.25225498881998054,-0.20775493493087446,0.3799999999999999,0.7541474027740005,-0.0401832922100811,0.3799999999999999
2022-06-27,116.38,104.7,11280500.0,3.2,26.95,0,0,0,0,0,0.08108108108108092,-0.008053055423969613,0.019628668267043816,0.01870029575564519,0.019702048132866697,-0.10090167453842847,-0.2399148311109015,-0.20456489455345428,0.4500000000000002,0.7579548545009519,-0.020000000000000018,0.4500000000000002
2022-06-28,115.82,104.2,11590900.0,3.2,28.36,0,0,0,0,0,0.08108108108108092,-0.0047755491881565915,0.016807797161458974,0.018142387278748895,0.019377958607090115,-0.11769686706181193,0.027516510792961357,-0.17221056069199384,0.45999999999999996,0.7387816154473755,0.10264385692068423,0.45999999999999996
2022-06-29,115.3,103.73,9338400.0,3.1,28.16,0,0,0,0,0,0.08108108108108092,-0.0045105566218809345,0.01671692090284882,0.01787477861077601,0.019368956649746468,-0.12802622730329516,-0.19433348575175358,-0.15190663950999295,0.25,0.7415012238237694,0.07521954944635345,0.25
2022-06-30,112.61,101.31,15172600.0,2.98,28.71,0,0,0,0,0,0.08108108108108092,-0.02332979851537642,0.019495611667605314,0.018107109528480672,0.019535184318968384,-0.1332135523613962,0.6247537051315,-0.18709358141220772,0.040000000000000036,0.7340223007886864,0.11755546905410674,0.040000000000000036
2022-07-01,114.05,102.61,10573600.0,2.88,26.7,0,0,0,0,0,0.08108108108108092,0.01283190208271634,0.012864287258436179,0.01790260988743142,0.01960343670416126,-0.13598854833277207,-0.30311218907767945,-0.14339823887594688,-0.040000000000000036,0.7613543649714442,0.08009708737864085,-0.040000000000000036
2022-07-05,112.62,102.22,12514200.0,2.82,27.54,0,0,0,0,0,0.08108108108108092,-0.0038007991423837373,0.012799274430238188,0.017842221955762853,0.019547026820503636,-0.1270708795900939,0.18353257168797765,-0.1796907455141595,-0.14000000000000012,0.7499320097905902,0.11093182734973772,-0.14000000000000012
2022-07-06,111.89,101.55,10656200.0,2.93,26.73,0,0,0,0,0,0.08108108108108092,-0.006554490315006878,0.012826007381835995,0.017825495031843823,0.019554712253384114,-0.1298946105732156,-0.148471336561666,-0.1730199224647951,-0.10999999999999988,0.760946423714985,0.0662145991224572,-0.10999999999999988
2022-07-07,114.72,104.12,10347400.0,3.01,26.08,0,0,0,0,0,0.08108108108108092,0.025307730182176247,0.01872736794935755,0.01912864112381232,0.019699989205624407,-0.11023756622799519,-0.028978435089431542,-0.21221863714420394,0.029999999999999805,0.7697851509382648,0.08576186511240635,0.029999999999999805
2022-07-08,114.36,103.8,8807800.0,3.09,24.64,0,0,0,0,0,0.08108108108108092,-0.003073376872839151,0.013691837106121183,0.01898145986038945,0.019699386618898626,-0.09864536297325455,-0.14879100063784134,-0.2847231846573785,0.06000000000000005,0.7893663312483002,0.02838063439065097,0.06000000000000005
2022-07-11,112.86,102.43,7939500.0,2.99,26.17,0,0,0,0,0,0.08108108108108092,-0.013198458574181005,0.014842383720568455,0.018713127134608463,0.019717874836260044,-0.09144935249246045,-0.09858307409341716,-0.3130097433045477,-0.04999999999999982,0.7685613271688876,0.0030663089306248725,-0.04999999999999982
2022-07-12,112.97,102.53,11250900.0,2.96,27.29,0,0,0,0,0,0.08108108108108092,0.0009762764814995606,0.014710961123640533,0.015991328497978307,0.01932407682809622,-0.04667596466759638,0.4170791611562441,-0.4244131245143975,-0.18999999999999995,0.7533315202610824,-0.01657657657657663,-0.18999999999999995
2022-07-13,111.91,101.57,12979900.0,2.91,26.82,0,0,0,0,0,0.08108108108108092,-0.00936311323515071,0.015105155668517972,0.014748317947317197,0.019324800592349648,-0.026641111643507465,0.1536765947613079,-0.2517840022450247,-0.52,0.7597225999456078,-0.21164021164021174,-0.52
2022-07-14,108.0,98.02,26204800.0,2.96,26.4,0,0,1,0,0,0.08108108108108092,-0.0349512651373437,0.013992747837468912,0.01624936643435623,0.019609396078749217,-0.04482557006431498,1.0188753380226352,-0.046559314625443715,-0.5300000000000002,0.7654337775360348,-0.19241358213520954,-0.5300000000000002
2022-07-15,112.95,102.52,18863900.0,2.93,24.23,0,0,0,0,0,0.08108108108108092,0.045908998163640025,0.029872472047657743,0.019296774326498956,0.02037169707976378,-0.012616777424636405,-0.2801357003297106,-0.2910728822144557,-0.3999999999999999,0.7949415284199075,-0.18197164078325456,-0.3999999999999999
2022-07-18,111.79,101.46,13977900.0,2.96,25.3,0,0,0,0,0,0.08108108108108092,-0.010339445961763616,0.02963394220422915,0.019045496037590197,0.020384889310273397,-0.005781479666830069,-0.2590132475256972,-0.17162512440286587,-0.31999999999999984,0.7803916236062007,-0.2321699544764796,-0.31999999999999984
2022-07-19,114.56,103.98,11862300.0,3.01,24.5,0,0,0,0,0,0.08108108108108092,0.024837374334713225,0.03197225446344233,0.019818738113520546,0.020670966238802137,0.02251942177205235,-0.1513532075633679,-0.2585047680058982,-0.2400000000000002,0.7912700571117759,-0.21297783488596211,-0.2400000000000002
2022-07-20,114.54,103.96,11667500.0,3.04,23.88,0,0,0,0,0,0.08108108108108092,-0.0001923446816696206,0.03132657145256633,0.01903252063189358,0.02036828937689879,-0.002399002015161744,-0.016421773180580468,-0.4138058456712209,-0.27,0.7997008430785967,-0.20900960582974504,-0.27
2022-07-21,115.32,104.67,11595900.0,2.91,23.11,0,0,0,0,0,0.08108108108108092,0.0068295498268564625,0.02224371848269432,0.01904015943864875,0.020395309900457383,0.010133178922987707,-0.006136704521105596,-0.40232511687407463,-0.25,0.8101713353277128,-0.20172711571675306,-0.25
2022-07-22,114.76,104.16,7645500.0,2.77,23.03,0,0,0,0,0,0.08108108108108092,-0.004872456291200922,0.013613641597173487,0.018894273728346615,0.020060561720308512,0.016294272611962146,-0.34067213411636876,-0.312600748468083,-0.31999999999999984,0.8112591786782704,-0.20722891566265056,-0.31999999999999984
2022-07-25,115.22,104.58,9394000.0,2.81,23.36,0,0,0,0,0,0.08108108108108092,0.0040322580645162365,0.011356515570497643,0.017658786283700472,0.02000553335675279,-0.009189957366177115,0.22869661892616566,-0.39633158538376817,-0.31999999999999984,0.8067718248572205,-0.14212265883217046,-0.31999999999999984
2022-07-26,113.42,102.94,10675100.0,2.81,24.69,0,0,0,0,0,0.08108108108108092,-0.015681774717919317,0.008846694497614873,0.01791526764044655,0.019983572915106745,-0.016809933142311384,0.13637428145624875,-0.3478536600361034,-0.3900000000000001,0.7886864291542017,-0.08385899814471232,-0.3900000000000001
2022-07-27,115.24,104.59,9337400.0,2.78,23.24,0,0,0,0,0,0.08108108108108092,0.016028754614338503,0.012056656871510533,0.01826646603623661,0.01967541452111254,0.003742802303263071,-0.12531030154284273,-0.38900067408036,-0.4200000000000004,0.8084035898830568,-0.1805359661495064,-0.4200000000000004
2022-07-28,114.81,104.2,10384800.0,2.68,22.33,0,0,0,0,0,0.08108108108108092,-0.003728845969978023,0.011759869207133376,0.018256364802609518,0.019641547503082696,0.004530993926540106,0.11217255338745269,-0.3420724350195288,-0.41999999999999993,0.8207778079956487,-0.2070312500000001,-0.41999999999999993
2022-07-29,115.36,104.7,12944500.0,2.67,21.33,0,0,0,0,0,0.08108108108108092,0.004798464491362786,0.011726995397786622,0.017396646744069946,0.01944229018038093,0.03346165235416043,0.24648524766967106,-0.23042085182596475,-0.31000000000000005,0.8343758498776176,-0.2570532915360503,-0.31000000000000005
2022-08-01,114.21,103.66,14740400.0,2.6,22.84,0,0,0,0,0,0.08108108108108092,-0.009933142311365883,0.01248929140036192,0.01738088426282056,0.018961538709734972,0.010232920767956344,0.13873846034995552,-0.23201256720175603,-0.2799999999999998,0.8138428066358444,-0.1445692883895131,-0.2799999999999998
2022-08-02,112.43,102.04,14942900.0,2.75,23.93,0,0,0,0,0,0.08108108108108092,-0.01562801466332231,0.012474262950804397,0.017737876466762587,0.01880202676512363,-0.0017609078458226124,0.013737754742069397,-0.20407381653942275,-0.06999999999999984,0.7990209409844982,-0.1310820624546114,-0.06999999999999984
2022-08-03,113.61,103.11,14394500.0,2.73,21.95,0,0,0,0,0,0.08108108108108092,0.010486083888671116,0.010613188918103601,0.017812534161192346,0.018863421319961986,0.01536189069423921,-0.03669970353813512,-0.21610978489095428,-0.20000000000000018,0.8259450639107968,-0.17882528993640112,-0.20000000000000018
2022-08-04,112.36,101.98,18033900.0,2.68,21.44,0,0,0,0,0,0.08108108108108092,-0.010959169818640202,0.011244966890125652,0.017027008737274165,0.018818947097773056,-0.02055320783711101,0.2528326791482858,-0.25376538709942054,-0.3299999999999996,0.832880065270601,-0.1779141104294477,-0.3299999999999996
2022-08-05,115.76,105.07,14174600.0,2.83,21.15,0,0,0,0,0,0.08108108108108092,0.030300058835065702,0.01928352694158245,0.0183841625501158,0.018992853197062634,0.012235067437379454,-0.21400251748096644,-0.3498721075258856,-0.2599999999999998,0.8368234974163721,-0.14163961038961048,-0.2599999999999998
2022-08-08,114.35,103.79,10332500.0,2.77,21.29,0,0,0,0,0,0.08108108108108092,-0.012182354620728919,0.019621328906523097,0.018344897978172004,0.01904060540038688,0.01327736014839398,-0.2710552678735202,-0.24792177711250735,-0.2200000000000002,0.8349197715528964,-0.18647306075659165,-0.2200000000000002
2022-08-09,115.38,104.72,10233800.0,2.8,21.77,0,0,0,0,0,0.08108108108108092,0.008960400809326474,0.017573332512761435,0.018435166592415043,0.019077190745559323,0.02135960206768739,-0.009552383256714259,-0.29584044881988064,-0.16000000000000014,0.8283927114495513,-0.2022718944668377,-0.16000000000000014
2022-08-10,118.39,107.45,12847300.0,2.78,19.74,0,0,0,0,0,0.08108108108108092,0.02606951871657759,0.019940801090642116,0.019056911732290748,0.01934113277282475,0.05789110957960042,0.25537923352029557,-0.35850266120848795,-0.13000000000000034,0.8559967364699483,-0.2639821029082775,-0.13000000000000034
2022-08-11,120.14,109.04,11684900.0,2.87,20.2,0,0,0,0,0,0.08108108108108092,0.014797580269892974,0.01674865778607057,0.016977338002922872,0.019407614699088832,0.11242603550295871,-0.090478154943062,-0.20068912666642766,-0.08999999999999986,0.8497416372042426,-0.23484848484848486,-0.08999999999999986
2022-08-12,122.13,110.85,9906700.0,2.84,19.53,0,0,0,0,0,0.08108108108108092,0.01659941305942758,0.014268258732526575,0.014368009388051778,0.019050526547105498,0.08125243854857578,-0.15217930833811155,-0.45703315891218965,-0.0900000000000003,0.8588523252651618,-0.19397441188609155,-0.0900000000000003
2022-08-15,122.46,111.15,8456200.0,2.79,19.95,0,0,0,0,0,0.08108108108108092,0.0027063599458729826,0.008744426611528569,0.013972922737119076,0.018914663578237303,0.09550561797752821,-0.14641606185712697,-0.3728173132715839,-0.16999999999999993,0.8531411476747348,-0.21146245059288538,-0.16999999999999993
2022-08-16,123.63,112.21,9555000.0,2.82,19.69,0,0,0,0,0,0.08108108108108092,0.009536662168241117,0.008667715684971912,0.013208175782766902,0.01883843659897953,0.07914983650702045,0.12994016224781824,-0.5559834902006339,-0.18999999999999995,0.8566766385640467,-0.1963265306122448,-0.18999999999999995
2022-08-17,122.59,111.27,8149300.0,2.89,19.9,0,0,0,0,0,0.08108108108108092,-0.008377149986632193,0.010176737088611068,0.013465876579499993,0.01884014452330691,0.07031550596383229,-0.1471166928309785,-0.4703950465196427,-0.1499999999999999,0.8538210497688333,-0.16666666666666674,-0.1499999999999999
2022-08-18,121.64,110.4,9531800.0,2.88,19.56,0,0,0,0,0,0.08108108108108092,-0.007818819088703077,0.010875853716732822,0.01367142388547705,0.017095284583806568,0.054743479507022075,0.169646472703177,-0.4115166681747351,-0.03000000000000025,0.8584443840087028,-0.1536131544785807,-0.03000000000000025
2022-08-19,118.63,107.67,13464500.0,2.98,20.6,0,0,0,0,0,0.08108108108108092,-0.024728260869565255,0.013005262707986015,0.014918647544993727,0.01728218695276772,0.0336981566820278,0.41258733922239244,-0.3051085885642564,0.20999999999999996,0.844302420451455,-0.10551454624402956,0.20999999999999996
2022-08-22,116.67,105.89,8967600.0,3.03,23.8,0,0,0,0,0,0.08108108108108092,-0.016531995913439235,0.012725912116788942,0.015453163235481926,0.01737033692557757,0.012526295658825903,-0.33398195254186935,-0.38955414790503246,0.21999999999999975,0.8007886864291542,0.018835616438356295,0.21999999999999975
2022-08-23,115.52,104.85,7607000.0,3.05,24.11,0,0,0,0,0,0.08108108108108092,-0.00982151289073574,0.007199090872825248,0.015178601793324387,0.01723450443981683,0.018554497765688627,-0.15172398412061194,-0.35459061889246224,0.23999999999999977,0.7965732934457438,-0.02349129202106126,0.23999999999999977
2022-08-24,115.8,105.1,9771300.0,3.11,22.82,0,0,0,0,0,0.08108108108108092,0.002384358607534498,0.010115064677312017,0.014770056537245006,0.017118490712947777,0.00487618319150962,0.28451426317865125,-0.4302542558816253,0.33000000000000007,0.8141147674734838,-0.018072289156626398,0.33000000000000007
2022-08-25,118.55,107.6,10758900.0,3.03,21.78,0,0,0,0,0,0.08108108108108092,0.0237868696479544,0.018898738111618515,0.015627109696018528,0.017397211303513155,0.03262955854126681,0.10107150532682452,-0.3798667018152917,0.34999999999999964,0.8282567310307316,-0.02463054187192104,0.34999999999999964
2022-08-26,114.67,104.08,11276200.0,3.04,25.56,0,0,0,0,0,0.08108108108108092,-0.03271375464684012,0.02118389278874148,0.017390170993907075,0.01774171517906601,-0.005921680993314249,0.04808112353493388,-0.5222662549596431,0.3700000000000001,0.7768561327168888,0.19831223628691985,0.3700000000000001
2022-08-29,114.39,103.82,8117300.0,3.12,26.21,0,0,0,0,0,0.08108108108108092,-0.002498078401229842,0.02045260797046121,0.017249000282398556,0.01758614306717969,0.001543507621068807,-0.2801386992071797,-0.45766579809950075,0.52,0.7680174054936089,0.14754816112084068,0.52
2022-08-30,114.41,103.84,10745400.0,3.11,26.21,0,0,0,0,0,0.08108108108108092,0.00019264110961292324,0.02020092999555065,0.016842004262378973,0.017518761114666364,0.017640141121128883,0.32376529141463295,-0.38420123217469276,0.3599999999999999,0.7680174054936089,0.0952778938570833,0.3599999999999999
2022-08-31,113.73,103.22,10738300.0,3.15,25.87,0,0,0,0,0,0.08108108108108092,-0.005970724191063259,0.020116802695474605,0.01675643429233729,0.0175258570528845,0.0010668218407525742,-0.0006607478548960044,-0.3916437278370091,0.41999999999999993,0.7726407397334784,0.17858769931662888,0.41999999999999993
2022-09-01,114.51,103.93,9979800.0,3.26,25.56,0,0,0,0,0,0.08108108108108092,0.0068785119162952935,0.015220981764149105,0.016606003976359904,0.017552893954567255,0.019121396352225872,-0.07063501671586747,-0.3604720305258283,0.5799999999999996,0.7768561327168888,0.19216417910447747,0.5799999999999996
2022-09-02,113.71,103.21,10666600.0,3.2,25.47,0,0,0,0,0,0.08108108108108092,-0.006927739824882262,0.005553650538659321,0.015183668326634784,0.017469032781584844,-0.017702484058246926,0.06881901440910632,-0.361668148771794,0.3700000000000001,0.7780799564862659,0.20425531914893624,0.3700000000000001
2022-09-06,113.74,103.23,9751900.0,3.33,26.91,0,0,0,0,0,0.08108108108108092,0.00019377967251243966,0.005583107977800756,0.014944951422773618,0.017284664883929747,-0.005395510164755812,-0.08575366096038095,-0.3619832275649676,0.56,0.7584987761762306,0.2639736965711603,0.56
2022-09-07,115.9,105.19,10647900.0,3.27,24.64,0,0,0,0,0,0.08108108108108092,0.018986728664147856,0.010687029761159036,0.015427506515235967,0.016451975380074733,0.004488158899923489,0.09187953116828518,-0.29470427758424195,0.4700000000000002,0.7893663312483002,0.13183279742765275,0.4700000000000002
2022-09-08,118.6,107.64,11435000.0,3.29,23.61,0,0,0,0,0,0.08108108108108092,0.02329118737522573,0.012633162466647387,0.015194352568779622,0.016263114656688726,0.0017682643089809158,0.0739206791949587,-0.18359124737687785,0.5100000000000002,0.8033723143867283,0.19604863221884505,0.5100000000000002
2022-09-09,119.17,108.16,9299700.0,3.33,22.79,0,0,0,0,0,0.08108108108108092,0.004830917874396157,0.012731045573871478,0.014849870019179633,0.016112940078869743,-0.00807043286867215,-0.18673371228683866,-0.13654158509608036,0.45999999999999996,0.8145227087299429,0.1282178217821781,0.45999999999999996
2022-09-12,120.58,109.44,8614600.0,3.37,23.87,0,0,0,0,0,0.08108108108108092,0.01183431952662728,0.009578182758784049,0.014600594988399815,0.016113431752066355,-0.012719891745602174,-0.0736690430874114,-0.04234997596839982,0.5300000000000002,0.7998368234974164,0.2222222222222221,0.5300000000000002
2022-09-13,116.39,105.64,12904600.0,3.42,27.27,0,0,0,0,0,0.08108108108108092,-0.03472222222222221,0.023209190933311367,0.01644502646607031,0.016601419401791547,-0.04957264957264962,0.49799178139437705,-0.17585494905086685,0.6299999999999999,0.7536034810987218,0.36691729323308264,0.6299999999999999
2022-09-14,116.12,105.39,9345700.0,3.41,26.16,0,0,0,0,0,0.08108108108108092,-0.002366527830367282,0.021882965714640393,0.01620354197318278,0.016597070139243577,-0.060778896711523034,-0.2757853788571517,-0.11495522190233137,0.5900000000000003,0.7686973075877074,0.32859319451498226,0.5900000000000003
2022-09-15,117.87,106.98,10821400.0,3.45,26.27,0,0,0,0,0,0.08108108108108092,0.015086820381440491,0.019978351712124687,0.016637720014107595,0.016405047995697458,-0.0385548665408465,0.15790149480509763,-0.1091197224739558,0.56,0.7672015229806908,0.32010050251256295,0.56
2022-09-16,117.08,106.26,14844100.0,3.45,26.3,0,0,0,0,0,0.08108108108108092,-0.006730229949523214,0.01979321242942983,0.016618872457078028,0.016412505480830147,-0.03749999999999998,0.3717356349455707,-0.19559927782393027,0.5700000000000003,0.7667935817242317,0.3445807770961147,0.5700000000000003
2022-09-19,118.16,107.24,8201300.0,3.49,25.76,0,0,0,0,0,0.08108108108108092,0.009222661396574239,0.01932016235349264,0.015868152661557663,0.01638003647847919,-0.003993684406055631,-0.447504395685828,-0.44826852340210016,0.5100000000000002,0.774136524340495,0.2504854368932039,0.5100000000000002
2022-09-20,115.83,105.13,9619000.0,3.57,27.16,0,0,0,0,0,0.08108108108108092,-0.019675494218575174,0.013662978177726916,0.016054168409861302,0.01614170093191941,-0.007177259420153015,0.17286283881823605,-0.5605394566761214,0.54,0.7550992657057384,0.14117647058823524,0.54
2022-09-21,112.49,102.1,12606300.0,3.51,27.99,0,0,0,0,0,0.08108108108108092,-0.02882145914581946,0.0186050151438925,0.017174266912284936,0.016536504850622774,-0.026227944682880255,0.310562428526874,-0.653894214294404,0.45999999999999996,0.7438128909437041,0.16092907507258403,0.45999999999999996
2022-09-22,111.21,100.94,11684500.0,3.7,27.35,0,0,0,0,0,0.08108108108108092,-0.011361410381978465,0.014309670389305919,0.017298423533868398,0.01658859435519981,-0.03958135109419603,-0.07312216907419311,-0.6895413992273631,0.5900000000000003,0.7525156377481642,0.19851007887817707,0.5900000000000003
2022-09-23,109.14,99.06,18138600.0,3.69,29.92,0,0,0,0,0,0.08108108108108092,-0.018624925698434658,0.014312770930955314,0.016571432861016012,0.016747270557625312,-0.07936802973977686,0.5523642432282083,-0.6300266572285634,0.6600000000000001,0.7175686701115038,0.3737373737373737,0.6600000000000001
2022-09-26,106.79,96.93,15753600.0,3.88,32.26,0,0,0,0,0,0.08108108108108092,-0.021502119927316765,0.006258910190395284,0.015716362725235588,0.01670689547257242,-0.0686971560338201,-0.13148754589659617,-0.7032768439342499,0.8399999999999999,0.6857492521076964,0.2621283255086071,0.8399999999999999
2022-09-27,105.85,96.07,12793600.0,3.97,32.6,0,0,0,0,0,0.08108108108108092,-0.008872382131435153,0.008015764259937328,0.015760950091991535,0.016646014646436648,-0.07464842997495669,-0.18789356083688813,-0.6275519296171527,0.8500000000000001,0.681125917867827,0.24380007630675316,0.8500000000000001
2022-09-28,107.99,98.01,12762600.0,3.72,30.18,0,0,0,0,0,0.08108108108108092,0.020193608826897247,0.016599174712344626,0.016634790426736983,0.016863437314362982,-0.056144067796610186,-0.002423086543271613,-0.4715434556897686,0.6100000000000003,0.7140331792221919,0.15146890499809218,0.6100000000000003
2022-09-29,106.16,96.35,12713900.0,3.76,31.84,0,0,0,0,0,0.08108108108108092,-0.016937047240077607,0.017059540064854464,0.016924651675457803,0.01697885531851257,-0.06655686882387135,-0.0038158368984376745,-0.5063655119662039,0.6099999999999999,0.6914604296981235,0.23076923076923062,0.6099999999999999
2022-09-30,104.5,94.85,15973400.0,3.83,31.62,0,0,0,0,0,0.08108108108108092,-0.015568240788790821,0.016685726234227982,0.016958301747818358,0.01673453507654506,-0.08736649668045815,0.2563729461455573,-0.5143824028888695,0.5700000000000003,0.6944519989121567,0.23708920187793447,0.5700000000000003
2022-10-03,107.73,97.78,12248100.0,3.67,30.1,0,0,0,0,0,0.08108108108108092,0.03089088033737486,0.02208583660172971,0.018684946032768573,0.017244186213483066,-0.05261118108710394,-0.23321897654851187,-0.391290059355161,0.46999999999999975,0.7151210225727495,0.181782489202984,0.46999999999999975
2022-10-04,112.77,102.35,16013600.0,3.62,29.07,0,0,0,0,0,0.08108108108108092,0.04673757414604207,0.02838312274206966,0.02169794278393733,0.01822481784949469,-0.008524653685944128,0.30743543896604364,-0.285003881004121,0.29000000000000004,0.7291270057111776,0.08026755852842804,0.29000000000000004
2022-10-05,110.39,101.09,10943500.0,3.76,28.55,0,0,0,0,0,0.08108108108108092,-0.01231069858329259,0.030017089738986376,0.021367017996813346,0.018295191859948743,-0.038977089076908444,-0.3166121296897637,-0.24885842195482474,0.48999999999999977,0.7361979874898015,0.15868506493506485,0.48999999999999977
2022-10-06,108.14,99.03,11521400.0,3.83,30.52,0,0,0,0,0,0.08108108108108092,-0.020377881096053096,0.03072169513129373,0.02089731730801078,0.018444655710960985,-0.0799888517279822,0.05280760268652629,-0.1953034457257501,0.54,0.7094098449823225,0.29267259635747567,0.54
2022-10-07,105.98,97.05,11681100.0,3.89,31.36,0,0,0,0,0,0.08108108108108092,-0.019993941229930368,0.03154661799693111,0.02108449922583324,0.01806494543848534,-0.10271819526627224,0.013861162705921082,-0.20179438287324655,0.56,0.6979874898014685,0.3760421237384819,0.56
2022-10-10,104.99,96.14,8931700.0,3.89,32.45,0,0,0,0,0,0.08108108108108092,-0.009376609994848017,0.028248631184685433,0.020713028864862905,0.017065605302040862,-0.12152777777777779,-0.2353716687640719,-0.13494895209256594,0.52,0.6831656241501223,0.35944700460829493,0.52
2022-10-11,101.96,93.37,12739700.0,3.93,33.63,0,0,0,0,0,0.08108108108108092,-0.028812148949448724,0.007634000673220553,0.020324037117378128,0.017401606020405608,-0.11614918591442636,0.4263466081485048,-0.2927843243636212,0.5100000000000002,0.6671199347293989,0.2332233223322333,0.5100000000000002
2022-10-12,103.61,94.88,13181000.0,3.91,33.57,0,0,0,0,0,0.08108108108108092,0.016172218057191712,0.017436710770377683,0.020910838534183483,0.01721652793033727,-0.09972483157794865,0.03463974818873283,-0.1878217533560881,0.5,0.6679358172423171,0.28325688073394506,0.5
2022-10-13,109.37,100.15,22398700.0,3.97,31.94,0,0,0,0,0,0.08108108108108092,0.055543844856661195,0.03401414185647045,0.024592373611931027,0.0187197182550931,-0.06384370910450554,0.6993171989985585,-0.002721735071501706,0.52,0.6901006255099266,0.21583555386372288,0.52
2022-10-14,111.19,101.82,33387100.0,4.0,32.02,0,0,1,0,0,0.08108108108108092,0.016674987518721762,0.03177546724694088,0.024960167496909175,0.01882745882119138,-0.04178430265386801,0.4905820427078358,0.010736439282157888,0.5499999999999998,0.689012782159369,0.21749049429657807,0.5499999999999998
2022-10-17,115.86,106.1,22276300.0,4.02,31.37,0,0,0,0,0,0.08108108108108092,0.04203496366136328,0.032236303782678825,0.026740450555885427,0.0195921782264785,-0.010630361805296529,-0.3327872142234576,0.09414774849014125,0.5299999999999994,0.697851509382649,0.21777950310559002,0.5299999999999994
2022-10-18,118.84,108.83,21539700.0,4.01,30.5,0,0,0,0,0,0.08108108108108092,0.025730442978322277,0.01715182640347992,0.026926730972178667,0.019857041432324245,0.03519452106915244,-0.03306653259293513,0.008764851356564025,0.43999999999999995,0.7096818058199619,0.12297496318114876,0.43999999999999995
2022-10-19,116.51,106.69,17072000.0,4.14,30.76,0,0,0,0,0,0.08108108108108092,-0.019663695672149206,0.028650576231129505,0.026447353886295735,0.019919807023075175,0.04495592556317329,-0.2074170020938082,-0.09978866875561582,0.6299999999999999,0.7061463149306499,0.09896391568417306,0.6299999999999999
2022-10-20,116.13,106.35,12207400.0,4.24,29.98,0,0,0,0,0,0.08108108108108092,-0.003186802886868567,0.02421364629067813,0.026284051424019628,0.019824900595410543,0.05359619575985741,-0.2849461105904405,-0.18485025763541224,0.54,0.7167527875985857,0.09616087751371105,0.54
2022-10-21,122.23,111.93,20593300.0,4.21,29.69,0,0,0,0,0,0.08108108108108092,0.05246826516220038,0.03033987833265145,0.027967846037319333,0.020920402514256555,0.12992125984251968,0.6869521765486508,-0.31078182077967254,0.52,0.7206962197443567,-0.0076871657754010725,0.52
2022-10-24,122.38,112.07,12624200.0,4.25,29.85,0,0,0,0,0,0.08108108108108092,0.0012507817385865039,0.02816321393407347,0.027222002371083708,0.020915666399917574,0.1561951924068914,-0.38697537548620187,-0.26294770084551716,0.3700000000000001,0.7185205330432417,-0.07470551766893974,0.3700000000000001
2022-10-25,122.7,112.36,11289100.0,4.1,28.46,0,0,0,0,0,0.08108108108108092,0.002587668421522249,0.027083815665690916,0.02697585944048508,0.020863606347770708,0.1695638596856459,-0.10575719649561954,-0.19895410567182326,0.12999999999999945,0.7374218112591786,-0.1269938650306749,0.12999999999999945
2022-10-26,124.11,113.65,11667000.0,4.04,27.28,0,0,0,0,0,0.08108108108108092,0.01148095407618377,0.022740343886345285,0.026842048738079657,0.02077852229836701,0.15957555351494745,0.033474767696273444,-0.18133911336433853,0.31999999999999984,0.7534675006799021,-0.09609012591119948,0.31999999999999984
2022-10-27,124.6,114.1,10727600.0,3.96,27.39,0,0,0,0,0,0.08108108108108092,0.003959524857017005,0.021674509791651076,0.026229531454273945,0.020750451270321834,0.18422418266735852,-0.08051769949430021,-0.12177841558193966,0.20000000000000018,0.7519717160728855,-0.13976130653266328,0.20000000000000018
2022-10-28,126.08,115.46,11859500.0,4.02,25.75,0,0,0,0,0,0.08108108108108092,0.011919368974583788,0.005078267979729078,0.025597341059295675,0.020720347589053126,0.21729045861887197,0.10551288265781711,-0.08837011414386436,0.1899999999999995,0.7742725047593146,-0.1856419987349779,0.1899999999999995
2022-10-31,125.88,115.27,13295200.0,4.1,25.88,0,0,0,0,0,0.08108108108108092,-0.0016455915468560622,0.005889942921319198,0.025243705264358762,0.02039605513752663,0.17887093475148297,0.12105906657110332,-0.03854855311641289,0.4299999999999997,0.7725047593146587,-0.14019933554817288,0.4299999999999997
2022-11-01,128.15,117.35,13386900.0,4.07,25.81,0,0,0,0,0,0.08108108108108092,0.018044590960353935,0.007663377046595943,0.02372972258675647,0.02041943122153361,0.14655593551538848,0.006897226066550299,-0.046022684196285,0.4500000000000002,0.7734566222463966,-0.11214310285517726,0.4500000000000002
2022-11-02,126.97,116.27,16546100.0,4.1,25.86,0,0,0,0,0,0.08108108108108092,-0.009203238176395345,0.010773533310092944,0.02360561601206867,0.020452902839287197,0.15016322089227407,0.2359919025315793,-0.009243600976356034,0.33999999999999986,0.772776720152298,-0.09422066549912433,0.33999999999999986
2022-11-03,127.2,116.48,12474400.0,4.14,25.3,0,0,0,0,0,0.08108108108108092,0.0018061408789886713,0.010849060007832152,0.022743024562534023,0.020206295323384842,0.17620922952640616,-0.24608215833338365,0.0347084438108021,0.3099999999999996,0.7803916236062007,-0.1710353866317169,0.3099999999999996
2022-11-04,130.68,119.67,14953200.0,4.17,24.55,0,0,0,0,0,0.08108108108108092,0.027386675824175866,0.0150123387923678,0.022089145704909847,0.02041057158816595,0.23307573415765082,0.1987109600461745,0.015609205413326138,0.2799999999999998,0.7905901550176775,-0.21715561224489788,0.2799999999999998
2022-11-07,131.37,120.3,12011200.0,4.22,24.35,0,0,0,0,0,0.08108108108108092,0.0052644773126095945,0.014285999893852359,0.02162444636747086,0.020323111504552193,0.2513001872269607,-0.19674718454912665,0.09586105021502742,0.3299999999999996,0.7933097633940712,-0.24961479198767333,0.3299999999999996
2022-11-08,131.45,120.37,9884100.0,4.14,25.54,0,0,0,0,0,0.08108108108108092,0.0005818786367415285,0.013532793065150414,0.01964983048232798,0.020322941078480775,0.28917211095641004,-0.17709304648994273,0.3412065922125576,0.20999999999999952,0.7771280935545282,-0.24055902468034507,0.20999999999999952
2022-11-09,129.74,118.81,9494000.0,4.12,26.09,0,0,0,0,0,0.08108108108108092,-0.012960039877045748,0.014592896169775538,0.020462183787102264,0.020380168118848057,0.2522133220910625,-0.0394674274845459,0.3877231013974915,0.20999999999999996,0.7696491705194453,-0.22281799225498955,0.20999999999999996
2022-11-10,135.08,123.7,16351600.0,3.82,23.53,0,0,0,0,0,0.08108108108108092,0.04115815167073489,0.02170991892771621,0.01903573481757093,0.020981909272872964,0.235147279081378,0.7223088266273436,0.08477448183940298,-0.15000000000000036,0.8044601577372859,-0.2633061991233563,-0.15000000000000036
2022-11-11,135.3,123.9,10704700.0,3.82,22.52,0,0,0,0,0,0.08108108108108092,0.0016168148746968924,0.020237823879059633,0.019088209689586962,0.02094253852143967,0.21685327047731295,-0.34534235181878226,0.09715698801359743,-0.18000000000000016,0.8181941800380745,-0.29668956901936294,-0.18000000000000016
2022-11-14,133.91,122.63,11085600.0,3.88,23.73,0,0,0,0,0,0.08108108108108092,-0.010250201775625634,0.0217301533895808,0.018025246931617032,0.020709851697369937,0.15579641847313863,0.035582501144357126,-0.0007441974917111497,-0.13999999999999968,0.801740549360892,-0.24354478801402613,-0.13999999999999968
2022-11-15,132.94,121.74,14038300.0,3.8,24.54,0,0,0,0,0,0.08108108108108092,-0.007257604175161081,0.022316006495550086,0.017768767106256397,0.020600631995509107,0.11862537903151704,0.2663545500469078,-0.06327083780278789,-0.20999999999999996,0.7907261354364972,-0.19540983606557383,-0.20999999999999996
2022-11-16,133.12,121.9,7893400.0,3.67,24.11,0,0,0,0,0,0.08108108108108092,0.001314276326597863,0.020704828896888298,0.016780184577686198,0.020537497097844425,0.14256256443902915,-0.4377239409330189,0.1146489597215881,-0.46999999999999975,0.7965732934457438,-0.21618985695708715,-0.46999999999999975
2022-11-17,132.54,121.37,8820200.0,3.77,23.93,0,0,0,0,0,0.08108108108108092,-0.004347826086956497,0.005228690321543444,0.01681857793531721,0.020557739771166372,0.14123178185237428,0.11741454886360758,0.2223727475597675,-0.4700000000000002,0.7990209409844982,-0.20180120080053376,-0.4700000000000002
2022-11-18,133.84,122.56,9468500.0,3.82,23.12,0,0,0,0,0,0.08108108108108092,0.009804729340034513,0.007928556883415405,0.012984477273662334,0.020392168832644494,0.09497007057982665,0.07350173465454302,-0.13770355289743458,-0.3900000000000001,0.8100353549088931,-0.22128662849444258,-0.3900000000000001
2022-11-21,133.05,121.84,7800500.0,3.83,22.36,0,0,0,0,0,0.08108108108108092,-0.005874673629242766,0.006997419629137151,0.013178259130150508,0.01989781414588555,0.08717765682162937,-0.17616306701167028,-0.04476950033092661,-0.41999999999999993,0.8203698667391895,-0.2509212730318259,-0.41999999999999993
2022-11-22,135.04,123.66,9185700.0,3.76,21.29,0,0,0,0,0,0.08108108108108092,0.01493762311227842,0.009003666992344013,0.013383066342034268,0.019946065820302422,0.100569597721609,0.1775783603615153,-0.1158885467615486,-0.33999999999999986,0.8349197715528964,-0.25193253689388617,-0.33999999999999986
2022-11-23,136.48,124.98,7316200.0,3.71,20.35,0,0,0,0,0,0.08108108108108092,0.010674429888403836,0.009482533438617578,0.013363351493856462,0.019965953114329263,0.09969203695556539,-0.20352286706511202,-0.20185063028700612,-0.33000000000000007,0.8477019309219472,-0.2540322580645161,-0.33000000000000007
2022-11-25,136.74,125.22,3220500.0,3.68,20.5,0,0,0,0,0,0.08108108108108092,0.0019203072491598139,0.008267880648684734,0.013378246203313635,0.019929895255582402,0.09745836985100786,-0.5598124709548673,-0.16862888259890435,-0.2799999999999998,0.8456622246396519,-0.25155166119021544,-0.2799999999999998
2022-11-28,134.35,123.03,9906900.0,3.69,22.21,0,0,0,0,0,0.08108108108108092,-0.017489218974604648,0.01301607624926545,0.014142487447111083,0.020105698170145455,0.06556383163000179,2.0761993479273406,-0.11734480544394833,-0.3299999999999996,0.8224095730214849,-0.13747572815533982,-0.3299999999999996
2022-11-29,136.56,125.05,7925300.0,3.75,21.89,0,0,0,0,0,0.08108108108108092,0.016418759652117254,0.013929874607619007,0.014386492722988718,0.020135956736465954,0.08484427865012578,-0.20002220674479398,-0.1395698642511924,-0.34999999999999964,0.826760946423715,-0.15417310664605866,-0.34999999999999964
2022-11-30,138.18,126.54,14761200.0,3.68,20.58,0,0,0,0,0,0.08108108108108092,0.01191523390643745,0.013464491629150251,0.014138688483573643,0.020161153081990287,0.07831273966766106,0.8625414810795806,-0.254246817126891,-0.3900000000000001,0.8445743812890943,-0.20263463773731116,-0.3900000000000001
2022-12-01,136.24,124.76,8858500.0,3.53,19.84,0,0,0,0,0,0.08108108108108092,-0.01406669827722462,0.01515455366532558,0.014414518950954849,0.02018507407472834,0.07301969553625187,-0.39987941359781043,-0.05660447706884678,-0.5699999999999998,0.8546369322817514,-0.23279195668986852,-0.5699999999999998
2022-12-02,135.16,123.77,8931900.0,3.51,19.06,0,0,0,0,0,0.08108108108108092,-0.007935235652452799,0.015438302790867607,0.014642092734441088,0.020056386671911876,0.06258585164835151,0.008285827171643056,0.033040708724715186,-0.6299999999999999,0.8652434049496872,-0.24664031620553362,-0.6299999999999999
2022-12-05,131.37,120.3,10154500.0,3.6,20.75,0,0,0,0,0,0.08108108108108092,-0.02803587299022381,0.018467454509763177,0.01505069199856481,0.0204375604018555,0.0052644773126095945,0.13688017107222428,0.04226883983515486,-0.5699999999999998,0.8422627141691597,-0.15478615071283097,-0.5699999999999998
2022-12-06,131.59,120.5,13966700.0,3.51,22.17,0,0,0,0,0,0.08108108108108092,0.0016625103906899863,0.01521282063063392,0.015010532055907978,0.020396560411428746,0.0016625103906899863,0.37541976463636817,0.025485410668407444,-0.71,0.8229534946967636,-0.08952772073921966,-0.71
2022-12-07,131.5,120.42,11739400.0,3.42,22.68,0,0,0,0,0,0.08108108108108092,-0.0006639004149376904,0.011927764635306927,0.015011402300464036,0.01982870228478268,0.00041538589349499055,-0.15947217309743889,0.024316708504847514,-0.7199999999999998,0.8160184933369594,-0.11198120595144867,-0.7199999999999998
2022-12-08,132.88,121.68,8907300.0,3.48,22.29,0,0,0,0,0,0.08108108108108092,0.010463378176382765,0.014504531439881738,0.014849482344634892,0.019845865304060763,0.024156215806750314,-0.24124742320731896,0.15547520857124095,-0.6400000000000001,0.8213217296709274,-0.14564967420467612,-0.6400000000000001
2022-12-09,132.16,121.02,7957800.0,3.57,22.83,0,0,0,0,0,0.08108108108108092,-0.005424063116370892,0.014416446160505733,0.011556538151462115,0.019803557623003617,-0.021665319320937848,-0.10659795897746793,0.007027785612707598,-0.25,0.8139787870546642,-0.02974925626859337,-0.25
2022-12-12,134.21,122.9,8841600.0,3.61,25.0,0,0,0,0,0,0.08108108108108092,0.015534622376466745,0.008519932219820388,0.01212921160170516,0.019841039899843253,-0.008071025020177536,0.11106084596245203,0.12795479987611472,-0.20999999999999996,0.7844710361707914,0.11012433392539966,-0.20999999999999996
2022-12-13,134.08,122.78,10025400.0,3.51,22.55,0,0,0,0,0,0.08108108108108092,-0.000976403580146501,0.008802341571784712,0.011905410489634019,0.019827188841951705,0.0012231917149148064,0.1338897937024972,0.17722652289328011,-0.3700000000000001,0.8177862387816154,-0.0497260851243152,-0.3700000000000001
2022-12-14,133.41,122.17,9966100.0,3.49,21.14,0,0,0,0,0,0.08108108108108092,-0.0049682358690340545,0.009527075831718577,0.011841488836907037,0.019639051172372794,0.0035321176277312016,-0.005914975961058944,0.25804734655013783,-0.3099999999999996,0.8369594778351916,-0.1385493072534637,-0.3099999999999996
2022-12-15,130.1,119.14,12087800.0,3.44,22.83,0,0,0,0,0,0.08108108108108092,-0.02480150609806009,0.01437298599039851,0.013091146103654779,0.019536301143428643,-0.02264150943396226,0.21289170287273862,0.17095038291087764,-0.22999999999999998,0.8139787870546642,-0.05309000414765663,-0.22999999999999998
2022-12-16,129.29,118.4,21133700.0,3.48,22.62,0,0,0,0,0,0.08108108108108092,-0.006211180124223614,0.014395035984287109,0.01312235050894483,0.019484444855099606,-0.0244706270083217,0.7483495756051557,0.1875667771175793,-0.29000000000000004,0.8168343758498776,-0.05474300041788549,-0.29000000000000004
2022-12-19,130.06,119.1,9017200.0,3.57,22.42,0,0,0,0,0,0.08108108108108092,0.00591216216216206,0.011418443642165078,0.012979317742399861,0.01928259768004736,-0.028231070496083643,-0.5733260148483228,0.1624989603677546,-0.25,0.8195539842262713,-0.030276816608996504,-0.25
2022-12-20,130.69,119.68,8549900.0,3.69,21.48,0,0,0,0,0,0.08108108108108092,0.004869857262804533,0.012349585650864782,0.013004536359151319,0.019007293141119968,-0.017728168089297447,-0.051823182362595976,0.16704904639260593,-0.14000000000000012,0.8323361435953223,-0.03935599284436486,-0.14000000000000012
2022-12-21,132.16,121.02,8051700.0,3.68,20.07,0,0,0,0,0,0.08108108108108092,0.011196524064170932,0.014330052674314036,0.012791211657331604,0.018958903617448612,-0.02134885977680734,-0.058269687364764455,0.1244122429640157,-0.07999999999999963,0.8515093826488985,-0.057303898543917264,-0.07999999999999963
2022-12-22,130.66,119.65,8648200.0,3.67,21.97,0,0,0,0,0,0.08108108108108092,-0.011320442901999628,0.009311384000561565,0.012679671590059097,0.01894003574850191,-0.042646823491758634,0.07408373386986589,0.17166273496366302,-0.040000000000000036,0.8256731030731574,0.0796068796068794,-0.040000000000000036
2022-12-23,131.28,120.22,5091900.0,3.75,20.87,0,0,0,0,0,0.08108108108108092,0.004763894692854098,0.008475123225803068,0.012742909425022046,0.018749304440810684,-0.03992972368631209,-0.411218519460697,0.16954559579916276,0.06999999999999984,0.8406309491433234,0.018048780487804894,0.06999999999999984
2022-12-27,131.74,120.64,5411000.0,3.84,21.65,0,0,0,0,0,0.08108108108108092,0.0034935950756944667,0.008341345194538352,0.012251168564638247,0.018575102325745337,-0.019426156222059676,0.06266815923329205,0.19930887345509074,0.1499999999999999,0.8300244764753876,-0.02521386762719502,0.1499999999999999
2022-12-28,132.46,121.3,8827700.0,3.88,22.14,0,0,0,0,0,0.08108108108108092,0.00547082228116702,0.008386424615322043,0.011666860774048519,0.018242555295263096,-0.029988004798080725,0.6314359637774902,0.20896249900636182,0.1299999999999999,0.8233614359532228,0.011420740063956103,0.1299999999999999
2022-12-29,133.22,122.0,6585200.0,3.83,21.44,0,0,0,0,0,0.08108108108108092,0.00577081615828523,0.007295655618121172,0.011373435974591093,0.017351639344705568,-0.035877983246404344,-0.2540299285204527,0.26710806018747635,0.1499999999999999,0.832880065270601,0.041788143828960234,0.1499999999999999
2022-12-30,134.1,122.8,9292500.0,3.88,21.67,0,0,0,0,0,0.08108108108108092,0.006557377049180246,0.0011557481650421157,0.01113159793071559,0.017238635351774934,-0.01571016351394683,0.4111188726234587,0.18725753608425544,0.3500000000000001,0.8297525156377481,0.0922379032258065,0.3500000000000001
2023-01-03,135.12,123.74,11054800.0,3.79,22.9,0,0,0,0,0,0.012499999999999956,0.007654723127035856,0.0015363736904352096,0.01114648199091512,0.016961136607354498,-0.00024238506907980906,0.18964756524078563,0.15204682679572745,0.28000000000000025,0.8130269241229263,0.20146904512067154,0.28000000000000025
2023-01-04,136.38,124.89,11687600.0,3.69,22.01,0,0,0,0,0,0.012499999999999956,0.009293680297397744,0.0015590112834557503,0.009141528505321435,0.016682170549957943,0.0381546134663342,0.057242102977892007,-0.03776627545865379,0.08999999999999986,0.8251291813978787,0.0607228915662652,0.08999999999999986
2023-01-05,135.35,124.86,8381300.0,3.71,22.46,0,0,0,0,0,0.012499999999999956,-0.00024021138601970637,0.0036298815545491967,0.009154174631318703,0.016596253300621137,0.036182572614107844,-0.28288955816420824,-0.04142151052335894,0.20000000000000018,0.8190100625509926,0.013080739738385194,0.20000000000000018
2023-01-06,137.94,127.25,10029100.0,3.55,21.13,0,0,0,0,0,0.012499999999999956,0.01914143841102045,0.006977606723338281,0.009911390975411835,0.016112468265501584,0.05671815313070927,0.1966043453879469,-0.11525574133419085,0.1299999999999999,0.8370954582540114,-0.06834215167548507,0.1299999999999999
2023-01-09,137.37,126.72,8482300.0,3.53,21.97,0,0,0,0,0,0.012499999999999956,-0.004165029469548109,0.009055168803037028,0.009856408700939678,0.016093754501508906,0.041420118343195256,-0.15423118724511675,-0.12217990394138116,0.04999999999999982,0.8256731030731574,-0.014356213548676555,0.04999999999999982
2023-01-10,138.6,127.86,9048700.0,3.61,20.58,0,0,0,0,0,0.012499999999999956,0.008996212121212155,0.009123590831468083,0.009806070754781068,0.014673260548883103,0.05651958353991082,0.06677434186482434,-0.13318504365948564,0.040000000000000036,0.8445743812890943,-0.09855453350854138,0.040000000000000036
2023-01-11,139.63,128.81,8703700.0,3.54,21.09,0,0,0,0,0,0.012499999999999956,0.007430001564210809,0.009023821492860089,0.009411586923252458,0.014588164886735214,0.04808787632221323,-0.03812702377137045,-0.5064778525096169,-0.06999999999999984,0.8376393799292902,-0.15639999999999998,-0.06999999999999984
2023-01-12,139.49,128.68,11001700.0,3.43,18.83,0,0,0,0,0,0.012499999999999956,-0.001009238413166691,0.009167140940351535,0.009412208528434236,0.013720080137171695,0.048053428897214534,0.26402564426623165,-0.32605905388286194,-0.07999999999999963,0.8683709545825401,-0.16496674057649674,-0.07999999999999963
2023-01-13,143.01,131.93,20200000.0,3.49,18.35,0,0,0,0,0,0.012499999999999956,0.02525645010879707,0.011465365957120232,0.010528536333934028,0.013707083697176726,0.07988867970860292,0.8360798785642218,-0.531949093351035,0.0,0.8748980146858852,-0.13197729422894977,0.0
2023-01-17,140.8,129.89,14292900.0,3.53,19.36,0,0,0,0,0,0.012499999999999956,-0.015462745395285582,0.014891477496686418,0.009327024463799268,0.01359806826153439,0.09022998153432926,-0.2924306930693069,-0.2162503678524546,0.08999999999999986,0.8611639923850966,-0.15199299167761715,0.08999999999999986
2023-01-18,136.57,125.99,13392600.0,3.37,20.34,0,0,0,0,0,0.012499999999999956,-0.03002540611286464,0.02119306998678527,0.011911069514411734,0.01424367206212853,0.06410472972972969,-0.06298931637386396,-0.01852877405580952,-0.10999999999999988,0.8478379113407669,-0.10079575596816981,-0.10999999999999988
2023-01-19,134.75,124.31,13303400.0,3.39,20.52,0,0,0,0,0,0.012499999999999956,-0.013334391618382346,0.020725851205654375,0.0124442060542238,0.012827428124271553,0.043744752308984225,-0.00666039454624201,-0.001127917255557267,-0.17999999999999972,0.8453902638020125,-0.08474576271186451,-0.17999999999999972
2023-01-20,135.08,124.61,13092500.0,3.48,19.85,0,0,0,0,0,0.012499999999999956,0.0024133215348725034,0.02102403901460432,0.012428756288963155,0.012827415332000712,0.04119318181818166,-0.01585309018747083,-0.006634165666492599,-0.20999999999999996,0.8545009518629317,-0.07588454376163867,-0.20999999999999996
2023-01-23,137.27,126.63,10487100.0,3.52,19.81,0,0,0,0,0,0.012499999999999956,0.016210577000240756,0.017775321581818465,0.01267025057470756,0.012960565734319432,0.046355974219137286,-0.19899942715295016,-0.033576166416378055,-0.16000000000000014,0.8550448735382106,-0.012954658694569132,-0.16000000000000014
2023-01-24,138.45,127.72,6945000.0,3.46,19.2,0,0,0,0,0,0.012499999999999956,0.008607754876411633,0.01850680939383596,0.012317723511329221,0.012930504643221482,0.06744671959882975,-0.33775781674628824,-0.014093719995379398,-0.20999999999999996,0.8633396790862116,-0.1260810195721438,-0.20999999999999996
2023-01-25,139.12,128.34,8967000.0,3.46,19.08,0,0,0,0,0,0.012499999999999956,0.004854368932038833,0.010882859666854997,0.01231829010587566,0.012933284544187173,0.06754283813009487,0.29114470842332607,-0.022164166594000306,-0.29000000000000004,0.8649714441120478,-0.0857690464781985,-0.29000000000000004
2023-01-26,139.98,129.13,7487600.0,3.49,18.73,0,0,0,0,0,0.012499999999999956,0.006155524388343325,0.00528376216482933,0.012334342444782603,0.012879987610174374,0.07037466843501328,-0.16498271439723433,-0.0378262720396399,-0.34999999999999964,0.869730758770737,-0.13487297921478048,-0.34999999999999964
2023-01-27,140.32,129.45,7489900.0,3.52,18.51,0,0,0,0,0,0.012499999999999956,0.0024781228219623586,0.005267766650279877,0.012327055119585687,0.012871485915089952,0.06718878812860662,0.0003071745285538885,-0.042144030819556685,-0.3599999999999999,0.8727223279847702,-0.1639566395663956,-0.3599999999999999
2023-01-30,139.13,128.35,6729300.0,3.55,19.94,0,0,0,0,0,0.012499999999999956,-0.008497489378138212,0.006650462163884353,0.012588420749557787,0.012766981425429109,0.05204918032786887,-0.10155008745110083,-0.03666358504102762,-0.28000000000000025,0.8532771280935545,-0.0699626865671642,-0.28000000000000025
2023-01-31,139.96,129.11,9188700.0,3.52,19.4,0,0,0,0,0,0.012499999999999956,0.005921308920919577,0.006145162007817187,0.012578738267859995,0.012699711373227729,0.05138436482084696,0.36547634969461895,-0.06335474176441794,-0.3599999999999999,0.8606200707098178,-0.10475311490539929,-0.3599999999999999
2023-02-01,139.59,128.77,8841800.0,3.39,17.87,0,0,0,0,0,0.012499999999999956,-0.0026334133684455807,0.0062428125860405585,0.012570818957817061,0.012712758521789729,0.04064974947470512,-0.03775289213925803,-0.07962161043132832,-0.3999999999999999,0.8814250747892303,-0.219650655021834,-0.3999999999999999
2023-02-02,138.94,128.17,11822100.0,3.4,18.73,0,0,0,0,0,0.012499999999999956,-0.0046594703735344245,0.005725614487369187,0.012535929841909621,0.012283465157617862,0.026263111538153527,0.33706937501413736,-0.11488739463551398,-0.29000000000000004,0.869730758770737,-0.14902317128577924,-0.29000000000000004
2023-02-03,141.09,130.16,11501200.0,3.53,18.33,0,0,0,0,0,0.012499999999999956,0.01552625419364917,0.009625208630968104,0.01291909942087581,0.01241152821350388,0.042447541246195764,-0.02714407761734383,-0.17370349957241632,-0.18000000000000016,0.8751699755235246,-0.1838824577025825,-0.18000000000000016
2023-02-06,141.92,130.92,8406200.0,3.63,19.43,0,0,0,0,0,0.012499999999999956,0.005838967424707908,0.008045439032295437,0.012327723896047171,0.012424280042493407,0.028840864440078384,-0.2691023545369179,-0.308899636895822,0.08000000000000007,0.8602121294533587,-0.08045433033601512,0.08000000000000007
2023-02-07,143.65,132.52,10447900.0,3.67,18.66,0,0,0,0,0,0.012499999999999956,0.012221203788573387,0.008872589748603889,0.012475386466525133,0.012353438723173052,0.04577020202020221,0.24288025504984412,-0.3258622222099238,0.14000000000000012,0.8706826217024748,-0.15065999089667725,0.14000000000000012
2023-02-08,142.64,131.59,6958000.0,3.63,19.63,0,0,0,0,0,0.012499999999999956,-0.007017808632659217,0.009993424023816299,0.012537713643460461,0.011277072608574402,0.029172532457375278,-0.33402884790244924,-0.4040631323932429,0.020000000000000018,0.8574925210769649,-0.04616132167152576,0.020000000000000018
2023-02-09,140.42,129.54,6443100.0,3.67,20.71,0,0,0,0,0,0.012499999999999956,-0.015578691389923294,0.01315584949129908,0.013012884259895238,0.011480226739232446,0.005667261858551376,-0.07400114975567695,-0.5944020646215843,0.1299999999999999,0.8428066358444384,-0.018018018018017945,0.1299999999999999
2023-02-10,141.04,130.11,6582900.0,3.74,20.53,0,0,0,0,0,0.012499999999999956,0.004400185270958978,0.011121539343340852,0.013039046420091804,0.011396554652256466,0.011112838047870666,0.021697630022815106,-0.542958338778905,0.31000000000000005,0.8452542833831929,0.09028146574614992,0.31000000000000005
2023-02-13,142.57,131.52,7134600.0,3.72,20.34,0,0,0,0,0,0.012499999999999956,0.010836984090385027,0.011972649852911825,0.011959910954998668,0.011412353600436551,-0.0031077086333661796,0.08380804812468678,-0.40126942138755217,0.22999999999999998,0.8478379113407669,0.10844686648501356,0.22999999999999998
2023-02-14,143.2,132.1,9249400.0,3.77,18.91,0,0,0,0,0,0.012499999999999956,0.0044099756690996195,0.010564744015465517,0.01142900867592256,0.011419171409233625,0.01701439679729,0.29641465534157496,-0.434128011065644,0.2400000000000002,0.8672831112319825,-0.023243801652892526,0.2400000000000002
2023-02-15,143.8,132.66,6728300.0,3.81,18.23,0,0,0,0,0,0.012499999999999956,0.004239212717638274,0.010038834915221142,0.008818195217235947,0.011399648486183836,0.05294070958012553,-0.2725690315047462,-0.35484046700483074,0.43999999999999995,0.8765297797117215,-0.10373647984267453,0.43999999999999995
2023-02-16,141.82,130.83,8165300.0,3.86,20.17,0,0,0,0,0,0.012499999999999956,-0.013794663048394273,0.009275571851614754,0.008862512368453479,0.011516454112740451,0.05244952135789571,0.21357549455285874,-0.325154856529374,0.46999999999999975,0.8501495784607016,-0.01705653021442488,0.46999999999999975
2023-02-17,142.24,131.22,7948800.0,3.82,20.02,0,0,0,0,0,0.012499999999999956,0.0029809676679659614,0.009205916020423607,0.00886280342883038,0.011481537259250513,0.053045501966134445,-0.026514641225674485,-0.3197008105054168,0.33999999999999986,0.852189284742997,0.008564231738035222,0.33999999999999986
2023-02-21,139.63,128.81,9996300.0,3.95,22.87,0,0,0,0,0,0.012499999999999956,-0.018366102728242573,0.01106356914649543,0.009427610949109015,0.011615399025464804,0.017215509752823266,0.2575860507246377,-0.5892009501071304,0.43000000000000016,0.8134348653793854,0.15446744068652207,0.43000000000000016
2023-02-22,138.56,127.82,11107500.0,3.93,22.29,0,0,0,0,0,0.012499999999999956,-0.0076857386848847575,0.010007980881987821,0.009430140635038504,0.011591250004933223,0.0007829627309738907,0.11116112961795865,-0.6008436340157188,0.4700000000000002,0.8213217296709274,0.16093749999999996,0.4700000000000002
2023-02-23,139.67,128.85,8068000.0,3.88,21.14,0,0,0,0,0,0.012499999999999956,0.00805820685338765,0.011118964109220671,0.009542034257658339,0.011631542706145267,0.00397381954184195,-0.27364393427864053,-0.51833227203773,0.41999999999999993,0.8369594778351916,0.10796645702306096,0.41999999999999993
2023-02-24,140.93,130.01,9126900.0,3.95,21.67,0,0,0,0,0,0.012499999999999956,0.009002716336825811,0.011662227218598956,0.009655472495245416,0.011436614365315505,0.006814837760396486,0.1312469013386217,-0.40631447638991186,0.45999999999999996,0.8297525156377481,0.15696743192738927,0.45999999999999996
2023-02-27,142.16,131.14,10014700.0,3.92,20.95,0,0,0,0,0,0.012499999999999956,0.00869163910468429,0.01242874274029761,0.00982487580865521,0.011302590650963142,0.013055233680957956,0.09727289660235128,-0.36128227411026154,0.3999999999999999,0.8395431057927658,0.13182063749324668,0.3999999999999999
2023-02-28,143.35,132.24,11019800.0,3.92,20.7,0,0,0,0,0,0.012499999999999956,0.008387982308982966,0.007262672795968891,0.009718320694041549,0.011253158592985427,0.030307752239968844,0.10036246717325525,-0.34567807154802305,0.3700000000000001,0.8429426162632581,0.03811434302908712,0.3700000000000001
2023-03-01,142.55,131.5,7139200.0,4.01,20.58,0,0,0,0,0,0.012499999999999956,-0.0055958862673927134,0.006329314257553271,0.009785969385605829,0.011115817119630363,0.01851134691348455,-0.35214795186845493,-0.3460136440517719,0.48999999999999977,0.8445743812890943,0.06082474226804124,0.48999999999999977
2023-03-02,141.07,130.14,11106800.0,4.08,19.59,0,0,0,0,0,0.012499999999999956,-0.010342205323193965,0.00928231850101846,0.010082404912185887,0.01115266617698866,0.010639124019569568,0.555748543254146,-0.3680923022598828,0.69,0.8580364427522437,0.09625069949636256,0.69
2023-03-03,143.66,132.53,9513100.0,3.97,18.49,0,0,0,0,0,0.012499999999999956,0.018364837866912564,0.011676317756394211,0.01074560349003906,0.010712382332548377,0.03401732074588448,-0.14348867360535889,-0.48286872480457615,0.5700000000000003,0.8729942888224096,-0.012813667912440097,0.5700000000000003
2023-03-06,142.82,131.75,9261300.0,3.98,18.61,0,0,0,0,0,0.012499999999999956,-0.005885459895872636,0.011996663821474553,0.010358267462061348,0.0107567180465799,0.012215734480639284,-0.026468764125258892,-0.3588624421819704,0.4500000000000002,0.8713625237965733,0.015275504637206838,0.4500000000000002
2023-03-07,138.62,127.88,11747600.0,3.97,19.59,0,0,0,0,0,0.012499999999999956,-0.02937381404174577,0.01701034272848272,0.012251043111863907,0.011471491693632815,-0.023220287198288947,0.2684612311446557,-0.2305763692944252,0.3400000000000003,0.8580364427522437,0.008234688625836428,0.3400000000000003
2023-03-08,137.8,127.12,10002500.0,3.98,19.11,0,0,0,0,0,0.012499999999999956,-0.005943071629652685,0.01700609816727676,0.01187897862081832,0.01143921589349197,-0.040748566254150353,-0.1485494909598556,-0.1499035459897893,0.31000000000000005,0.8645635028555888,0.024115755627009516,0.31000000000000005
2023-03-09,130.34,120.24,25888100.0,3.93,22.61,0,0,1,0,0,0.012499999999999956,-0.05412208936438023,0.02745310365382549,0.016639668859431318,0.013440423914227352,-0.0862527547685995,1.5881629592601851,-0.3845293294208519,0.30000000000000027,0.8169703562686973,0.15180845644421814,0.30000000000000027
2023-03-10,133.65,123.29,37599700.0,3.7,24.8,0,0,1,0,0,0.012499999999999956,0.02536593479707272,0.029692476096729988,0.017674115745280487,0.013690835779809347,-0.048247645514898796,0.45239318451334776,-0.06295641870828131,0.03000000000000025,0.7871906445471852,0.1974891356832449,0.03000000000000025
2023-03-13,131.25,121.08,42901100.0,3.55,26.52,0,0,1,0,0,0.012499999999999956,-0.01792521696812399,0.029357038438049234,0.01793059692665162,0.013887821214241643,-0.069402813004381,0.14099580581759952,-0.16685900876571313,-0.1900000000000004,0.7638020125101985,0.2917681441792497,-0.1900000000000004
2023-03-14,134.62,124.19,29648100.0,3.64,23.73,0,0,1,0,0,0.012499999999999956,0.025685497191939133,0.033331172020396815,0.018837118279042796,0.01426575129262421,-0.05573296836982977,-0.3089198179067669,-0.04135724478433531,-0.08000000000000007,0.801740549360892,0.16666666666666674,-0.08000000000000007
2023-03-15,128.26,118.32,34280600.0,3.51,26.14,0,0,1,0,0,0.012499999999999956,-0.04726628553023593,0.038261751882092576,0.02120671807977774,0.015201799829864842,-0.10431491294473882,0.1562494729847781,-0.23093025217566227,-0.26000000000000023,0.7689692684253466,0.3823373876255949,-0.26000000000000023
2023-03-16,130.75,120.62,24558500.0,3.56,22.99,0,0,1,0,0,0.012499999999999956,0.01943881000676151,0.03252246366641551,0.021828891398297183,0.015383740575160907,-0.09075832956429963,-0.28360355419683436,-0.16552822270360001,-0.25,0.8118031003535491,0.26110806363137673,-0.25
2023-03-17,125.81,116.06,38396000.0,3.39,25.51,0,0,1,0,0,0.012499999999999956,-0.037804675841485724,0.03298632320091378,0.022995100560899193,0.016136430226695603,-0.11289459604066354,0.5634505364741331,-0.2753910122779322,-0.46999999999999975,0.7775360348109872,0.2647496281606345,-0.46999999999999975
2023-03-20,127.14,117.29,22875500.0,3.47,24.15,0,0,0,0,0,0.012499999999999956,0.010597966569016126,0.03406227813272403,0.023208818990977598,0.01618441499055548,-0.10615759792714519,-0.4042217939368684,-0.22489209688314857,-0.34999999999999964,0.7960293717704651,0.20629370629370625,-0.34999999999999964
2023-03-21,130.55,120.43,17807800.0,3.59,21.38,0,0,0,0,0,0.012499999999999956,0.026771250746014053,0.034316252240980505,0.024054264854749867,0.01649236137589336,-0.06505706078720597,-0.22153395554195532,-0.22582098368413928,-0.3600000000000003,0.8336959477835192,-0.065150852645387,-0.3600000000000003
2023-03-22,127.18,117.32,17250200.0,3.48,22.26,0,0,0,0,0,0.012499999999999956,-0.025824130200116313,0.02869520303110949,0.024573429234858786,0.01676592301429042,-0.08214676889375683,-0.03131212165455588,-0.2246147120543593,-0.4500000000000002,0.8217296709273865,-0.0013458950201883368,-0.4500000000000002
2023-03-23,126.84,117.01,16677600.0,3.38,22.61,0,0,0,0,0,0.012499999999999956,-0.0026423457211045553,0.026291698337700706,0.02441336412163623,0.016756110158386798,-0.0918897943344974,-0.033193818042689394,-0.21594423070215624,-0.5,0.8169703562686973,0.06953642384105962,-0.5
2023-03-24,124.91,115.23,22311100.0,3.38,21.74,0,0,0,0,0,0.012499999999999956,-0.015212375010682844,0.02077461498798576,0.024307605688466263,0.01685783215007633,-0.11368356280286118,0.33778841080251354,-0.2084021263760523,-0.5700000000000003,0.8288006527060103,0.0032302722658050786,-0.5700000000000003
2023-03-27,128.49,118.53,18853900.0,3.53,20.6,0,0,0,0,0,0.012499999999999956,0.028638375423066798,0.02456938257676363,0.025318714970427893,0.0172602949828446,-0.09615677901479325,-0.15495426043538862,-0.22835190784481935,-0.3900000000000001,0.844302420451455,-0.01670644391408105,-0.3900000000000001
2023-03-28,128.88,118.89,10820500.0,3.55,19.97,0,0,0,0,0,0.012499999999999956,0.0030372057706908873,0.020650965557648632,0.025200751047441863,0.01724777174972373,-0.10095281306715065,-0.42608691040050073,-0.2256914156830096,-0.3700000000000001,0.8528691868370954,-0.035265700483091855,-0.3700000000000001
2023-03-29,129.14,119.13,14595300.0,3.57,19.12,0,0,0,0,0,0.012499999999999956,0.0020186727226847445,0.015981836466761986,0.02524877851590278,0.017227206216609666,-0.09406844106463885,0.3488563375075089,-0.23645223033381224,-0.43999999999999995,0.864427522436769,-0.07094266277939731,-0.43999999999999995
2023-03-30,128.75,118.77,12134700.0,3.55,19.02,0,0,0,0,0,0.012499999999999956,-0.003021908839083376,0.016017196672110233,0.02521451478634163,0.017198154052792868,-0.08736745043798977,-0.16858851822161924,-0.24854077237928976,-0.5300000000000002,0.865787326624966,-0.029096477794793296,-0.5300000000000002
2023-03-31,130.31,120.21,13105200.0,3.48,18.7,0,0,0,0,0,0.012499999999999956,0.012124273806516817,0.012482748456531302,0.02495716110137644,0.017229428845700345,-0.09296008450916782,0.07997725530915467,-0.23205932808071691,-0.4900000000000002,0.8701387000271961,0.011357490535424564,-0.4900000000000002
2023-04-03,130.16,120.07,11775400.0,3.43,18.55,0,0,0,0,0,0.012499999999999956,-0.0011646285666749856,0.005852759197952484,0.024966359466806358,0.01722961610600569,-0.08865275142314999,-0.10147117174861886,-0.24460943179257766,-0.5499999999999998,0.8721784063094914,-0.003224073078989753,-0.5499999999999998
2023-04-04,128.42,118.47,11579900.0,3.35,19.0,0,0,0,0,0,0.012499999999999956,-0.013325560089947452,0.009176895767231772,0.024369900922678066,0.017111591989154313,-0.07358461057241161,-0.016602408410754665,-0.274065197188346,-0.6200000000000001,0.8660592874626054,-0.03011740684022457,-0.6200000000000001
2023-04-05,127.61,118.65,9614700.0,3.3,19.08,0,0,0,0,0,0.012499999999999956,0.001519371992909635,0.009142925780676043,0.02438811079010325,0.017109762669819867,-0.0666299559471365,-0.16970785585367754,-0.29106330737499053,-0.6800000000000002,0.8649714441120478,-0.0015698587127158659,-0.6800000000000002
2023-04-06,127.47,118.51,8760200.0,3.3,18.4,0,0,0,0,0,0.012499999999999956,-0.0011799410029498247,0.009066481558475666,0.02123427578042986,0.017059856145845185,-0.014387890884896781,-0.08887432785214311,-0.2855421986769112,-0.6300000000000003,0.8742181125917868,-0.18620079610791684,-0.6300000000000003
2023-04-10,127.89,118.91,9477300.0,3.41,18.97,0,0,0,0,0,0.012499999999999956,0.003375242595561545,0.006534477427495673,0.020375957303007716,0.017033422782127258,-0.03552599562008285,0.08185886166982481,-0.3942810721463188,-0.29000000000000004,0.8664672287190645,-0.23508064516129035,-0.29000000000000004
2023-04-11,128.52,119.49,10516300.0,3.43,19.1,0,0,0,0,0,0.012499999999999956,0.004877638550163876,0.007279666834748189,0.020050236152126366,0.01705141358411428,-0.013131813676907855,0.10963037996053737,-0.35777460365443037,-0.11999999999999966,0.8646994832744085,-0.2797888386123679,-0.11999999999999966
2023-04-12,128.5,119.47,11821000.0,3.41,19.09,0,0,0,0,0,0.012499999999999956,-0.00016737802326549645,0.002485783823625116,0.019085541746652657,0.01669783939898306,-0.038006280698929085,0.12406454741686712,-0.4708634580889301,-0.22999999999999998,0.8648354636932282,-0.19553308048883267,-0.22999999999999998
2023-04-13,128.99,119.93,12450200.0,3.45,17.8,0,0,0,0,0,0.012499999999999956,0.0038503389972379676,0.0026594701166336083,0.015812989088016594,0.01661029930025326,0.013607167004733078,0.05322730733440495,-0.2560590798608791,-0.05999999999999961,0.8823769377209681,-0.3190512624330528,-0.05999999999999961
2023-04-14,138.73,128.98,43931300.0,3.52,17.07,0,0,1,0,0,0.012499999999999956,0.07546068539981632,0.03246814278149232,0.02273575609296405,0.018927572365737774,0.06930857237605692,2.5285617901720454,-0.47272991899869626,-0.040000000000000036,0.8923035082948055,-0.2575032622879512,-0.040000000000000036
2023-04-17,139.83,130.01,16050500.0,3.6,16.95,0,0,0,0,0,0.012499999999999956,0.007985734222360152,0.03202995926185598,0.020547449868189894,0.018862192694471005,0.12019645011201097,-0.6346454577943288,-0.2937631681888941,0.20999999999999996,0.8939352733206418,-0.3355546844374756,0.20999999999999996
2023-04-18,141.4,131.47,13760100.0,3.58,16.83,0,0,0,0,0,0.012499999999999956,0.011229905391892947,0.03148071260697551,0.02055556148287685,0.018908293746198953,0.1208969221587517,-0.14269960437369555,-0.386652424464922,0.10999999999999988,0.8955670383464781,-0.3031055900621118,0.10999999999999988
2023-04-19,141.22,131.3,9158100.0,3.6,16.46,0,0,0,0,0,0.012499999999999956,-0.0012930706625084998,0.03166157203227234,0.020007663470678654,0.01880546828922383,0.09025990201776968,-0.3344452438572394,-0.4329324456523989,0.010000000000000231,0.9005983138428066,-0.23012160898035539,0.010000000000000231
2023-04-20,140.81,130.92,10586200.0,3.54,17.17,0,0,0,0,0,0.012499999999999956,-0.0028941355674030333,0.03262127256846814,0.018798096833436872,0.01878290241186165,0.11592226389362414,0.15593845885063495,-0.29141668426274636,0.06000000000000005,0.8909437041066086,-0.22866127583108709,0.06000000000000005
2023-04-21,140.54,130.67,11842500.0,3.57,16.77,0,0,0,0,0,0.012499999999999956,-0.00190956309196455,0.0065030042721490895,0.0187817685383791,0.018777143989684032,0.11674215878984695,0.11867336721391997,-0.24055465591705813,0.18999999999999995,0.8963829208593963,-0.2582927908005307,0.18999999999999995
2023-04-24,140.73,130.84,7567500.0,3.52,16.89,0,0,0,0,0,0.012499999999999956,0.001300987219713834,0.005771010266370039,0.018167083445028185,0.018762695653346928,0.1354681940466893,-0.36098796706776437,-0.0960304180214154,0.14000000000000012,0.8947511558335599,-0.2230910763569457,0.14000000000000012
2023-04-25,137.67,128.0,10629300.0,3.4,18.76,0,0,0,0,0,0.012499999999999956,-0.02170590033628861,0.009301415569202548,0.01842749730938001,0.018975673568307965,0.07989538513456518,0.40459861248761153,-0.29174348359606916,-0.1299999999999999,0.869322817514278,-0.0893203883495145,-0.1299999999999999
2023-04-26,135.23,125.73,14416100.0,3.43,18.84,0,0,0,0,0,0.012499999999999956,-0.01773437499999997,0.010374839312398361,0.019059475725294824,0.01908285504863647,0.05753217259651788,0.35626052515217377,-0.34030300305288924,-0.11999999999999966,0.8682349741637204,-0.05658487731597395,-0.11999999999999966
2023-04-27,137.05,127.42,9041100.0,3.53,17.03,0,0,0,0,0,0.012499999999999956,0.013441501630478081,0.014405527765114194,0.019200182555932657,0.019148093735134077,0.06958784521111405,-0.37284702520099056,-0.36352477238812125,-0.040000000000000036,0.8928474299700843,-0.10930962343096229,-0.040000000000000036
2023-04-28,138.24,128.53,9887300.0,3.44,15.78,0,0,0,0,0,0.012499999999999956,0.008711348296970733,0.01575432518257865,0.019168408823214318,0.01917803833632903,0.0821756335775028,0.09359480594175484,-0.3423450298208836,-0.10999999999999988,0.9098449823225455,-0.17034700315457418,-0.10999999999999988
2023-05-01,141.2,131.28,20415800.0,3.59,16.08,0,0,0,0,0,0.012499999999999956,0.021395783085661035,0.019343083612568965,0.019481598965505328,0.019361419915957242,0.09208884452208643,1.064850869296977,-0.4080976000809753,0.10999999999999988,0.9057655697579549,-0.14010695187165778,0.10999999999999988
2023-05-02,138.92,129.16,14113400.0,3.44,17.78,0,0,0,0,0,0.012499999999999956,-0.01614868982327855,0.017825155588693933,0.019995833364516463,0.01937890143147302,0.07570583826101451,-0.30870208368028684,-0.3960519656867482,0.009999999999999787,0.8826488985586075,-0.04150943396226414,0.009999999999999787
2023-05-03,135.98,126.43,12930900.0,3.38,18.34,0,0,0,0,0,0.012499999999999956,-0.021136574790956875,0.01880179585334954,0.020420510914140582,0.01955457304063259,0.06719000590866897,-0.08378562217467089,-0.38471469392046137,0.029999999999999805,0.8750339951047049,-0.03473684210526318,0.029999999999999805
2023-05-04,134.12,124.7,17089200.0,3.37,20.09,0,0,0,0,0,0.012499999999999956,-0.01368346120382824,0.018312550245261933,0.020775982909409615,0.019557294751504018,0.050990307627475806,0.32157854441686196,-0.43152532838332874,0.07000000000000028,0.8512374218112592,0.05293501048218041,0.07000000000000028
2023-05-05,136.74,127.13,11261400.0,3.44,17.19,0,0,0,0,0,0.012499999999999956,0.019486768243784924,0.02068779576641468,0.021085086561698517,0.0197137691009045,0.07273647793435134,-0.34102240011235163,-0.4377227134120272,0.14000000000000012,0.8906717432689693,-0.0657608695652172,0.14000000000000012
2023-05-08,137.07,127.44,7484900.0,3.52,16.98,0,0,0,0,0,0.012499999999999956,0.0024384488319044717,0.01667143647603584,0.021086938181649573,0.019615372423555523,0.07173492557396344,-0.3353490684994761,-0.4480903844651352,0.10999999999999988,0.8935273320641828,-0.10490247759620441,0.10999999999999988
2023-05-09,136.41,126.83,7343600.0,3.53,17.71,0,0,0,0,0,0.012499999999999956,-0.00478656622724416,0.015652931145734014,0.02116850687954477,0.01961563348484862,0.06142773453845507,-0.01887800772221404,-0.4796161500107284,0.09999999999999964,0.8836007614903454,-0.07277486910994768,0.09999999999999964
2023-05-10,136.48,126.89,8133400.0,3.43,16.94,0,0,0,0,0,0.012499999999999956,0.0004730741938028249,0.01217544705435166,0.0211636412399574,0.019562024507753562,0.06210764208587927,0.10754943079688428,-0.4927424026442041,0.020000000000000018,0.8940712537394615,-0.11262441068622309,0.020000000000000018
2023-05-11,136.05,126.49,7057300.0,3.39,16.93,0,0,0,0,0,0.012499999999999956,-0.003152336669556388,0.009707440816059865,0.02121061001053901,0.01955480636049496,0.054698574168264624,-0.13230629257137239,-0.48644385112131655,-0.06000000000000005,0.8942072341582812,-0.04887640449438213,-0.06000000000000005
2023-05-12,134.1,124.68,9988600.0,3.46,17.03,0,0,0,0,0,0.012499999999999956,-0.014309431575618481,0.00649991636978649,0.01291962067634068,0.019624535385623136,-0.033338502093347655,0.4153571479177589,-0.702667911639054,-0.06000000000000005,0.8928474299700843,-0.0023432923257176164,-0.06000000000000005
2023-05-15,135.23,125.73,7639500.0,3.5,17.12,0,0,0,0,0,0.012499999999999956,0.008421559191530203,0.008262724529596638,0.012937021303483601,0.019585605331014694,-0.03292054457349425,-0.23517810303746267,-0.6973594064244538,-0.10000000000000009,0.891623606200707,0.010029498525073954,-0.10000000000000009
2023-05-16,134.32,124.88,6477200.0,3.54,17.99,0,0,0,0,0,0.012499999999999956,-0.006760518571542251,0.008434464065939364,0.012620090384000875,0.01959684873288306,-0.050125503917243464,-0.15214346488644548,-0.6959153827580656,-0.040000000000000036,0.8797933097633941,0.06892453951277488,-0.040000000000000036
2023-05-17,138.45,128.72,12711500.0,3.57,16.87,0,0,0,0,0,0.012499999999999956,0.030749519538757264,0.01755109686741501,0.014650863574414379,0.019867666219594304,-0.01964965727341972,0.9624992280615081,-0.6698728972171653,-0.03000000000000025,0.8950231166711993,0.024908869987849247,-0.03000000000000025
2023-05-18,139.5,129.7,10999600.0,3.65,16.05,0,0,0,0,0,0.012499999999999956,0.007613424487258991,0.017267285824324078,0.014763187122851965,0.01986315786140192,-0.009318667888786991,-0.13467332730204928,-0.675541946284172,0.10999999999999988,0.9061735110144139,-0.06523005241700641,0.10999999999999988
2023-05-19,139.18,129.4,13492200.0,3.7,16.81,0,0,0,0,0,0.012499999999999956,-0.0023130300693907646,0.014500442613471042,0.014765684604262216,0.0198408236463926,-0.009719139817861655,0.2266082402996472,-0.6756234663047878,0.13000000000000034,0.8958389991841175,0.0023852116875371365,0.13000000000000034
2023-05-22,138.03,128.33,11402500.0,3.72,17.21,0,0,0,0,0,0.012499999999999956,-0.008268933539412604,0.01608225110474172,0.014862916667491267,0.019837179599683296,-0.019183735860592965,-0.1548820800166022,-0.6672608029084373,0.20000000000000018,0.8903997824313299,0.018946121965660145,0.20000000000000018
2023-05-23,136.59,126.99,9514900.0,3.7,18.53,0,0,0,0,0,0.012499999999999956,-0.010441829657913293,0.016778893967294824,0.014231567053388123,0.019848483453675982,-0.00789062500000004,-0.16554264415698317,-0.6423006577911113,0.30000000000000027,0.8724503671471308,-0.012260127931769782,0.30000000000000027
2023-05-24,135.34,125.83,8578000.0,3.73,20.03,0,0,0,0,0,0.012499999999999956,-0.009134577525789389,0.007458334177324429,0.013800478123846131,0.019846753489395835,0.0007953551260637681,-0.09846661551881786,-0.5882961502606271,0.2999999999999998,0.8520533043241773,0.06316348195329091,0.2999999999999998
2023-05-25,135.67,126.14,8472500.0,3.83,19.14,0,0,0,0,0,0.012499999999999956,0.0024636414209648905,0.0054513210605135805,0.013457202931427766,0.019839880774953647,-0.0100455187568671,-0.012298904173467018,-0.5403133884838889,0.30000000000000027,0.8641555615991297,0.12389900176159707,0.30000000000000027
2023-05-26,136.94,127.32,8579900.0,3.8,17.95,0,0,0,0,0,0.012499999999999956,0.009354685270334562,0.00870422605493562,0.013480924196995633,0.019837233777820523,-0.009414144557690851,0.012676305694895307,-0.5038594120574431,0.3599999999999999,0.8803372314386728,0.13751584283903684,0.3599999999999999
2023-05-30,137.46,127.8,7399900.0,3.69,17.46,0,0,0,0,0,0.012499999999999956,0.0037700282752120007,0.008618065035669998,0.012524146347547572,0.019695048180551712,-0.026508226691042025,-0.13753074045152036,-0.4372919049924027,0.10000000000000009,0.8870002719608376,0.08582089552238825,0.10000000000000009
2023-05-31,135.71,126.18,14219900.0,3.64,17.94,0,0,0,0,0,0.012499999999999956,-0.012676056338028041,0.00927594117432796,0.012329549700497482,0.019746457197822722,-0.023072158563022582,0.9216340761361641,-0.4500970490994309,0.20000000000000018,0.8804732118574925,0.008998875140607376,0.20000000000000018
2023-06-01,137.58,127.91,12248100.0,3.61,15.65,0,0,0,0,0,0.012499999999999956,0.013710572198446513,0.010014876511244915,0.01179905190018008,0.019461049446303596,0.011706082417147767,-0.13866482886658837,-0.4881413512526313,0.22999999999999998,0.9116127277672015,-0.14667393675027263,0.22999999999999998
2023-06-02,140.47,130.6,12922500.0,3.69,14.6,0,0,0,0,0,0.012499999999999956,0.021030412008443466,0.012698439871363706,0.012128590849526782,0.019627822124679492,0.0473135525260624,0.05506160139123617,-0.5212930354997519,0.31999999999999984,0.925890671743269,-0.27327028372324536,0.31999999999999984
2023-06-05,139.09,129.32,8511900.0,3.69,14.73,0,0,0,0,0,0.012499999999999956,-0.00980091883614087,0.014575608703315429,0.011715931782397042,0.01832258885376677,0.01722646110280812,-0.34131166569936155,-0.3825964644673868,0.25,0.924122926298613,-0.14310645724258297,0.25
2023-06-06,139.34,129.55,9329500.0,3.7,13.96,0,0,0,0,0,0.012499999999999956,0.0017785338694711328,0.014583578213731293,0.011712356204522753,0.018050195960220967,0.016556811048336506,0.09605376003007549,-0.3429845943276735,0.18000000000000016,0.9345934185477291,-0.17785630153121312,0.18000000000000016
2023-06-07,140.69,130.81,9281400.0,3.79,13.94,0,0,0,0,0,0.012499999999999956,0.00972597452720958,0.011815587174334535,0.011791703379673769,0.017911676255227785,0.03138058818891443,-0.005155688943673242,-0.36793320923497314,0.26000000000000023,0.9348653793853685,-0.21287408243929995,0.26000000000000023
2023-06-08,140.73,130.84,7368100.0,3.73,13.65,0,0,0,0,0,0.012499999999999956,0.00022934026450571743,0.01151828530892183,0.011793067940700343,0.017626997682730957,0.03112932461186868,-0.20614346973516928,-0.3261239479604067,0.2999999999999998,0.9388088115311395,-0.19421487603305787,0.2999999999999998
2023-06-09,141.01,131.1,7249100.0,3.75,13.83,0,0,0,0,0,0.012499999999999956,0.001987159889941914,0.006977530973987729,0.01173995013638246,0.016447548131824554,0.03644556881966943,-0.016150703709232994,-0.30677470987624655,0.3599999999999999,0.9363611639923851,-0.18310691080921437,0.3599999999999999
2023-06-12,141.0,131.09,7596600.0,3.73,15.01,0,0,0,0,0,0.012499999999999956,-7.627765064832648e-05,0.004016504905530649,0.01112363993038599,0.01628583154946027,0.05141161373115177,0.04793698528093149,-0.2886035232277439,0.27,0.9203154745716617,-0.1186142102172637,0.27
2023-06-13,142.02,132.04,7701600.0,3.84,14.61,0,0,0,0,0,0.012499999999999956,0.007246929590357665,0.004417506842320031,0.011094169872558774,0.015459794974456887,0.05018690845462492,0.013821972987915654,-0.315225370981563,0.33999999999999986,0.9257546913244493,-0.1466121495327104,0.33999999999999986
2023-06-14,141.49,131.55,9068700.0,3.83,13.88,0,0,0,0,0,0.012499999999999956,-0.0037109966676762696,0.003995402243051293,0.010980433408935194,0.015439463284663018,0.0534112748238309,0.17750856964786532,-0.23807607237311662,0.29000000000000004,0.9356812618982866,-0.22846025569760964,0.29000000000000004
2023-06-15,143.09,133.04,9343100.0,3.72,14.5,0,0,0,0,0,0.012499999999999956,0.011326491828202112,0.005963739580168869,0.009055750554978974,0.015145920047732539,0.033561218147917904,0.03025792009880135,-0.39556886736899965,0.15000000000000036,0.9272504759314659,-0.14048606994665092,0.15000000000000036
2023-06-16,143.26,133.2,13813500.0,3.77,13.54,0,0,0,0,0,0.012499999999999956,0.0012026458208056479,0.00601877847501796,0.008947892251366975,0.014706828874473228,0.02698535080956055,0.4784707431152402,-0.3865879634653053,0.1200000000000001,0.9403045961381561,-0.15638629283489103,0.1200000000000001
2023-06-20,142.53,132.52,8428600.0,3.74,13.88,0,0,0,0,0,0.012499999999999956,-0.005105105105104979,0.007036746200982743,0.00902978781030079,0.01472406196389853,0.024111282843894966,-0.38982879067578813,-0.33341026748766006,0.040000000000000036,0.9356812618982866,-0.17430101130279585,0.040000000000000036
2023-06-21,142.32,132.32,9926500.0,3.72,13.2,0,0,0,0,0,0.012499999999999956,-0.001509206157561227,0.006535971592781153,0.008778517990845554,0.014555003555049132,0.031091716667965175,0.1777163467242484,-0.2737446038896543,0.0,0.9449279303780256,-0.233004067402673,0.0
2023-06-22,139.58,129.77,10075200.0,3.8,12.91,0,0,0,0,0,0.012499999999999956,-0.01927146311970962,0.011110635864721424,0.009598092970815852,0.014405087647802626,0.0218914875187024,0.014980103762655572,-0.026515332310580023,0.09999999999999964,0.9488713625237966,-0.30329195898542904,0.09999999999999964
2023-06-23,138.85,129.1,9919500.0,3.74,13.44,0,0,0,0,0,0.012499999999999956,-0.005162980658087513,0.007900534337471695,0.009413928283624313,0.014430204464289454,0.025987443375983466,-0.015453787517865636,0.16080689174076776,0.010000000000000231,0.941664400326353,-0.32900649026460316,0.010000000000000231
2023-06-26,139.19,129.41,8429700.0,3.72,14.25,0,0,0,0,0,0.012499999999999956,0.002401239349341555,0.008185587650995738,0.00941354160292414,0.014430533613770499,0.025923576977960883,-0.15018902162407377,0.17244068227637308,-0.10999999999999988,0.9306499864019582,-0.25548589341692796,-0.10999999999999988
2023-06-27,139.2,129.42,8154000.0,3.77,13.74,0,0,0,0,0,0.012499999999999956,7.727378100597093e-05,0.008601929374719321,0.009223575485816343,0.014419686512593307,0.016493873704052753,-0.03270579024164566,0.08325722673774953,-0.029999999999999805,0.9375849877617624,-0.23454038997214477,-0.029999999999999805
2023-06-28,138.59,128.85,7558600.0,3.71,13.43,0,0,0,0,0,0.012499999999999956,-0.004404265183124645,0.008429756056052716,0.009268776780402867,0.014371707929158317,0.008215962441314506,-0.07301937699288696,0.0710340268296031,0.020000000000000018,0.9418003807451727,-0.2308132875143185,0.020000000000000018
2023-06-29,143.43,133.35,15423200.0,3.85,13.54,0,0,0,0,0,0.012499999999999956,0.0349243306169964,0.016707562730811813,0.011551244698183102,0.015009683411411347,0.0568235853542558,1.0404836874553487,0.33347684437758063,0.20999999999999996,0.9403045961381561,-0.2452619843924193,0.20999999999999996
2023-06-30,145.44,135.22,14212800.0,3.81,13.59,0,0,0,0,0,0.012499999999999956,0.01402324709411329,0.015806006642354854,0.011566946733586608,0.01495593303879868,0.05714955828316781,-0.07847917423102857,0.21766006539769245,0.20000000000000018,0.9396246940440577,-0.13162939297124598,0.20000000000000018
2023-07-03,146.61,136.31,8021600.0,3.86,13.57,0,0,0,0,0,0.012499999999999956,0.008060937731104945,0.015375906259597113,0.010834140357554303,0.01497387405292054,0.043721286370597356,-0.435607339862659,0.10399449599497042,0.16999999999999993,0.939896654881697,-0.07054794520547936,0.16999999999999993
2023-07-05,144.64,135.4,8934900.0,3.95,14.18,0,0,0,0,0,0.012499999999999956,-0.006675959210622806,0.016758754761849393,0.010673339942800685,0.015013048119019374,0.047015156201670294,0.11385509125361515,0.18929514665240618,0.26000000000000023,0.9316018493336959,-0.037338764426340876,0.26000000000000023
2023-07-06,143.21,134.06,9709500.0,4.05,15.44,0,0,0,0,0,0.012499999999999956,-0.009896602658788778,0.01800581123215548,0.011020077380966919,0.015094957857782088,0.034812813585488156,0.08669375146895875,0.002187607494854212,0.34999999999999964,0.914468316562415,0.10601719197707715,0.34999999999999964
2023-07-07,144.34,135.12,8981500.0,4.06,14.83,0,0,0,0,0,0.012499999999999956,0.007906907354915615,0.010376043857299793,0.010958287730601656,0.01510942952090449,0.03294855133399599,-0.07497811421803391,0.042809709991295145,0.2699999999999996,0.9227631221104161,0.06384505021520814,0.2699999999999996
2023-07-10,145.15,135.88,9100100.0,4.01,15.07,0,0,0,0,0,0.012499999999999956,0.005624629958555394,0.008611121197400401,0.010987101965246056,0.015112804713506995,0.03852033017425849,0.013204921226966482,0.06512931747379909,0.2799999999999998,0.9194995920587435,0.1040293040293041,0.2799999999999998
2023-07-11,147.42,138.0,11260900.0,3.99,14.84,0,0,0,0,0,0.012499999999999956,0.015602001766264362,0.010589306529190448,0.01140351203986785,0.015209639809262241,0.05263157894736836,0.23744794013252601,0.12897698750054612,0.2400000000000002,0.9226271416915964,0.07302964569775838,0.2400000000000002
2023-07-12,148.15,138.69,11323200.0,3.86,13.54,0,0,0,0,0,0.012499999999999956,0.004999999999999893,0.00926060246387587,0.011396616340080618,0.011819479525805263,0.057975436722862206,0.0055324174799527,0.14519405290688067,0.1299999999999999,0.9403045961381561,-0.09793471019320454,0.1299999999999999
2023-07-13,148.87,139.36,11234900.0,3.76,13.61,0,0,0,0,0,0.012499999999999956,0.004830917874396157,0.004535143094972817,0.01136067334124583,0.011796131810577638,0.05543774613753416,-0.007798148933163773,0.1235386483226796,-0.08000000000000007,0.9393527332064183,-0.06844626967830258,-0.08000000000000007
2023-07-14,149.77,140.2,27028400.0,3.83,13.34,0,0,1,0,0,0.012499999999999956,0.006027554535017021,0.004600736700181769,0.01127701745160938,0.011740342992222087,0.065754465982516,1.4057535002536738,0.10722580743357746,0.0,0.9430242045145499,-0.0389048991354467,0.0
2023-07-17,153.38,143.58,17262400.0,3.81,13.48,0,0,0,0,0,0.012499999999999956,0.024108416547788947,0.008540009740783252,0.012091642429637008,0.012103507750203512,0.07922429344558046,-0.36132364475884626,0.016277636768285662,0.08999999999999986,0.9411204786510743,-0.07034482758620686,0.08999999999999986
2023-07-18,153.66,143.85,13491700.0,3.8,13.3,0,0,0,0,0,0.012499999999999956,0.0018804847471791675,0.008932813321079643,0.012084666724524554,0.012089394731105024,0.07995495495495497,-0.21843428491982575,0.017774698656209585,0.029999999999999805,0.9435681261898287,-0.017725258493352936,0.029999999999999805
2023-07-19,154.25,144.4,12510000.0,3.75,13.76,0,0,0,0,0,0.012499999999999956,0.003823427181091521,0.009058379256023312,0.011897096673957516,0.012083498846301508,0.08964684575913062,-0.07276325444532561,0.019672668776550422,0.009999999999999787,0.9373130269241229,-0.008645533141210415,0.009999999999999787
2023-07-20,156.15,146.18,9935900.0,3.85,13.99,0,0,0,0,0,0.012499999999999956,0.012326869806094098,0.008995088718769225,0.01193952395453517,0.012160335083373795,0.10474607013301096,-0.2057633892885692,-0.001545483471055737,0.1299999999999999,0.9341854772912701,0.05984848484848482,0.1299999999999999
2023-07-21,154.95,145.05,10636400.0,3.84,13.6,0,0,0,0,0,0.012499999999999956,-0.007730195649199634,0.01198209412297758,0.010938568500641883,0.011829428776982856,0.11774678276951533,0.0705019172898278,-0.15771521909348746,0.040000000000000036,0.939488713625238,0.05344694035631292,0.040000000000000036
2023-07-24,158.0,147.91,14381400.0,3.86,13.91,0,0,0,0,0,0.012499999999999956,0.01971733884867266,0.010469249616035906,0.011059736582135998,0.011749992332380919,0.14570100697134003,0.3520928133579031,-0.20496533006176496,0.11999999999999966,0.9352733206418276,0.03497023809523814,0.11999999999999966
2023-07-25,156.82,146.8,9944700.0,3.91,13.86,0,0,0,0,0,0.012499999999999956,-0.007504563585964297,0.012106558614297545,0.011484580288317702,0.011738987286509201,0.13437910516961615,-0.30850264925528803,-0.1804793256796031,0.18999999999999995,0.9359532227359261,-0.027368421052631597,0.18999999999999995
2023-07-26,157.76,147.68,8728600.0,3.86,13.19,0,0,0,0,0,0.012499999999999956,0.0059945504087193235,0.012131876636047785,0.011389323194040433,0.011719571067296918,0.1410910214804515,-0.1222862429233662,-0.18151825758615578,0.08999999999999986,0.9450639107968453,-0.04002911208151383,0.08999999999999986
2023-07-27,156.02,146.06,10778400.0,4.01,14.41,0,0,0,0,0,0.012499999999999956,-0.010969664138678281,0.012855616463349677,0.01181243265652338,0.011573642957551542,0.13356616220411333,0.2348372018422198,-0.27166839937235726,0.2999999999999998,0.928474299700843,0.0729709605361133,0.2999999999999998
2023-07-28,156.91,146.89,9103800.0,3.96,13.33,0,0,0,0,0,0.012499999999999956,0.005682596193345102,0.012250156931261497,0.009713135638931066,0.011339153463651974,0.10153730783652049,-0.15536628813181919,-0.22663430794154643,0.10999999999999988,0.9431601849333696,-0.015509601181683874,0.10999999999999988
2023-07-31,157.96,147.87,8892700.0,3.97,13.63,0,0,0,0,0,0.012499999999999956,0.006671659064606317,0.008505680874661359,0.009485820642529407,0.010929681600143447,0.09355124981511609,-0.02318811924690789,-0.2095656385895663,0.16000000000000014,0.9390807723687788,0.0029433406916852256,0.16000000000000014
2023-08-01,157.18,147.14,6853900.0,4.05,13.93,0,0,0,0,0,0.012499999999999956,-0.004936768783390888,0.008003901379718082,0.009674127103875581,0.010764920487678447,0.07945125082532445,-0.22926670190155973,-0.19308416106970228,0.18999999999999995,0.9350013598041882,0.026529108327192352,0.18999999999999995
2023-08-02,155.4,145.47,8299400.0,4.08,16.09,0,0,0,0,0,0.012499999999999956,-0.011349734946309531,0.008745159160483696,0.00999356611258609,0.01069149175359309,0.07437223042836028,0.21090182232013888,-0.34559747751619624,0.1299999999999999,0.9056295893391352,0.13469675599435837,0.1299999999999999
2023-08-03,156.35,146.36,6084000.0,4.2,15.92,0,0,0,0,0,0.012499999999999956,0.006118099951880174,0.00816190328945527,0.009480223205363134,0.010702821635076697,0.09174996270326718,-0.2669349591536737,-0.19298950033397183,0.15000000000000036,0.9079412564590699,0.031088082901554515,0.15000000000000036
2023-08-04,156.02,146.06,6209400.0,4.05,17.1,0,0,0,0,0,0.012499999999999956,-0.0020497403662204094,0.00763510129745076,0.009549822183442703,0.010677625704677307,0.08096506808762571,0.020611439842209034,-0.2590777140022906,-0.009999999999999787,0.8918955670383465,0.15306810519217806,-0.009999999999999787
2023-08-07,156.76,146.75,7251800.0,4.09,15.77,0,0,0,0,0,0.012499999999999956,0.004724085992058091,0.00717470485291157,0.009543598977947336,0.010678650652218836,0.07999705622608189,0.1678745128353787,-0.2508530911726913,0.08000000000000007,0.9099809627413652,0.04644990046449893,0.08000000000000007
2023-08-08,155.88,145.92,8623400.0,4.02,15.99,0,0,0,0,0,0.012499999999999956,-0.005655877342419124,0.007267457970808753,0.009353409130562944,0.01070589618130847,0.05739130434782602,0.18913924818665717,-0.3513533547367562,0.02999999999999936,0.9069893935273321,0.07749326145552571,0.02999999999999936
2023-08-09,153.79,143.97,6277800.0,4.0,15.96,0,0,0,0,0,0.012499999999999956,-0.013363486842105199,0.007962463929338205,0.010008152515164775,0.010681480627861213,0.038070516980315716,-0.2720040819166454,-0.417115379795706,0.14000000000000012,0.9073973347837911,0.17872968980797643,0.14000000000000012
2023-08-10,153.56,143.75,5995100.0,4.09,15.85,0,0,0,0,0,0.012499999999999956,-0.0015280961311384678,0.00662449215343661,0.010011727154214636,0.010664518845984794,0.03150114810562554,-0.045031699002835435,-0.41660098937354584,0.33000000000000007,0.9088931193908077,0.1645848640705363,0.33000000000000007
2023-08-11,154.45,144.59,5180700.0,4.16,14.84,0,0,0,0,0,0.012499999999999956,0.005843478260869617,0.00789699893058503,0.010007525762529291,0.010607197266694776,0.031312410841654925,-0.1358442728228053,-0.39852393520656065,0.33000000000000007,0.9226271416915964,0.11244377811094464,0.33000000000000007
2023-08-14,154.77,144.89,5044300.0,4.19,14.82,0,0,0,0,0,0.012499999999999956,0.0020748322843902045,0.007407072452841575,0.008496901127260797,0.00993769480637542,0.009123833402980841,-0.026328488428204677,-0.34114839158240734,0.38000000000000034,0.9228991025292358,0.09940652818991103,0.38000000000000034
2023-08-15,150.83,141.2,10300300.0,4.21,16.46,0,0,0,0,0,0.012499999999999956,-0.0254675961073918,0.01282073990437053,0.010275501641420619,0.01052270736274382,-0.018421967327076905,1.0419681620839363,-0.4493044751834308,0.41000000000000014,0.9005983138428066,0.23759398496240602,0.41000000000000014
2023-08-16,150.19,140.6,6978200.0,4.28,16.78,0,0,0,0,0,0.012499999999999956,-0.004249291784702458,0.012233299207805803,0.010239555221444919,0.010537468008035641,-0.026315789473684292,-0.32252458666252437,-0.4351508281744457,0.5300000000000002,0.8962469404405765,0.21947674418604657,0.5300000000000002
2023-08-17,148.63,139.14,9953900.0,4.3,17.89,0,0,0,0,0,0.012499999999999956,-0.010384068278805225,0.012306405217204873,0.009904683041804103,0.010573969853121297,-0.048159802982624345,0.4264280186867673,-0.4396508256264687,0.44999999999999973,0.8811531139515909,0.2787705503931379,0.44999999999999973
2023-08-18,148.97,139.46,8517500.0,4.26,17.3,0,0,0,0,0,0.012499999999999956,0.0022998418858704017,0.011497875486043103,0.00987544310558211,0.010459368268565769,-0.03853843502240606,-0.14430524718954385,-0.43311737470692063,0.41999999999999993,0.8891759586619526,0.2720588235294119,0.41999999999999993
2023-08-21,149.48,139.93,8327000.0,4.34,17.13,0,0,0,0,0,0.012499999999999956,0.0033701419761937856,0.011768948179351427,0.008582489148483407,0.010365687886213035,-0.05395172740179832,-0.022365717640152605,-0.3089435207319889,0.48,0.8914876257818874,0.23148813803019408,0.48
2023-08-22,146.38,137.03,9673300.0,4.34,16.97,0,0,0,0,0,0.012499999999999956,-0.02072464803830487,0.00994695636853043,0.009435906822608385,0.01076599298745956,-0.06655313351498648,0.16167887594571884,-0.4121390480478957,0.4299999999999997,0.8936633124830025,0.22438672438672436,0.4299999999999997
2023-08-23,147.37,137.96,7858000.0,4.19,15.98,0,0,0,0,0,0.012499999999999956,0.006786834999635172,0.011515961895832573,0.009478965939198667,0.010739058618473143,-0.06581798483206935,-0.18766088098167122,-0.3364506275267853,0.3300000000000005,0.9071253739461518,0.21152388172858227,0.3300000000000005
2023-08-24,147.23,137.83,6534000.0,4.23,17.2,0,0,0,0,0,0.012499999999999956,-0.0009423021165554379,0.010910338272196533,0.009318863535673075,0.010738627030130104,-0.0563467068328084,-0.16849071010435224,-0.3829974471613396,0.22000000000000064,0.8905357628501496,0.19361554476058296,0.22000000000000064
2023-08-25,147.05,137.66,6695500.0,4.25,15.68,0,0,0,0,0,0.012499999999999956,-0.0012334034680404615,0.010687147775290907,0.009111428371948846,0.010586444138826864,-0.06283613588399473,0.02471686562595643,-0.3287067971116788,0.29000000000000004,0.9112047865107424,0.17629407351837956,0.29000000000000004
2023-08-28,147.56,138.14,5094100.0,4.2,15.08,0,0,0,0,0,0.012499999999999956,0.0034868516635186975,0.010703422044358705,0.008956335177402469,0.01046831488319086,-0.0658010414553325,-0.23917556567844078,-0.27219082045148624,0.22999999999999998,0.9193636116399239,0.1063829787234043,0.22999999999999998
2023-08-29,148.76,139.26,6337000.0,4.12,14.45,0,0,0,0,0,0.012499999999999956,0.008107716809034438,0.004296470187265059,0.009303627677679508,0.010185380969746612,-0.05355443795025139,0.2439881431459925,-0.4178576598117795,0.07000000000000028,0.9279303780255643,0.03732950466618812,0.07000000000000028
2023-08-30,148.16,138.7,6277300.0,4.12,13.88,0,0,0,0,0,0.012499999999999956,-0.004021255206089314,0.004760411837955017,0.009087106752707942,0.010107363547897793,-0.046538805251942095,-0.009420861606438402,-0.3580812826389654,0.040000000000000036,0.9356812618982866,-0.1373523927905531,0.040000000000000036
2023-08-31,146.33,136.98,10933900.0,4.09,13.57,0,0,0,0,0,0.012499999999999956,-0.012400865176640186,0.007778486437544206,0.009123290112373533,0.010258665307145958,-0.06408854878382086,0.7418157488092014,-0.20136925604813286,-0.11000000000000032,0.939896654881697,-0.1476130653266331,-0.11000000000000032
2023-09-01,146.82,137.44,7903500.0,4.18,13.09,0,0,0,0,0,0.012499999999999956,0.003358154475106012,0.00804192969154241,0.009240629958239538,0.010199434626824168,-0.059016842393536884,-0.2771563668956182,-0.2627086925373335,0.1299999999999999,0.9464237149850422,-0.2345029239766082,0.1299999999999999
2023-09-05,145.2,135.93,7854700.0,4.27,14.01,0,0,0,0,0,0.012499999999999956,-0.010986612339930035,0.008899928488957655,0.009217563613667313,0.010313618050055593,-0.07373083475298126,-0.006174479660909671,-0.20274041139947585,0.17999999999999972,0.9339135164536306,-0.11160431198478127,0.17999999999999972
2023-09-06,144.96,135.7,8629200.0,4.3,14.45,0,0,0,0,0,0.012499999999999956,-0.0016920473773266442,0.0065624170901977,0.009217754282859474,0.010316702587291676,-0.07003837719298245,0.09860338396119528,-0.20578268617820372,0.28000000000000025,0.9279303780255643,-0.09631019387116957,0.28000000000000025
2023-09-07,143.72,134.54,8373700.0,4.27,14.4,0,0,0,0,0,0.012499999999999956,-0.00854826823876198,0.0066792592896403186,0.009009387905993685,0.010384247834375594,-0.06549975689379739,-0.029608770222036784,-0.16646794130158998,0.2699999999999996,0.9286102801196627,-0.09774436090225569,0.2699999999999996
2023-09-08,143.83,134.64,7107900.0,4.26,13.84,0,0,0,0,0,0.012499999999999956,0.0007432733759475951,0.006119940174092854,0.009047698171348996,0.010346352547807523,-0.06337391304347839,-0.15116376273331977,-0.18926719965629368,0.16999999999999993,0.9362251835735654,-0.126813880126183,0.16999999999999993
2023-09-11,144.46,135.23,6854200.0,4.29,13.8,0,0,0,0,0,0.012499999999999956,0.004382055852644173,0.0064137379391455045,0.008976189660489976,0.010344901480915894,-0.06473476727297889,-0.03569267997580161,-0.2138910175256809,0.1299999999999999,0.9367691052488442,-0.07008086253369261,0.1299999999999999
2023-09-12,146.34,136.99,8363200.0,4.27,14.23,0,0,0,0,0,0.012499999999999956,0.013014863565776968,0.007946632065936106,0.009630581359051529,0.01037706211432638,-0.054524121747532406,0.22015698403898343,-0.2510223269049218,0.07999999999999918,0.9309219472395975,-0.03981106612685559,0.07999999999999918
2023-09-13,146.41,137.06,8325900.0,4.25,13.48,0,0,0,0,0,0.012499999999999956,0.0005109862033725321,0.007779167340788748,0.008023897779008717,0.010376698312048429,-0.029320113314447505,-0.004460015305146392,-0.19424896255589788,0.040000000000000036,0.9411204786510743,-0.18104495747266103,0.040000000000000036
2023-09-14,149.25,139.72,10034900.0,4.29,12.82,0,0,0,0,0,0.012499999999999956,0.019407558733401498,0.008312076783147762,0.00924173565344934,0.010630558191125577,-0.006258890469416745,0.205263094680455,-0.3074604741180662,0.009999999999999787,0.9500951862931738,-0.23599523241954712,0.009999999999999787
2023-09-15,148.81,139.31,19863400.0,4.33,13.79,0,0,0,0,0,0.012499999999999956,-0.0029344403091897675,0.009188355498398,0.00895856679588781,0.010637708093162553,0.0012217910018688105,0.9794317830770611,-0.20850857886452157,0.03000000000000025,0.9369050856676638,-0.22917831190609284,0.03000000000000025
2023-09-18,149.12,139.6,6512400.0,4.32,14.0,0,0,0,0,0,0.012499999999999956,0.002081688321010633,0.009399624703168746,0.008955878771759759,0.010302877927501924,0.0010038720780150001,-0.6721407211252857,-0.25963786310165105,0.0600000000000005,0.9340494968724504,-0.19075144508670527,0.0600000000000005
2023-09-19,148.93,139.42,7943400.0,4.37,14.11,0,0,0,0,0,0.012499999999999956,-0.001289398280802323,0.009059819473008629,0.008926570801276878,0.010273982141301425,-0.0036446794825986117,0.21973466003316755,-0.33316645300950104,0.03000000000000025,0.9325537122654338,-0.17629889083479278,0.03000000000000025
2023-09-20,148.3,138.83,7332000.0,4.35,15.14,0,0,0,0,0,0.012499999999999956,-0.00423181752976598,0.009684957810773734,0.007586546362551505,0.010297965355979877,0.013135809676713128,-0.07696955963441343,-0.10734981009089797,0.009999999999999787,0.9185477291270057,-0.10783736004714195,0.009999999999999787
2023-09-21,147.14,137.74,8052400.0,4.49,17.54,0,0,0,0,0,0.012499999999999956,-0.007851328963480508,0.003663562017487803,0.007672005683075929,0.010363586556048377,-0.0015946651203246898,0.098254228041462,-0.2951848832112991,0.2999999999999998,0.8859124286102801,0.09762202753441795,0.2999999999999998
2023-09-22,145.73,136.42,7071700.0,4.44,17.2,0,0,0,0,0,0.012499999999999956,-0.009583272832873635,0.00474976009369715,0.007962590746083829,0.010431481567164487,-0.010229993470217136,-0.1217897769609061,-0.4152392572199994,0.20999999999999996,0.8905357628501496,0.0,0.20999999999999996
2023-09-25,146.45,137.1,7044700.0,4.55,16.9,0,0,0,0,0,0.012499999999999956,0.004984606362703481,0.005772926599397128,0.008052671249962534,0.009451503462278738,-0.004067993607438591,-0.003818035267333153,-0.31055655702418766,0.2999999999999998,0.8946151754147403,0.07780612244897944,0.2999999999999998
2023-09-26,144.93,135.67,7468400.0,4.56,18.94,0,0,0,0,0,0.012499999999999956,-0.010430342815463178,0.006285207194891734,0.008316745203627423,0.009385760891312038,-0.017880411177066735,0.06014450579868558,-0.4135618084867303,0.35999999999999943,0.8668751699755235,0.25596816976127323,0.35999999999999943
2023-09-27,145.78,136.47,6717800.0,4.61,18.22,0,0,0,0,0,0.012499999999999956,0.005896661015699856,0.008127151856302538,0.008205086125428328,0.009358761848094142,-0.02003446790176644,-0.1005034545551925,-0.2846110564626885,0.4900000000000002,0.8766657601305412,0.26089965397923875,0.4900000000000002
2023-09-28,147.59,138.16,8868100.0,4.59,17.34,0,0,0,0,0,0.012499999999999956,0.01238367406756069,0.010142598787856191,0.008690621270271908,0.009449189953107073,-0.0038932948810381784,0.32008991038732915,-0.17215723996041554,0.46999999999999975,0.8886320369866739,0.24927953890489896,0.46999999999999975
2023-09-29,145.02,135.76,11917800.0,4.59,17.52,0,0,0,0,0,0.012499999999999956,-0.01737116386797921,0.01244393020394144,0.009119582083824008,0.009634430325410245,-0.008906409694845907,0.34389553568408116,-0.33916750375781524,0.5,0.8861843894479196,0.29108327192336025,0.5
2023-10-02,143.77,134.59,9170600.0,4.69,17.61,0,0,0,0,0,0.012499999999999956,-0.008618149675898579,0.012320114533627092,0.0092515307389482,0.009648189289112371,-0.02073632130384162,-0.23051234288207556,-0.3599554179610905,0.5100000000000007,0.8849605656785423,0.34530175706646293,0.5100000000000007
2023-10-03,142.71,133.6,9431100.0,4.81,19.78,0,0,0,0,0,0.012499999999999956,-0.007355672784010725,0.011967382871695761,0.009079404980932322,0.009664994934920693,-0.017141175605090986,0.028405993064793966,-0.45099188333334983,0.54,0.8554528147946695,0.41184867951463255,0.54
2023-10-04,143.35,134.19,8128700.0,4.73,18.58,0,0,0,0,0,0.012499999999999956,0.004416167664670789,0.01170731948809859,0.009151155178820978,0.009460022412201341,-0.011127487103905653,-0.1380962984169397,-0.40119839190196205,0.4300000000000006,0.8717704650530324,0.2858131487889273,0.4300000000000006
2023-10-05,142.9,134.76,8576200.0,4.72,18.49,0,0,0,0,0,0.012499999999999956,0.004247708473060552,0.00929851983033713,0.009006461002681626,0.009453209803607894,0.0016352014270848425,0.055051853309877385,-0.4089867380702579,0.4500000000000002,0.8729942888224096,0.28402777777777755,0.4500000000000002
2023-10-06,145.1,136.84,10270600.0,4.78,17.45,0,0,0,0,0,0.012499999999999956,0.015434847135648688,0.009886299781912026,0.009637014825217546,0.009650393692311672,0.016339869281045916,0.1975700193558918,-0.3450859668760886,0.5200000000000005,0.8871362523796573,0.26083815028901736,0.5200000000000005
2023-10-09,144.77,136.52,6964900.0,4.78,17.7,0,0,0,0,0,0.012499999999999956,-0.002338497515346316,0.008571119146206719,0.009624710101236283,0.009618418782930254,0.009539303409006994,-0.32186045605904234,-0.3409595535563701,0.4900000000000002,0.8837367419091651,0.28260869565217384,0.4900000000000002
2023-10-10,145.65,137.35,11288800.0,4.66,17.03,0,0,0,0,0,0.012499999999999956,0.006079695282742437,0.006387470055984735,0.009269168055352713,0.009107934525387787,0.002627929045915689,0.6208129334233083,-0.27520573800592185,0.39000000000000057,0.8928474299700843,0.19676739283204503,0.39000000000000057
2023-10-11,146.15,137.83,8698200.0,4.58,16.09,0,0,0,0,0,0.012499999999999956,0.003494721514379462,0.006442069137908781,0.009298875516964863,0.00911805932423548,0.005617977528090012,-0.2294840904259089,-0.2980025626726083,0.33000000000000007,0.9056295893391352,0.19362017804154297,0.33000000000000007
2023-10-12,145.81,137.5,10484400.0,4.7,16.69,0,0,0,0,0,0.012499999999999956,-0.002394253790901968,0.007354996741684426,0.0081506526429604,0.009101427623502384,-0.015888920698539977,0.20535283162033524,-0.0745005472988519,0.41000000000000014,0.8974707642099538,0.3018720748829955,0.41000000000000014
2023-10-13,148.0,139.57,29427000.0,4.63,19.32,0,0,1,0,0,0.012499999999999956,0.015054545454545432,0.007208402941787231,0.008860742321059966,0.00917449872557817,0.0018663412533199697,1.8067414444317271,0.021908934623649148,0.2999999999999998,0.8617079140603753,0.40101522842639614,0.2999999999999998
2023-10-16,147.85,139.43,12663500.0,4.71,17.21,0,0,0,0,0,0.012499999999999956,-0.0010030808913089606,0.006935368279284052,0.00885183461076436,0.009128484490676303,-0.0012177650429798792,-0.5696639140925002,0.056494231642650154,0.3899999999999997,0.8903997824313299,0.22928571428571431,0.3899999999999997
2023-10-17,147.53,139.13,11482700.0,4.83,17.88,0,0,0,0,0,0.012499999999999956,-0.00215161729900315,0.007355590711174181,0.008860418731977814,0.00873072545559723,-0.002080045904461314,-0.09324436372250955,0.04226361901021203,0.45999999999999996,0.8812890943704107,0.26718639262934096,0.45999999999999996
2023-10-18,145.91,137.6,9620300.0,4.91,19.22,0,0,0,0,0,0.012499999999999956,-0.010996909365341812,0.009466977201114815,0.009152119662645295,0.008786411872096537,-0.008859756536771735,-0.1621918189972742,-0.1117076179466485,0.5600000000000005,0.8630677182485722,0.26948480845442524,0.5600000000000005
2023-10-19,145.29,137.01,11143600.0,4.98,21.4,0,0,0,0,0,0.012499999999999956,-0.004287790697674487,0.009608598832316722,0.009033442232951099,0.008747068767117306,-0.005299840278786272,0.15834225543901947,-0.1657152546177085,0.4900000000000002,0.8334239869458798,0.22006841505131125,0.4900000000000002
2023-10-20,142.95,134.81,13332900.0,4.93,21.71,0,0,0,0,0,0.012499999999999956,-0.016057222100576474,0.006418407344338975,0.00949077168557585,0.008867102422215806,-0.01180178859404768,0.19646254352273962,-0.37605650652359224,0.4899999999999993,0.8292085939624694,0.2622093023255816,0.4899999999999993
2023-10-23,141.0,132.97,10133400.0,4.86,20.37,0,0,0,0,0,0.012499999999999956,-0.013648839106891186,0.005991473958327634,0.009827419088051082,0.00895994922457369,-0.030123997082421528,-0.23997029903471867,-0.4147517964288161,0.3100000000000005,0.8474299700843079,0.20532544378698248,0.3100000000000005
2023-10-24,141.17,133.13,8881400.0,4.83,18.97,0,0,0,0,0,0.012499999999999956,0.0012032789350981954,0.007096152365031658,0.009611841380416304,0.00890181783463922,-0.018721898724846975,-0.12355181873803467,-0.402064295899178,0.27000000000000046,0.8664672287190645,0.0015839493136218241,0.27000000000000046
2023-10-25,140.4,132.4,8242600.0,4.95,20.19,0,0,0,0,0,0.012499999999999956,-0.005483362127243985,0.007089546150283367,0.009524721908836228,0.008905455431311906,-0.029823404411225884,-0.07192559731573855,-0.41256181830906774,0.33999999999999986,0.8498776176230622,0.10812294182217363,0.33999999999999986
2023-10-26,140.76,132.74,9109400.0,4.86,20.68,0,0,0,0,0,0.012499999999999956,0.002567975830815694,0.008438225044275957,0.009012440871611108,0.00883129029728725,-0.03922987840185288,0.10516099289059277,-0.3264856223452879,0.27000000000000046,0.8432145771008974,0.1926182237600922,0.27000000000000046
2023-10-27,135.69,127.96,17434700.0,4.84,21.27,0,0,0,0,0,0.012499999999999956,-0.03601024559288846,0.01575863542753527,0.011350372130755985,0.009834196782864733,-0.057454331172657636,0.9139240784244846,-0.5307592234149741,0.25,0.8351917323905358,0.21404109589041087,0.25
2023-10-30,137.42,129.59,9855500.0,4.88,19.75,0,0,0,0,0,0.012499999999999956,0.01273835573616755,0.018522102414445272,0.011779814418705402,0.010021274280311708,-0.03714986254550856,-0.434719266749643,-0.5059595740001961,0.1899999999999995,0.8558607560511287,0.12152186257808073,0.1899999999999995
2023-10-31,139.06,131.14,9672500.0,4.88,18.14,0,0,0,0,0,0.012499999999999956,0.011960799444401538,0.01998904356170994,0.012090233569691008,0.010145645826244547,-0.01841317365269468,-0.018568312109989327,-0.5082236078748658,0.07000000000000028,0.8777536034810987,-0.08291203235591504,0.07000000000000028
2023-11-01,138.94,131.03,9432000.0,4.77,16.87,0,0,0,0,0,0.012499999999999956,-0.0008387982308981634,0.019943668729583256,0.012026498784046486,0.010133843594285517,-0.023548699605037582,-0.024864306022228,-0.48975353595497834,0.03999999999999915,0.8950231166711993,-0.09203444564047347,0.03999999999999915
2023-11-02,141.42,133.36,10186200.0,4.67,15.66,0,0,0,0,0,0.012499999999999956,0.017782187285354523,0.021866809480324562,0.01270610483209525,0.010324337971859046,-0.010388839418224771,0.07996183206106866,-0.5536875801998971,-0.04999999999999982,0.9114767473483818,-0.15305570578691174,-0.04999999999999982
2023-11-03,143.0,134.85,9538700.0,4.57,14.91,0,0,0,0,0,0.012499999999999956,0.011172765446910482,0.006877054196853956,0.012459099464151134,0.010447432787823023,-0.014542531423560434,-0.06356639374840467,-0.5696746471763491,-0.20999999999999996,0.9216752787598586,-0.14555873925501428,-0.20999999999999996
2023-11-06,144.08,135.87,7625100.0,4.67,14.89,0,0,0,0,0,0.012499999999999956,0.007563959955506183,0.00685717385194591,0.012584919919168654,0.010468902991673641,-0.004761207149135749,-0.20061433948022267,-0.5820453868360542,-0.11000000000000032,0.9219472395974979,-0.15875706214689256,-0.11000000000000032
2023-11-07,144.01,135.81,6297900.0,4.58,14.81,0,0,0,0,0,0.012499999999999956,-0.00044159858688452847,0.007918307177544806,0.012498858912088965,0.010461487195794478,-0.011212231525300265,-0.17405673368218122,-0.5375783170102103,-0.08000000000000007,0.9230350829480555,-0.13035819142689375,-0.08000000000000007
2023-11-08,144.72,136.48,7618200.0,4.49,14.45,0,0,0,0,0,0.012499999999999956,0.004933362786245343,0.006826571550495175,0.012527098634452382,0.009982793231678638,-0.009794674599144071,0.20964130900776445,-0.5329029469918832,-0.08999999999999986,0.9279303780255643,-0.1019266625233064,-0.08999999999999986
2023-11-09,144.29,136.07,7992500.0,4.62,15.29,0,0,0,0,0,0.012499999999999956,-0.003004103165298866,0.005783526824399627,0.01253290614514082,0.009976195357355045,-0.010400000000000076,0.049132340972933175,-0.5108680224915622,-0.08000000000000007,0.9165080228447103,-0.08388256440982633,-0.08000000000000007
2023-11-10,146.43,138.09,7983300.0,4.61,14.17,0,0,0,0,0,0.012499999999999956,0.01484530021312569,0.0070167936686424915,0.01251936437974116,0.010083500685512902,-0.010603997993838155,-0.001151079136690658,-0.6118618806026302,-0.019999999999999574,0.9317378297525156,-0.2665631469979296,-0.019999999999999574
2023-11-13,145.78,137.48,6676300.0,4.63,14.76,0,0,0,0,0,0.012499999999999956,-0.004417408936201128,0.007827165455525942,0.01255043223776202,0.010093959595145316,-0.013985512443520198,-0.16371675873385694,-0.5722255437839355,-0.08000000000000007,0.923714985042154,-0.14235909355026155,-0.08000000000000007
2023-11-14,148.44,139.98,9927700.0,4.44,14.16,0,0,0,0,0,0.012499999999999956,0.018184463194646394,0.010214888738235775,0.013226137088146439,0.01036014322747419,0.006109394091856402,0.4870062759312792,-0.6105406234449493,-0.3899999999999997,0.9318738101713353,-0.2080536912751677,-0.3899999999999997
2023-11-15,149.74,141.21,8365300.0,4.53,14.18,0,0,0,0,0,0.012499999999999956,0.008786969567081249,0.010249394714081235,0.013068700193079416,0.010052680665444784,0.026235465116279277,-0.1573778417961864,-0.6098140945557269,-0.3799999999999999,0.9316018493336959,-0.2622268470343392,-0.3799999999999999
2023-11-16,151.45,142.82,8126200.0,4.45,14.32,0,0,0,0,0,0.012499999999999956,0.01140145882019672,0.008681473919777038,0.013181135036186077,0.010118635838661462,0.04240566382015909,-0.02858235807442655,-0.6267677468508076,-0.5300000000000002,0.9296981234702203,-0.3308411214953271,-0.5300000000000002
2023-11-17,152.82,144.12,7812400.0,4.44,13.8,0,0,0,0,0,0.012499999999999956,0.009102366615320046,0.008207461577596609,0.01253560035374653,0.010175155822888833,0.06906015874193305,-0.038615835199724335,-0.5787486724683047,-0.4899999999999993,0.9367691052488442,-0.3643482266236757,-0.4899999999999993
2023-11-20,153.29,144.56,7019000.0,4.42,13.41,0,0,0,0,0,0.012499999999999956,0.0030530113794060565,0.005464237144361152,0.011877727780133324,0.0101757196064357,0.08716251786117168,-0.10155649992319904,-0.5040196269321134,-0.4400000000000004,0.9420723415828121,-0.34167893961708395,-0.4400000000000004
2023-11-21,152.97,144.26,7083500.0,4.41,13.35,0,0,0,0,0,0.012499999999999956,-0.0020752628666298456,0.005487436207855631,0.011944498742515193,0.01017677955823615,0.08360249380304952,0.00918934321128373,-0.45880610133490973,-0.41999999999999993,0.9428882240957303,-0.2962572482867686,-0.41999999999999993
2023-11-22,153.33,144.6,5174500.0,4.42,12.85,0,0,0,0,0,0.012499999999999956,0.0023568556772495253,0.005440003652520455,0.011740648299372427,0.01013352624261905,0.09214501510574014,-0.26949954118726616,-0.39973377725486425,-0.5300000000000002,0.9496872450367148,-0.36354631005448246,-0.5300000000000002
2023-11-24,153.54,144.79,3496900.0,4.47,12.46,0,0,0,0,0,0.012499999999999956,0.0013139695712309774,0.004060304327189584,0.01175475433443527,0.01011498285955914,0.09077896640048211,-0.3242052372209875,-0.39992357192788763,-0.39000000000000057,0.9549904813706827,-0.397485493230174,-0.39000000000000057
2023-11-27,153.19,144.46,6259100.0,4.39,12.69,0,0,0,0,0,0.012499999999999956,-0.0022791629256162516,0.002499031875837752,0.007176962801210874,0.009975087738807311,0.1289465457955612,0.7898996253824817,0.3143532865523499,-0.4500000000000002,0.9518629317378298,-0.4033850493653033,-0.4500000000000002
2023-11-28,153.54,144.79,6582700.0,4.34,12.69,0,0,0,0,0,0.012499999999999956,0.0022843693756056105,0.0023177810292522526,0.007048105039361184,0.00997163043476886,0.11729300100316364,0.051700723746225474,0.2533740093587455,-0.54,0.9518629317378298,-0.3574683544303797,-0.54
2023-11-29,154.32,145.53,9126100.0,4.27,12.98,0,0,0,0,0,0.012499999999999956,0.00511085019683688,0.002663322307256737,0.006886515765022564,0.0098618606772026,0.10973005947842007,0.38637641089522545,0.15423965420762253,-0.6100000000000003,0.9479194995920588,-0.2844542447629548,-0.6100000000000003
2023-11-30,156.08,147.19,9869800.0,4.37,12.92,0,0,0,0,0,0.012499999999999956,0.011406582835154166,0.005117163284627747,0.006861762231092973,0.009941727236989623,0.12333053499198665,0.08149154622456467,0.27379180687686355,-0.39999999999999947,0.9487353821049769,-0.23414344991108482,-0.39999999999999947
2023-12-01,156.84,147.91,8916000.0,4.22,12.63,0,0,0,0,0,0.012499999999999956,0.0048916366600992855,0.004971360816518123,0.0062615334469539865,0.00986479359564877,0.10910317936412706,-0.09663822975136271,0.1212359498979364,-0.4500000000000002,0.9526788142507479,-0.19348659003831414,-0.4500000000000002
2023-12-04,157.99,148.99,9607500.0,4.28,13.08,0,0,0,0,0,0.012499999999999956,0.007301737543100595,0.003411471489321826,0.006125859985528368,0.009891121115521343,0.1048572487949575,0.07755720053835802,0.04539825401494937,-0.29000000000000004,0.9465596954038619,-0.12273641851106643,-0.29000000000000004
2023-12-05,157.97,148.97,9135600.0,4.18,12.85,0,0,0,0,0,0.012499999999999956,-0.0001342371971273515,0.00418832755015453,0.006198753217899708,0.009887839958339967,0.09641569146978735,-0.04911787665886025,0.051400572611892036,-0.4900000000000002,0.9496872450367148,-0.13700470114170593,-0.4900000000000002
2023-12-06,156.31,147.41,9366000.0,4.12,12.97,0,0,0,0,0,0.012499999999999956,-0.010471907095388366,0.008415233749616826,0.006986466781974848,0.009895694127312551,0.08541344525439953,0.025220018389596754,0.18180318287805253,-0.45999999999999996,0.9480554800108785,-0.1242403781228899,-0.45999999999999996
2023-12-07,156.79,147.86,8130900.0,4.14,13.06,0,0,0,0,0,0.012499999999999956,0.0030527101282138425,0.006927040649084834,0.006987734526422658,0.00989782596798144,0.08338218053927338,-0.13187059577194105,0.1837559672547197,-0.35000000000000053,0.9468316562415012,-0.0961937716262975,-0.35000000000000053
2023-12-08,158.52,149.49,7369400.0,4.23,12.35,0,0,0,0,0,0.012499999999999956,0.011023941566346451,0.008225452928887272,0.006947862084229383,0.009695161493162182,0.09862570735650777,-0.09365506893455833,0.2918412264725711,-0.3899999999999997,0.9564862659776993,-0.19228253760627856,-0.3899999999999997
2023-12-11,159.1,150.04,8093900.0,4.23,12.63,0,0,0,0,0,0.012499999999999956,0.003679175864606199,0.007807655305927204,0.006528835412114908,0.009685255900323788,0.08653776522557743,0.09831193855673459,0.211269461053389,-0.3799999999999999,0.9526788142507479,-0.1086803105151728,-0.3799999999999999
2023-12-12,160.52,151.38,10223000.0,4.2,12.07,0,0,0,0,0,0.012499999999999956,0.008930951746201066,0.00838482234424299,0.006281436835413184,0.009735055820984823,0.1011056153622345,0.2630499511978157,0.3711947453837191,-0.4299999999999997,0.9602937177046506,-0.1822493224932249,-0.4299999999999997
2023-12-13,161.06,151.89,12379100.0,4.04,12.19,0,0,0,0,0,0.012499999999999956,0.003369005152596083,0.0037021858665630468,0.005443321650753281,0.009731835803790513,0.08508358336905264,0.21090677883204534,0.2100510877607148,-0.40000000000000036,0.9586619526788143,-0.13912429378531077,-0.40000000000000036
2023-12-14,163.99,154.65,13643000.0,3.92,12.48,0,0,0,0,0,0.012499999999999956,0.018171044835078254,0.006087330684440794,0.006217506196902842,0.009936756407815373,0.09517739536859993,0.10209950642615384,0.01917338754135543,-0.6100000000000003,0.9547185205330433,-0.11988716502115648,-0.6100000000000003
2023-12-15,165.23,155.82,20309300.0,3.91,12.28,0,0,0,0,0,0.012499999999999956,0.007565470417070674,0.00600067881602605,0.006052805933755583,0.009880841071089996,0.09102366615319979,0.48862420288792796,-0.2158301401018624,-0.54,0.957438128909437,-0.14245810055865926,-0.54
2023-12-18,166.23,156.76,8469600.0,3.95,12.56,0,0,0,0,0,0.012499999999999956,0.0060326017199332505,0.005623854038494027,0.005965110006015911,0.009772798650206794,0.08770469053566465,-0.582969378560561,-0.3900629422453274,-0.4900000000000002,0.9536306771824857,-0.08985507246376812,-0.4900000000000002
2023-12-19,168.45,158.86,10345700.0,3.93,12.53,0,0,0,0,0,0.012499999999999956,0.01339627455983683,0.005989748159065865,0.006296914741033333,0.009870840255635817,0.09892086330935257,0.2215098705960139,-0.42298675846932016,-0.48999999999999977,0.9540386184389448,-0.06562266964951535,-0.48999999999999977
2023-12-20,166.55,157.06,10734700.0,3.86,13.67,0,0,0,0,0,0.012499999999999956,-0.011330731461664412,0.011210534104875452,0.007111984577960177,0.009891503861017944,0.08872868431997794,0.03760016238630537,-0.5589052930397888,-0.5500000000000003,0.9385368506935001,0.02397003745318349,-0.5500000000000003
2023-12-21,167.5,157.96,7601700.0,3.89,13.65,0,0,0,0,0,0.012499999999999956,0.0057302941551000686,0.009257033447410645,0.007103883424380607,0.009890556381479168,0.09239280774550496,-0.29185724799016277,-0.45826321632877554,-0.5299999999999998,0.9388088115311395,0.0622568093385214,-0.5299999999999998
2023-12-22,167.4,157.86,6576300.0,3.9,13.03,0,0,0,0,0,0.012499999999999956,-0.0006330716637122924,0.009255423250709872,0.007162255217083184,0.009812281511393007,0.0902686649630502,-0.13489087967165236,-0.49487181785333173,-0.5699999999999998,0.9472395974979603,0.045746388443017594,-0.5699999999999998
2023-12-26,168.39,158.8,4683600.0,3.89,12.99,0,0,0,0,0,0.012499999999999956,0.005954643354871392,0.009248340288599015,0.00699555907029752,0.00947720534265714,0.0992662328672298,-0.28780621322019984,-0.5083892385064381,-0.49999999999999956,0.9477835191732391,0.023640661938534313,-0.49999999999999956
2023-12-27,169.4,159.75,6428600.0,3.79,12.43,0,0,0,0,0,0.012499999999999956,0.00598236775818628,0.007522683039167267,0.006975340750981701,0.009369536508872355,0.10332205262794392,0.3725766504398327,-0.5123502378915107,-0.5499999999999998,0.9553984226271417,-0.02048857368006307,-0.5499999999999998
2023-12-28,170.3,160.6,6320100.0,3.84,12.47,0,0,0,0,0,0.012499999999999956,0.0053208137715179404,0.0028655271272555755,0.00697575124432109,0.009276736912000358,0.10355253212396054,-0.0168777027657655,-0.5125571171561685,-0.4299999999999997,0.954854500951863,-0.03929121725731899,-0.4299999999999997
2023-12-29,170.1,160.41,6435100.0,3.88,12.45,0,0,0,0,0,0.012499999999999956,-0.0011830635118306176,0.003662950431670682,0.006931485469627264,0.00929157721194203,0.08981588423126574,0.018195914621604192,-0.5067289441954522,-0.4900000000000002,0.9551264617895023,-0.03637770897832826,-0.4900000000000002
2024-01-02,172.08,162.28,9977400.0,3.95,13.2,0,0,0,0,0,0.1358024691358024,0.011657627329966891,0.004556325226398186,0.007122686075962887,0.009357161736861677,0.09715367453181001,0.550465416232848,-0.42417332023684945,-0.2699999999999996,0.9449279303780256,0.0451306413301662,-0.2699999999999996
2024-01-03,171.33,161.57,9852300.0,3.91,14.04,0,0,0,0,0,0.1358024691358024,-0.004375154054720332,0.006323994656905078,0.007369960488511209,0.009265218036519019,0.08443519699308677,-0.012538336640808279,-0.5086899946277682,-0.3700000000000001,0.9335055751971716,0.07339449541284404,-0.3700000000000001
2024-01-04,171.41,162.64,11972500.0,3.99,14.13,0,0,0,0,0,0.1358024691358024,0.0066225165562914245,0.006393406329367736,0.007320979905369904,0.009252953190549003,0.09176344230381939,0.21519848157283072,-0.40887660577792,-0.1899999999999995,0.9322817514277943,0.09961089494163433,-0.1899999999999995
2024-01-05,172.27,163.46,10066000.0,4.05,13.35,0,0,0,0,0,0.1358024691358024,0.005041810132808688,0.006375919456100575,0.006426810599886932,0.009247999322402368,0.10887999457295994,-0.1592399248277302,-0.4366657843185404,-0.07000000000000028,0.9428882240957303,0.029298380878951313,-0.07000000000000028
2024-01-08,172.02,163.22,11229900.0,4.01,13.08,0,0,0,0,0,0.1358024691358024,-0.0014682491129328623,0.0064299228301187335,0.006583915433074518,0.00926519706611882,0.10388205058839439,0.11562686270613942,-0.438296580906508,-0.1299999999999999,0.9465596954038619,0.0015313935681469104,-0.1299999999999999
2024-01-09,170.66,161.93,9923600.0,4.02,12.76,0,0,0,0,0,0.1358024691358024,-0.007903443205489524,0.006167907673379667,0.007014800193276241,0.009345147846360032,0.08321626864673215,-0.11632338667307807,-0.3561373270797173,-0.21000000000000085,0.9509110688060919,0.03319838056680169,-0.21000000000000085
2024-01-10,171.02,162.27,9670200.0,4.04,12.69,0,0,0,0,0,0.1358024691358024,0.0020996726980795355,0.005797583506847956,0.007027813837497084,0.009205178741708089,0.08151159690749155,-0.025535088072876744,-0.35232771635721605,-0.1900000000000004,0.9518629317378298,0.004750593824227822,-0.1900000000000004
2024-01-11,170.3,161.59,11919500.0,3.98,12.44,0,0,0,0,0,0.1358024691358024,-0.004190546619831204,0.005093233353905057,0.007149673094012415,0.00923521920808705,0.06744616197648301,0.23260118715228217,-0.2564620528439832,-0.2200000000000002,0.955262442208322,0.030654515327257492,-0.2200000000000002
2024-01-12,169.05,160.4,19436500.0,3.96,12.7,0,0,0,0,0,0.1358024691358024,-0.007364317098830342,0.004181277778745224,0.007536057102969921,0.009304015955312364,0.05602738824149078,0.6306472586937371,-0.21986914632178453,-0.08000000000000007,0.9517269513190101,0.041837571780147575,-0.08000000000000007
2024-01-16,167.99,159.4,17206400.0,4.07,13.84,0,0,0,0,0,0.1358024691358024,-0.006234413965087282,0.00406842783346926,0.006853695134382455,0.00920745605093725,0.030714516650501178,-0.11473773570344459,-0.22177121830965313,0.15000000000000036,0.9362251835735654,0.10897435897435903,0.15000000000000036
2024-01-17,167.09,158.54,11107500.0,4.1,14.79,0,0,0,0,0,0.1358024691358024,-0.005395232120451787,0.003717016569356464,0.006866315588849361,0.009222383295946402,0.01745603901938142,-0.35445531895108795,-0.2606890652341157,0.1899999999999995,0.9233070437856948,0.2043973941368078,0.1899999999999995
2024-01-18,167.42,158.86,9382300.0,4.14,14.13,0,0,0,0,0,0.1358024691358024,0.0020184180648417094,0.0036825133403506276,0.006765955413246056,0.008896120395404787,0.01339627455983683,-0.15531847850551428,-0.2079860635001653,0.1899999999999995,0.9322817514277943,0.125,0.1899999999999995
2024-01-19,170.31,161.6,13115700.0,4.15,13.3,0,0,0,0,0,0.1358024691358024,0.01724789122497783,0.010292698166257112,0.007188361269990124,0.008823018054180643,0.01724789122497783,0.39791948669302846,-0.09426817646030532,0.2200000000000002,0.9435681261898287,0.06145251396648055,0.2200000000000002
2024-01-22,170.11,161.41,12837500.0,4.11,13.19,0,0,0,0,0,0.1358024691358024,-0.0011757425742574545,0.009520686448967662,0.006616360676039737,0.008837904870195052,0.027696421749649813,-0.02121122014074739,-0.039488957661372594,0.25000000000000044,0.9450639107968453,-0.03511338697878574,0.25000000000000044
2024-01-23,168.99,160.35,8360800.0,4.14,12.55,0,0,0,0,0,0.1358024691358024,-0.006567127191623778,0.009587372395273078,0.006761371383233522,0.008857151545217634,0.015130412762724754,-0.3487205452775073,-0.004582556207525281,0.24999999999999956,0.9537666576013054,-0.08058608058608052,0.24999999999999956
2024-01-24,170.5,161.78,9967100.0,4.18,13.14,0,0,0,0,0,0.1358024691358024,0.008917991892734678,0.009247073173056215,0.006990270776400922,0.008886921547036356,0.02483212973520832,0.19212276337192624,-0.010725729311557748,0.2799999999999998,0.9457438128909437,0.008442056792018482,0.2799999999999998
2024-01-25,172.94,164.09,8873500.0,4.14,13.45,0,0,0,0,0,0.1358024691358024,0.01427865001854367,0.010143100489663477,0.007513342667700398,0.00735139714245442,0.033312342569269404,-0.10972098203088165,0.032982746636860974,0.24999999999999956,0.9415284199075333,0.03541185527328716,0.24999999999999956
2024-01-26,172.28,163.47,7443000.0,4.15,13.26,0,0,0,0,0,0.1358024691358024,-0.003778414284843712,0.008873183957525583,0.0075352268687665465,0.007334714592888021,0.02328638497652591,-0.16121034541049195,0.07087379125281504,0.3600000000000003,0.9441120478651074,0.0667739340305713,0.3600000000000003
2024-01-29,172.73,163.9,6971200.0,4.08,13.6,0,0,0,0,0,0.1358024691358024,0.002630452070716327,0.008657331926030819,0.007481206806985945,0.007259543205820784,0.020547945205479534,-0.0633884186483945,0.11681960777828931,0.2400000000000002,0.939488713625238,0.09061748195669606,0.2400000000000002
2024-01-30,176.27,167.25,10822100.0,4.06,13.31,0,0,0,0,0,0.1358024691358024,0.020439292251372754,0.009504278431744864,0.00861835050614956,0.007545701475367745,0.042640733121376506,0.5524013082396144,0.0793060532718439,0.17999999999999972,0.943432145771009,0.0690763052208836,0.17999999999999972
2024-01-31,174.36,165.44,11521800.0,3.99,14.35,0,0,0,0,0,0.1358024691358024,-0.010822122571001458,0.012810791735929975,0.008774176122329912,0.007570427772114254,0.01947251663790972,0.06465473429371382,-0.022752925396299074,0.040000000000000036,0.9292901822137613,0.08712121212121215,0.040000000000000036
2024-02-01,173.73,164.84,9354800.0,3.87,13.88,0,0,0,0,0,0.1358024691358024,-0.003626692456479619,0.011880042141476175,0.008751605917562494,0.00756150176943816,0.02023890573745124,-0.1880782516620667,-0.011511315078510236,-0.040000000000000036,0.9356812618982866,-0.011396011396011319,-0.040000000000000036
2024-02-02,174.73,165.79,8607600.0,4.03,13.85,0,0,0,0,0,0.1358024691358024,0.005763164280514266,0.011691757928960761,0.008724815901449206,0.007548177292798006,0.019367929168716325,-0.07987343395903712,-0.030887339360326255,0.040000000000000036,0.9360892031547458,-0.0198159943382874,0.040000000000000036
2024-02-05,174.5,165.58,7820200.0,4.17,13.67,0,0,0,0,0,0.1358024691358024,-0.0012666626455153374,0.011841231508135952,0.008684776176430624,0.007555950194281614,0.012969533830906599,-0.09147729913100056,-0.034895321494653096,0.1200000000000001,0.9385368506935001,0.02397003745318349,0.1200000000000001
2024-02-06,175.1,166.14,6764800.0,4.09,13.06,0,0,0,0,0,0.1358024691358024,0.0033820509723394565,0.006478702243177616,0.008689346157475703,0.007553047724435324,0.017889964465138908,-0.13495818521265446,-0.0503172487019472,0.08000000000000007,0.9468316562415012,-0.001529051987767538,0.08000000000000007
2024-02-07,175.43,166.46,7225500.0,4.09,12.83,0,0,0,0,0,0.1358024691358024,0.0019260864331287486,0.0037244485458960597,0.00843821540756084,0.007509877150481249,0.027975050947940394,0.06810253074739836,-0.11469697519914321,0.07000000000000028,0.9499592058743541,0.005485893416927956,0.07000000000000028
2024-02-08,174.8,165.86,6060300.0,4.15,12.79,0,0,0,0,0,0.1358024691358024,-0.003604469542232369,0.0037172017307598535,0.008509918367026872,0.007410064319178944,0.022123621125285098,-0.16126219638779327,-0.07876589284938006,0.11000000000000032,0.9505031275496328,0.007880220646178104,0.11000000000000032
2024-02-09,175.01,166.06,6296700.0,4.17,12.93,0,0,0,0,0,0.1358024691358024,0.0012058362474374196,0.002768527049964225,0.008417427794621844,0.007348868572899371,0.027662602883841814,0.03900796990248012,-0.14075935387303182,0.18999999999999995,0.9485994016861572,0.03938906752411575,0.18999999999999995
2024-02-12,175.79,166.8,8539300.0,4.17,13.93,0,0,0,0,0,0.1358024691358024,0.004456220643141107,0.0031065029234850663,0.008181428506457904,0.007082658989761063,0.03990024937655856,0.35615481125033743,-0.21255853162943003,0.20999999999999996,0.9350013598041882,0.09685039370078741,0.20999999999999996
2024-02-13,174.26,165.35,8397600.0,4.31,15.85,0,0,0,0,0,0.1358024691358024,-0.008693045563549218,0.005223680641041261,0.008328652901236858,0.007197095478724518,0.03732747804266001,-0.016593866007752367,-0.3337678589786097,0.23999999999999932,0.9088931193908077,0.14523121387283244,0.23999999999999932
2024-02-14,176.03,167.03,7056700.0,4.27,14.38,0,0,0,0,0,0.1358024691358024,0.010160266102207549,0.0072563651104813436,0.008341108310337715,0.0071732859246374766,0.05355115428283086,-0.15967657425931214,-0.21436731692944103,0.16999999999999993,0.9288822409573021,-0.02772143340094646,0.16999999999999993
2024-02-15,179.87,170.67,8723400.0,4.24,14.01,0,0,0,0,0,0.1358024691358024,0.021792492366640603,0.011266443114827357,0.009371307162739347,0.007544576648722564,0.07434218809014204,0.236186886221605,-0.1248123338807303,0.10000000000000053,0.9339135164536306,-0.008492569002123251,0.10000000000000053
2024-02-16,179.03,169.87,8152600.0,4.3,14.24,0,0,0,0,0,0.1358024691358024,-0.004687408449053576,0.012139603357664942,0.008969028713573498,0.0076069651409766065,0.05117574257425739,-0.0654332026503428,-0.13571092690169884,0.14999999999999947,0.9307859668207779,0.07067669172932334,0.14999999999999947
2024-02-20,179.73,170.54,9668000.0,4.27,15.42,0,0,0,0,0,0.1358024691358024,0.003944192617884257,0.012143338680785985,0.00893047942716147,0.007582292392359819,0.056564029490118406,0.18587935137256828,-0.118462497398316,0.15999999999999925,0.9147402774000544,0.16906747536012134,0.15999999999999925
2024-02-21,180.9,171.65,7024000.0,4.32,15.34,0,0,0,0,0,0.1358024691358024,0.006508736953207528,0.009663101441304974,0.008684449784363607,0.007596913906315621,0.07047084502650458,-0.2734795200661978,-0.16565473754399881,0.1800000000000006,0.9158281207506119,0.22231075697211145,0.1800000000000006
2024-02-22,183.07,173.71,9296500.0,4.33,14.54,0,0,0,0,0,0.1358024691358024,0.012001165161666272,0.009821495250100627,0.008813101821614454,0.007684112307369257,0.07374211892693783,0.32353359908883816,-0.09851980056404147,0.15000000000000036,0.9267065542561871,0.1065449010654489,0.15000000000000036
2024-02-23,183.99,174.58,7105800.0,4.26,13.75,0,0,0,0,0,0.1358024691358024,0.005008347245408995,0.006026258935256581,0.00845858808954381,0.007655693342753233,0.06392833201291981,-0.23564782445006183,-0.06684427384282447,0.1200000000000001,0.9374490073429427,0.02230483271375472,0.1200000000000001
2024-02-26,183.36,173.98,7145400.0,4.28,13.74,0,0,0,0,0,0.1358024691358024,-0.0034368197960821245,0.005554220142484284,0.008444222166786189,0.007702649864656051,0.06429314247262496,0.005572912268850816,-0.09306657284116328,0.1299999999999999,0.9375849877617624,0.03619909502262453,0.1299999999999999
2024-02-27,183.45,174.07,5717100.0,4.31,13.43,0,0,0,0,0,0.1358024691358024,0.000517300839177004,0.005888398672750604,0.008464314907999395,0.007705098728654655,0.06205003050640623,-0.19989083886136538,-0.08341566470165185,0.22999999999999954,0.9418003807451727,-0.012499999999999956,0.22999999999999954
2024-02-28,184.38,174.95,6131600.0,4.27,13.84,0,0,0,0,0,0.1358024691358024,0.005055437467685442,0.005775785245764509,0.007437457548968899,0.007631176212973154,0.04603886397608359,0.07250179286701308,0.0010774379119827102,0.20999999999999996,0.9362251835735654,0.03981968444778361,0.20999999999999996
2024-02-29,186.06,176.54,9643000.0,4.25,13.4,0,0,0,0,0,0.1358024691358024,0.009088310945984501,0.004811922878687853,0.006904985383404456,0.007668765990942667,0.06709381044487417,0.5726727118533499,0.015746721520533646,0.2599999999999998,0.9422083220016317,-0.0662020905923344,0.2599999999999998
2024-03-01,185.29,175.81,6311800.0,4.19,13.11,0,0,0,0,0,0.1358024691358024,-0.00413504021751443,0.005640953179561834,0.006932607077969366,0.007701645298464203,0.06654938121815102,-0.34545265996059316,0.06556728229328322,0.3200000000000003,0.9461517541474028,-0.05547550432276671,0.3200000000000003
2024-03-04,186.68,177.13,7063600.0,4.22,13.49,0,0,0,0,0,0.1358024691358024,0.00750810534099311,0.005404784712249042,0.006976748666369789,0.007715620001970013,0.06839978285783221,0.11911023796698239,0.05090104465780952,0.1899999999999995,0.9409844982322546,-0.025992779783393427,0.1899999999999995
2024-03-05,188.55,178.91,6617800.0,4.13,14.46,0,0,0,0,0,0.1358024691358024,0.01004911646813067,0.005714754798575633,0.007042322955233261,0.007565333470129412,0.0805048918951563,-0.06311229401438356,0.07041698288825081,-0.040000000000000036,0.9277943976067446,0.05779078273591809,-0.040000000000000036
2024-03-06,189.53,179.84,7572900.0,4.11,14.5,0,0,0,0,0,0.1358024691358024,0.0051981443183724,0.005712252929544339,0.007046968078850799,0.0075694014758304696,0.08246057541832208,0.14432288675995042,0.07307130255258279,0.020000000000000462,0.9272504759314659,0.11026033690658488,0.020000000000000462
2024-03-07,187.87,178.26,7618300.0,4.09,14.44,0,0,0,0,0,0.1358024691358024,-0.00878558718861222,0.008051673345674778,0.007597859018325364,0.00765814841316849,0.07088790099723652,0.005995061337136454,0.01038147839353172,0.0,0.928066358444384,0.1254871395167576,0.0
2024-03-08,188.22,178.59,6172200.0,4.09,14.74,0,0,0,0,0,0.1358024691358024,0.0018512285425782427,0.007330242591074621,0.0074269832487744115,0.007658901438018569,0.07675147714940311,-0.18981925101400576,-0.08684989110819316,-0.0600000000000005,0.9239869458797934,0.15246286161063338,-0.0600000000000005
2024-03-11,188.29,178.66,5762600.0,4.1,15.22,0,0,0,0,0,0.1358024691358024,0.0003919592362393587,0.006957329682349333,0.007443754311653265,0.007624877714269351,0.07587618932915818,-0.06636207511098147,-0.15140883571107955,-0.07000000000000028,0.9174598857764482,0.177107501933488,-0.07000000000000028
2024-03-12,189.84,180.13,5708400.0,4.16,13.84,0,0,0,0,0,0.1358024691358024,0.008227918952199653,0.0064422358389268665,0.007511664646656724,0.00765682614534372,0.07991606714628285,-0.00940547669454761,-0.16592125383314438,-0.009999999999999787,0.9362251835735654,-0.006460875807609456,-0.009999999999999787
2024-03-13,191.38,181.59,7795500.0,4.19,13.75,0,0,0,0,0,0.1358024691358024,0.008105257314162007,0.006981926767200106,0.006950192270474141,0.007422692686822972,0.09821590565467186,0.36561908766029005,0.015796633190792983,-0.11999999999999922,0.9374490073429427,-0.13249211356466872,-0.11999999999999922
2024-03-14,187.97,178.36,10310900.0,4.29,14.4,0,0,0,0,0,0.1358024691358024,-0.01778732309047848,0.010644703743786413,0.008446814817854231,0.007850710965142721,0.06783212596539556,0.32267333718170743,-0.04307647119219072,0.020000000000000462,0.9286102801196627,0.0013908205841446364,0.020000000000000462
2024-03-15,190.3,180.57,17214200.0,4.31,14.41,0,0,0,0,0,0.1358024691358024,0.012390670553935834,0.01201871616162082,0.0075820560811102914,0.0079445100877801,0.058006679557039975,0.6695147853242684,0.009082477444802011,0.0699999999999994,0.928474299700843,0.028551034975017764,0.0699999999999994
2024-03-18,192.66,182.81,9013800.0,4.34,14.33,0,0,0,0,0,0.1358024691358024,0.01240516143323922,0.012730206232112488,0.0076506665039658426,0.007922237591750526,0.07617589921704826,-0.476374156219865,0.023679926246785086,0.040000000000000036,0.9295621430514006,0.006320224719101208,0.040000000000000036
2024-03-19,193.79,183.88,8478700.0,4.3,13.82,0,0,0,0,0,0.1358024691358024,0.005853071494994699,0.012607910166474499,0.007665695522008351,0.007726593797080964,0.07822211797818701,-0.05936452994297636,0.014954823116746606,0.03000000000000025,0.9364971444112048,-0.10376134889753563,0.03000000000000025
2024-03-20,196.33,186.29,9367000.0,4.27,13.04,0,0,0,0,0,0.1358024691358024,0.013106373721992526,0.013181181278454943,0.007925906094610703,0.007834196535261644,0.08528983396446255,0.10476841968698025,-0.13014428233856293,-0.05000000000000071,0.9471036170791406,-0.1499348109517602,-0.05000000000000071
2024-03-21,199.06,188.88,11203800.0,4.27,12.92,0,0,0,0,0,0.1358024691358024,0.013903054377583324,0.0032345983481301996,0.008035951515884602,0.007950653657603305,0.08732945714121221,0.19609266574143258,-0.27793047761087575,-0.0600000000000005,0.9487353821049769,-0.11141678129298482,-0.0600000000000005
2024-03-22,196.62,186.56,8108800.0,4.22,13.06,0,0,0,0,0,0.1358024691358024,-0.01228293096145694,0.011028262995262722,0.008837503673869663,0.008182024516811546,0.06862183526177112,-0.2762455595422981,-0.11194073221047891,-0.040000000000000036,0.9468316562415012,-0.050181818181818105,-0.040000000000000036
2024-03-25,194.82,184.86,8620000.0,4.25,13.19,0,0,0,0,0,0.1358024691358024,-0.009112349914236595,0.012318038521069477,0.009152777575946023,0.008311108471774539,0.06253592366938743,0.0630426203630623,-0.0389580326369995,-0.03000000000000025,0.9450639107968453,-0.04002911208151383,-0.03000000000000025
2024-03-26,195.73,185.72,5961500.0,4.24,13.24,0,0,0,0,0,0.1358024691358024,0.004652169209131252,0.012242758010961372,0.009138594827596111,0.00830766866431559,0.06692709829378996,-0.3084106728538283,-0.05643986991850576,-0.0699999999999994,0.9443840087027469,-0.014147431124348464,-0.0699999999999994
2024-03-27,199.52,189.32,8725800.0,4.2,12.78,0,0,0,0,0,0.1358024691358024,0.019384018953263027,0.013873018512660214,0.009820943417966745,0.008574867266995993,0.0821377536438983,0.4636920238195086,-0.17443095094368513,-0.0699999999999994,0.9506391079684525,-0.07658959537572263,-0.0699999999999994
2024-03-28,200.3,190.06,8628300.0,4.2,13.01,0,0,0,0,0,0.1358024691358024,0.00390872596661751,0.012629200119423529,0.009747738060437904,0.008497226467831591,0.07658321060382933,-0.011173760572096514,-0.15651301461976222,-0.04999999999999982,0.9475115583355996,-0.02910447761194035,-0.04999999999999982
2024-04-01,198.94,188.77,7309000.0,4.33,13.65,0,0,0,0,0,0.1358024691358024,-0.006787330316742057,0.011321950468772666,0.009877711915962881,0.008536750503762229,0.07371594334793241,-0.15290381651078433,-0.18665040595607013,0.13999999999999968,0.9388088115311395,0.041189931350114506,0.13999999999999968
2024-04-02,198.86,188.69,7014700.0,4.36,14.61,0,0,0,0,0,0.1358024691358024,-0.0004237961540499713,0.009655703932009593,0.009872153547755719,0.008529391219663751,0.06526280133235485,-0.04026542618689288,-0.19336783519296247,0.14000000000000057,0.9257546913244493,0.08302446256486284,0.14000000000000057
2024-04-03,198.3,188.16,9353400.0,4.36,14.33,0,0,0,0,0,0.1358024691358024,-0.002808839896125903,0.010123265739500942,0.009822039151046558,0.00855016002832029,0.051701973059079975,0.33339986029338387,-0.24665380575156254,0.23000000000000043,0.9295621430514006,-0.008990318118948903,0.23000000000000043
2024-04-04,195.65,186.73,9243800.0,4.31,16.35,0,0,0,0,0,0.1358024691358024,-0.007599914965986443,0.0047321963042408965,0.01005588020173269,0.00863322403012889,0.038311832740213436,-0.011717664164902608,-0.34175826728379205,0.1999999999999993,0.9020940984498232,0.12758620689655187,0.1999999999999993
2024-04-05,197.45,188.44,6532300.0,4.39,16.03,0,0,0,0,0,0.1358024691358024,0.009157607240400711,0.006734899755511842,0.00984785730676419,0.008572826053245178,0.05710759564680812,-0.2933317466842641,-0.2128172743978504,0.2999999999999998,0.9064454718520533,0.11011080332409984,0.2999999999999998
2024-04-08,198.48,189.43,8001000.0,4.42,15.19,0,0,0,0,0,0.1358024691358024,0.005253661642963259,0.006609258259178507,0.009859500091149947,0.00857958438918512,0.0606976874405063,0.22483658129602135,-0.19059071358758578,0.33000000000000007,0.9178678270329073,0.030529172320217013,0.33000000000000007
2024-04-09,197.15,188.16,7351500.0,4.36,14.98,0,0,0,0,0,0.1358024691358024,-0.006704323496806275,0.0074262880825800995,0.01008332303657366,0.008619444390193035,0.053173625881562714,-0.08117735283089611,-0.21937597798925795,0.2600000000000007,0.9207234158281208,-0.015768725361366642,0.2600000000000007
2024-04-10,195.47,186.55,7681400.0,4.55,15.8,0,0,0,0,0,0.1358024691358024,-0.008556547619047561,0.008262944860154504,0.010290300002193916,0.008644089221363426,0.03564092599789048,0.04487519553832553,-0.27991263521449444,0.3899999999999997,0.9095730214849062,0.14161849710982666,0.3899999999999997
2024-04-11,195.43,186.52,10137700.0,4.56,14.91,0,0,0,0,0,0.1358024691358024,-0.00016081479496110607,0.007573751788569936,0.010189349365825667,0.00857467685141728,0.02714907208546724,0.31977243731611416,-0.273582876644437,0.3699999999999992,0.9216752787598586,0.08436363636363642,0.3699999999999992
2024-04-12,182.79,174.45,31532300.0,4.5,17.31,0,0,1,0,0,0.1358024691358024,-0.0647115590821361,0.028337187409264608,0.01756812432331404,0.012180257852508205,-0.02192195559542509,2.1103997948252564,-0.5823453366444378,0.20999999999999996,0.889039978243133,0.20208333333333317,0.20999999999999996
2024-04-15,182.89,174.55,14766600.0,4.63,19.23,0,0,0,0,0,0.1358024691358024,0.0005732301519061345,0.027568748618007427,0.0172921442007671,0.012180985203894724,-0.033338871351830224,-0.5316992417299087,-0.4362654908017617,0.3200000000000003,0.8629317378297525,0.33448993754337275,0.3200000000000003
2024-04-16,180.8,172.55,16451800.0,4.67,18.4,0,0,0,0,0,0.1358024691358024,-0.01145803494700659,0.02725197477627537,0.01710095861263004,0.012121377931079346,-0.05612384442864171,0.11412241138786183,-0.442320612451301,0.33000000000000007,0.8742181125917868,0.2840195394277738,0.33000000000000007
2024-04-17,180.08,171.87,9017100.0,4.59,18.21,0,0,0,0,0,0.1358024691358024,-0.003940886699507429,0.027678516764237972,0.016981729910351597,0.012135684347982912,-0.06531433543615395,-0.45190799790904335,-0.4069208395025059,0.29000000000000004,0.8768017405493609,0.3176555716353111,0.29000000000000004
2024-04-18,181.25,172.98,9557700.0,4.64,18.0,0,0,0,0,0,0.1358024691358024,0.0064583696980275995,0.028759075078713517,0.0167079807983632,0.012112305584218558,-0.07144774276665411,0.05995275642945064,-0.3086786274826049,0.3700000000000001,0.8796573293445744,0.3803680981595092,0.3700000000000001
2024-04-19,185.8,177.33,13402300.0,4.62,18.71,0,0,0,0,0,0.1358024691358024,0.025147415886229707,0.013828724624962289,0.01749718025613978,0.012460656299637298,-0.061149936467598365,0.4022515877250803,-0.09428606161663453,0.35000000000000053,0.8700027196083764,0.4481424148606812,0.35000000000000053
2024-04-22,189.41,180.77,11529700.0,4.62,16.94,0,0,0,0,0,0.1358024691358024,0.019398860880843527,0.015359707787255684,0.018038355066412156,0.01256598601346545,-0.03103559176672377,-0.13972228647321727,-0.09155954237404894,0.40000000000000036,0.8940712537394615,0.2970903522205208,0.40000000000000036
2024-04-23,192.14,183.38,9144400.0,4.61,15.69,0,0,0,0,0,0.1358024691358024,0.014438236433036433,0.011378851220324232,0.01827664409588651,0.01265130679557908,-0.008006058638970082,-0.20688309322879173,-0.12837340452158386,0.3600000000000003,0.9110688060919228,0.18953752843062932,0.3600000000000003
2024-04-24,193.08,184.27,6964900.0,4.65,15.97,0,0,0,0,0,0.1358024691358024,0.004853310066528671,0.008575039492893849,0.0182795323078132,0.01265644538969146,-0.007807452078397503,-0.23834259218756837,-0.11471442519174117,0.41000000000000014,0.9072613543649715,0.20619335347432033,0.41000000000000014
2024-04-25,193.37,184.55,9802300.0,4.7,15.37,0,0,0,0,0,0.1358024691358024,0.0015195094155315836,0.009857970644683765,0.017697928730140918,0.012423675563718399,-0.025195436298330764,0.4073856049620239,-0.018414262677204314,0.5,0.9154201794941529,0.20266040688575893,0.5
2024-04-26,193.49,184.66,6413700.0,4.67,15.03,0,0,0,0,0,0.1358024691358024,0.0005960444324031311,0.008336245810434455,0.017663835626301215,0.012315292164914707,-0.028412080395664563,-0.3456943778500964,0.006322270481385376,0.46999999999999975,0.9200435137340223,0.15526518063028427,0.46999999999999975
2024-04-29,193.28,184.46,5387800.0,4.63,14.67,0,0,0,0,0,0.1358024691358024,-0.0010830715910321587,0.006189533157274293,0.01761635115213263,0.01230028043730473,-0.022832017799438442,-0.1599544724573959,-0.022361986550096618,0.2999999999999998,0.9249388088115311,0.07472527472527468,0.2999999999999998
2024-04-30,191.74,182.99,8153700.0,4.69,15.65,0,0,0,0,0,0.1358024691358024,-0.007969207416241963,0.004744259258719219,0.017683969872172533,0.01235579650872478,-0.030208278128146637,0.5133635250009281,-0.011301914670931152,0.33000000000000007,0.9116127277672015,0.07118412046543465,0.33000000000000007
2024-05-01,191.86,183.11,7445300.0,4.63,15.39,0,0,0,0,0,0.1358024691358024,0.0006557735395376074,0.0038692847216505524,0.01768620422281097,0.01235040376687026,-0.02683886054421758,-0.08688080258042363,-0.022150268713584602,0.2699999999999996,0.9151482186565134,0.07397069085833907,0.2699999999999996
2024-05-02,191.66,182.92,6501700.0,4.58,14.68,0,0,0,0,0,0.1358024691358024,-0.0010376276555077446,0.003567945053703967,0.01762210886327329,0.0123537151782894,-0.020403791570717145,-0.12673767343156084,-0.02148423298500769,0.27000000000000046,0.9248028283927114,-0.10214067278287475,0.27000000000000046
2024-05-03,190.51,181.82,8922800.0,4.5,13.49,0,0,0,0,0,0.1358024691358024,-0.006013557839492645,0.003695425133659096,0.017493416462647637,0.012393508714627025,-0.035130545531734225,0.3723795315071443,0.008810270132754027,0.11000000000000032,0.9409844982322546,-0.1584529008109795,0.11000000000000032
2024-05-06,192.0,183.24,7911100.0,4.49,13.49,0,0,0,0,0,0.1358024691358024,0.007809921900781003,0.006196368354284079,0.017555640081841656,0.012400664298742009,-0.03267697830333105,-0.11338369121800329,-0.024058806296465347,0.07000000000000028,0.9409844982322546,-0.11191573403554966,0.07000000000000028
2024-05-07,191.75,183.0,7688800.0,4.47,13.23,0,0,0,0,0,0.1358024691358024,-0.0013097576948265521,0.00500943456600229,0.01751301079386335,0.01240674968575079,-0.027423469387755084,-0.028099758567076694,-0.032566766648342044,0.10999999999999943,0.9445199891215665,-0.11682242990654201,0.10999999999999943
2024-05-08,195.65,186.73,9227600.0,4.48,13.0,0,0,0,0,0,0.1358024691358024,0.02038251366120214,0.010449152352745968,0.018063492343000368,0.01263504272050491,0.0009648887697666364,0.20013526167932572,-0.12410733358998163,-0.0699999999999994,0.9476475387544193,-0.17721518987341778,-0.0699999999999994
2024-05-09,197.5,188.49,7977300.0,4.45,12.69,0,0,0,0,0,0.1358024691358024,0.009425373533979542,0.010242149244387622,0.018180014214288116,0.012592494732476645,0.01056187004074638,-0.13549568685248603,-0.15663178429047836,-0.10999999999999943,0.9518629317378298,-0.14889336016096588,-0.10999999999999943
2024-05-10,198.77,189.7,7529800.0,4.5,12.55,0,0,0,0,0,0.1358024691358024,0.006419438697012891,0.007795453577034976,0.009686372374940919,0.012561964342234827,0.08741759816566352,-0.05609667431336418,-0.027053814276035912,0.0,0.9537666576013054,-0.27498555748122466,0.0
2024-05-13,198.73,189.67,7049200.0,4.48,13.6,0,0,0,0,0,0.1358024691358024,-0.00015814443858730431,0.008740576203302817,0.009702324545955463,0.012298647053970716,0.08662274419936966,-0.06382639645143295,0.030804614792654048,-0.14999999999999947,0.939488713625238,-0.2927717108684348,-0.14999999999999947
2024-05-14,201.51,192.32,8596200.0,4.45,13.42,0,0,0,0,0,0.1358024691358024,0.013971634944904388,0.007744492464327097,0.009194398575128208,0.012366603214658383,0.11457548536656037,0.21945752709527322,0.1508599051128757,-0.21999999999999975,0.9419363611639924,-0.2706521739130434,-0.21999999999999975
2024-05-15,202.11,192.89,8370000.0,4.36,12.45,0,0,0,0,0,0.1358024691358024,0.002963810316139792,0.005505047041409983,0.008948453126518503,0.012364836734645775,0.12230173968697255,-0.026313952676764174,0.2889399127068301,-0.22999999999999954,0.9551264617895023,-0.3163097199341022,-0.22999999999999954
2024-05-16,202.47,193.24,8497900.0,4.38,12.42,0,0,0,0,0,0.1358024691358024,0.0018145056768106294,0.005554388154184878,0.008991257802489907,0.012351513194902295,0.11712336686322122,0.015280764635603239,0.3262950443461482,-0.2599999999999998,0.9555344030459614,-0.31000000000000005,-0.2599999999999998
2024-05-17,204.79,195.45,9260500.0,4.42,11.99,0,0,0,0,0,0.1358024691358024,0.011436555578555163,0.006280177004360622,0.007875131362352138,0.01234401841725659,0.10218237184909484,0.08973981807270026,-0.04123322644828386,-0.20000000000000018,0.961381561055208,-0.359166221272047,-0.20000000000000018
2024-05-20,195.58,186.66,17373300.0,4.44,12.15,0,0,0,0,0,0.1358024691358024,-0.044973138910207155,0.024067261543969015,0.013076689011467564,0.013747272135828386,0.03258284007302081,0.8760650072890233,0.09368192443657801,-0.17999999999999972,0.959205874354093,-0.2827626918536009,-0.17999999999999972
2024-05-21,199.52,190.42,14420800.0,4.41,11.86,0,0,0,0,0,0.1358024691358024,0.02014357655630561,0.025280307189608622,0.013427031936431813,0.01394775630568967,0.03839022794197833,-0.16994468523538997,-0.08323941259256859,-0.20000000000000018,0.9631493064998641,-0.24410452517527093,-0.20000000000000018
2024-05-22,198.31,189.26,9425300.0,4.43,12.29,0,0,0,0,0,0.1358024691358024,-0.006091797080138628,0.02518479818456982,0.013526114743496995,0.013982534777253688,0.027079828512508675,-0.34640935315655164,-0.08104154423859364,-0.22000000000000064,0.9573021484906173,-0.23043206011271145,-0.22000000000000064
2024-05-23,196.92,187.94,8069400.0,4.47,12.77,0,0,0,0,0,0.1358024691358024,-0.0069745323893056765,0.025024370632595414,0.0136557248394612,0.014016801185929913,0.01836900568951494,-0.14385748994726955,-0.07023997322065295,-0.23000000000000043,0.9507750883872722,-0.16916070266753414,-0.23000000000000043
2024-05-24,200.71,191.56,7356200.0,4.46,11.93,0,0,0,0,0,0.1358024691358024,0.0192614664254549,0.02653138104447555,0.014251463739835027,0.014173350154125032,0.037365969890609696,-0.08838327508860633,-0.14143772417785058,-0.20999999999999996,0.9621974435681262,-0.20625415834996674,-0.20999999999999996
2024-05-28,199.5,190.4,6910200.0,4.54,12.92,0,0,0,0,0,0.1358024691358024,-0.006055543954896603,0.014290819414788878,0.014349896127501654,0.014188366239647577,0.032202103437059426,-0.06062912916995189,-0.12658054850862005,-0.08999999999999986,0.9487353821049769,-0.11929107021131558,-0.08999999999999986
2024-05-29,198.11,189.07,6120000.0,4.61,14.28,0,0,0,0,0,0.1358024691358024,-0.006985294117647145,0.011541765509643063,0.014316704650973113,0.014206504469016747,0.033225859336575736,-0.11435269601458709,-0.08877077066310901,-0.08000000000000007,0.930242045145499,-0.08753993610223654,-0.08000000000000007
2024-05-30,199.33,190.24,6829100.0,4.55,14.47,0,0,0,0,0,0.1358024691358024,0.006188184270376151,0.011592017529748453,0.014348182632029952,0.014174399561989405,0.03893834307247013,0.11586601307189537,-0.0593241385085721,-0.08000000000000007,0.927658417187925,-0.05977907732293697,-0.08000000000000007
2024-05-31,202.63,193.39,14417900.0,4.51,12.92,0,0,0,0,0,0.1358024691358024,0.016558031959629904,0.0122588179006047,0.014686876425058922,0.014305000480711752,0.05723813689044399,1.1112445270972748,-0.03778541924783232,-0.07000000000000028,0.9487353821049769,-0.11989100817438691,-0.07000000000000028
2024-06-03,201.82,192.61,6444300.0,4.41,13.11,0,0,0,0,0,0.1358024691358024,-0.0040333005843113945,0.010096521854631845,0.014630254338092067,0.01426122256837733,0.05934440655593454,-0.5530347692798535,-0.019485806819450554,-0.08999999999999986,0.9461517541474028,-0.028169014084507116,-0.08999999999999986
2024-06-04,199.16,190.08,6848300.0,4.33,13.16,0,0,0,0,0,0.1358024691358024,-0.013135351227869796,0.011722467804942628,0.015011730456029264,0.014383776706407073,0.037328094302554016,0.06269106031686911,-0.05780650122892902,-0.16000000000000014,0.9454718520533043,-0.024462564862861358,-0.16000000000000014
2024-06-05,197.26,188.26,8351600.0,4.29,12.63,0,0,0,0,0,0.1358024691358024,-0.009574915824915986,0.012142387139922842,0.01521831576148198,0.014450001297285535,0.028743169398907087,0.21951433202400605,-0.03979193645912297,-0.17999999999999972,0.9526788142507479,-0.04535147392290251,-0.17999999999999972
2024-06-06,196.91,187.93,7640300.0,4.28,12.58,0,0,0,0,0,0.1358024691358024,-0.00175289493254005,0.01150238906131908,0.014565946951740663,0.014422540296314517,0.006426391045895263,-0.08516930887494611,-0.05590665686071787,-0.20000000000000018,0.9533587163448464,-0.03230769230769226,-0.20000000000000018
2024-06-07,199.95,190.83,6964500.0,4.43,12.22,0,0,0,0,0,0.1358024691358024,0.015431277603362936,0.011040166846714055,0.014821000273777666,0.014516048416436047,0.012414451695050177,-0.08845202413517794,-0.09144420462905109,-0.020000000000000462,0.9582540114223552,-0.03703703703703698,-0.020000000000000462
2024-06-10,199.61,190.51,6070800.0,4.47,12.74,0,0,0,0,0,0.1358024691358024,-0.0016768851857675848,0.011014647393875332,0.014767685629442466,0.014311462711282334,0.004269899841855551,-0.12832220547060091,-0.08447587276155683,-0.03000000000000025,0.9511830296437312,0.01513944223107555,-0.03000000000000025
2024-06-11,194.36,185.5,9235300.0,4.39,12.85,0,0,0,0,0,0.1358024691358024,-0.026297832134795973,0.015110398582120668,0.015923518982447288,0.01466595733437093,-0.021985553856698425,0.5212657310403901,-0.09084259815653754,-0.09000000000000075,0.9496872450367148,-0.05514705882352944,-0.09000000000000075
2024-06-12,191.53,182.79,12751300.0,4.31,12.04,0,0,0,0,0,0.1358024691358024,-0.01460916442048521,0.015667697643541593,0.015792151403133992,0.014710644888396487,-0.04955282861896837,0.3807131333037368,-0.10171301256409311,-0.14000000000000057,0.9607016589611096,-0.10283159463487335,-0.14000000000000057
2024-06-13,193.66,184.83,8587800.0,4.24,11.94,0,0,0,0,0,0.1358024691358024,0.01116034794025933,0.017459545003692258,0.016043526353958695,0.01476165266054838,-0.0417854735859815,-0.3265157278081451,-0.13734247723275606,-0.1200000000000001,0.9620614631493065,-0.04096385542168668,-0.1200000000000001
2024-06-14,193.78,184.94,6874000.0,4.2,12.66,0,0,0,0,0,0.1358024691358024,0.0005951414813611944,0.014514175905914506,0.01603054593326257,0.014664220271188796,-0.04295176981991311,-0.19956216958941753,-0.13358369969726716,-0.17999999999999972,0.9522708729942888,0.019323671497584627,-0.17999999999999972
2024-06-17,194.98,186.09,8725400.0,4.28,12.75,0,0,0,0,0,0.1358024691358024,0.0062182329404132375,0.015519267278466248,0.015840492985156697,0.014573891100903952,-0.04788948580199537,0.26933372126854804,-0.09058791197599886,-0.13999999999999968,0.9510470492249116,0.06338615512927448,-0.13999999999999968
2024-06-18,197.0,188.01,9023000.0,4.22,12.3,0,0,0,0,0,0.1358024691358024,0.010317588263743183,0.010559522575856026,0.012473547570427618,0.014546811795911036,0.007232401157184265,0.03410731886217255,-0.29770255532583356,-0.22000000000000064,0.9571661680717977,0.012345679012345734,-0.22000000000000064
2024-06-20,198.67,189.61,8731100.0,4.25,13.28,0,0,0,0,0,0.1358024691358024,0.008510185628424205,0.0042302435548239375,0.011756736788420968,0.014532783061505038,-0.004253754857682868,-0.03235065942591153,-0.17614514269591236,-0.16000000000000014,0.943840087027468,0.11973018549747039,-0.16000000000000014
2024-06-21,196.3,187.35,20972100.0,4.25,13.2,0,0,0,0,0,0.1358024691358024,-0.011919202573704046,0.008976434875659875,0.011981868836029497,0.01461034862249484,-0.010091937017859043,1.4019997480271673,-0.22394405810024082,-0.17999999999999972,0.9449279303780256,0.07404393816110666,-0.17999999999999972
2024-06-24,198.88,189.81,9785900.0,4.25,13.33,0,0,0,0,0,0.1358024691358024,0.013130504403522814,0.009926361268826676,0.012245160031364472,0.014493394744493274,0.009949984037458837,-0.53338483032219,-0.17996251112741066,-0.21999999999999975,0.9431601849333696,0.04385277995301484,-0.21999999999999975
2024-06-25,198.07,189.04,6862500.0,4.23,12.84,0,0,0,0,0,0.1358024691358024,-0.004056688267214614,0.010708907517118416,0.01145614421656503,0.014494846570359352,-0.013155147212361662,-0.2987359363982873,-0.068529144458041,-0.22999999999999954,0.9498232254555344,0.07627829002514663,-0.22999999999999954
2024-06-26,197.43,188.43,7758600.0,4.32,12.55,0,0,0,0,0,0.1358024691358024,-0.003226830300465444,0.01015604758674936,0.011402574152633824,0.01447379685355603,-0.010346638655462148,0.13057923497267754,-0.060736502463847,-0.21999999999999975,0.9537666576013054,-0.028637770897832704,-0.21999999999999975
2024-06-27,199.17,190.09,7913500.0,4.29,12.24,0,0,0,0,0,0.1358024691358024,0.008809637531178582,0.010215890909266256,0.011473454487919579,0.014517426055707385,0.0053948273126356305,0.019964942128734675,-0.03085307647904579,-0.3200000000000003,0.9579820505847157,-0.1428571428571428,-0.3200000000000003
2024-06-28,202.26,193.03,15307600.0,4.36,12.44,0,0,0,0,0,0.1358024691358024,0.015466358040927997,0.00914628943993826,0.011902269405502309,0.014643779090170192,0.014665685449957833,0.9343653250773993,-0.19457218783766037,-0.1899999999999995,0.955262442208322,-0.14029025570145137,-0.1899999999999995
2024-07-01,205.45,196.08,10205800.0,4.48,12.22,0,0,0,0,0,0.1358024691358024,0.015800652748277466,0.009724580369383772,0.01185057217857757,0.014734826132601775,0.013909716117689763,-0.3332854268467951,-0.3048741440221516,-0.02999999999999936,0.9582540114223552,-0.05417956656346745,-0.02999999999999936
2024-07-02,208.83,199.31,7802900.0,4.43,12.03,0,0,0,0,0,0.1358024691358024,0.016472868217054293,0.008360392026270374,0.01229305959239121,0.014834044581065835,0.03478531748091984,-0.23544455113758844,-0.3540849672161035,0.019999999999999574,0.9608376393799293,-0.08237986270022879,0.019999999999999574
2024-07-03,208.69,199.17,5560900.0,4.36,12.09,0,0,0,0,0,0.1358024691358024,-0.0007024233605941177,0.007323725048872244,0.011803555313557777,0.014825331211563899,0.0478219696969695,-0.28732906996116825,-0.26536861825156055,0.03000000000000025,0.9600217568670112,-0.08130699088145898,0.03000000000000025
2024-07-05,204.79,196.53,8093100.0,4.28,12.48,0,0,0,0,0,0.1358024691358024,-0.013255008284380088,0.013305657996423633,0.012026709917744093,0.014906523491667342,0.04392860937002019,0.45535794565627863,-0.2395413448791049,-0.009999999999999787,0.9547185205330433,-0.01187648456057011,-0.009999999999999787
2024-07-08,205.17,196.9,8707000.0,4.28,12.37,0,0,0,0,0,0.1358024691358024,0.0018826642242915081,0.01244137405388297,0.011990910035894631,0.014855863700386615,0.04773053796626403,0.07585474045792084,-0.23667521266924102,0.0,0.9562143051400598,-0.016693163751987372,0.0
2024-07-09,207.63,199.26,9058900.0,4.3,12.51,0,0,0,0,0,0.1358024691358024,0.011985779583544964,0.011630359625125705,0.011817368275032917,0.01492224087363048,0.0441754441125608,0.04041575743654535,-0.2019122410661174,-0.1299999999999999,0.9543105792765841,0.023731587561374834,-0.1299999999999999
2024-07-10,207.8,199.42,8328500.0,4.28,12.85,0,0,0,0,0,0.1358024691358024,0.0008029709926729023,0.00899909423260279,0.011787186111077343,0.012157355649309235,0.04676919846727201,-0.08062789080351918,-0.19734747873759426,-0.1899999999999995,0.9496872450367148,0.008634222919937207,-0.1899999999999995
2024-07-11,207.45,199.09,10658100.0,4.2,12.92,0,0,0,0,0,0.1358024691358024,-0.001654798916858824,0.009031477413866468,0.009745666112307625,0.012166134848320156,0.07326145552560659,0.2797142342558685,-0.14630577741832512,-0.1899999999999995,0.9487353821049769,0.005447470817120603,-0.1899999999999995
2024-07-12,204.94,196.68,15443400.0,4.18,12.46,0,0,0,0,0,0.1358024691358024,-0.012105078105379419,0.008616164958816858,0.009512906316975678,0.012178788013510885,0.07598883965205983,0.44898246404143327,-0.26471188846696614,-0.1299999999999999,0.9549904813706827,0.03488372093023262,-0.1299999999999999
2024-07-15,210.05,201.58,10719700.0,4.23,13.12,0,0,0,0,0,0.1358024691358024,0.02491356518202159,0.014138711093893894,0.010523140008159609,0.0124954678645188,0.09062381648000861,-0.305871763989795,-0.048632792921375366,-0.009999999999999787,0.9460157737285831,0.09882747068676712,-0.009999999999999787
2024-07-16,213.62,205.01,11557000.0,4.17,13.19,0,0,0,0,0,0.1358024691358024,0.01701557694215694,0.014935306606298424,0.010846319112947873,0.012622426826445338,0.10852168270790519,0.0781085291565995,0.03411678354865908,-0.03000000000000025,0.9450639107968453,0.04186413902053698,-0.03000000000000025
2024-07-17,216.87,208.13,11572500.0,4.16,14.48,0,0,0,0,0,0.1358024691358024,0.015218769816106592,0.015121123503658698,0.01107422962409173,0.012388933895951169,0.11843731527755375,0.0013411785065329251,0.16595262098414532,-0.1200000000000001,0.9275224367691053,0.13568627450980397,-0.1200000000000001
2024-07-18,209.98,201.51,12415100.0,4.2,15.93,0,0,0,0,0,0.1358024691358024,-0.0318070436746265,0.023796061956196147,0.013811450326867317,0.012972472343670565,0.07180469123982758,0.07281054223374372,-0.37519767243756713,-0.019999999999999574,0.9078052760402502,0.295121951219512,-0.019999999999999574
2024-07-19,209.78,201.32,8095900.0,4.25,16.52,0,0,0,0,0,0.1358024691358024,-0.0009428812465882563,0.02255743359580815,0.013795019258342294,0.012871990806171591,0.06175834607879316,-0.3478989295293634,-0.3329954700539051,0.0,0.8997824313298886,0.24397590361445776,0.0
2024-07-22,210.28,201.8,7663200.0,4.26,14.91,0,0,0,0,0,0.1358024691358024,0.0023842638585338527,0.019613160012197296,0.013339097602865151,0.012865485214162337,0.0771283693621565,-0.05344680640818189,-0.3289957270865405,0.009999999999999787,0.9216752787598586,0.12954545454545463,0.009999999999999787
2024-07-23,210.33,201.85,5557300.0,4.25,14.72,0,0,0,0,0,0.1358024691358024,0.00024777006937548585,0.017360424453798935,0.01317519981750236,0.012866663710194291,0.0634318529055371,-0.27480686919302644,-0.3398335844543657,0.0,0.9242589067174327,0.10427606901725439,0.0
2024-07-24,208.59,200.18,7119000.0,4.28,18.04,0,0,0,0,0,0.1358024691358024,-0.00827347039881099,0.014071195249970414,0.013329641769320319,0.012928919273389981,0.05892932712653409,0.2810177604232271,-0.39364492764540915,0.04999999999999982,0.8791134076692956,0.4049844236760125,0.04999999999999982
2024-07-25,208.67,200.26,6403800.0,4.27,18.46,0,0,0,0,0,0.1358024691358024,0.00039964032370853886,0.004110812180545399,0.013265684044133235,0.012925453610612973,0.06278193493605033,-0.10046354825115889,-0.37307076234003633,-0.05000000000000071,0.8734022300788686,0.4709163346613545,-0.05000000000000071
2024-07-26,212.24,203.68,8027800.0,4.2,16.39,0,0,0,0,0,0.1358024691358024,0.017077798861480087,0.009192240625731466,0.013577078829332338,0.013020098959574228,0.07149245094428958,0.2535994253412037,-0.27501157276728444,-0.08999999999999986,0.9015501767745444,0.3390522875816995,-0.08999999999999986
2024-07-29,210.85,202.35,6533600.0,4.17,16.6,0,0,0,0,0,0.1358024691358024,-0.006529850746268773,0.010015663901265869,0.013450998858045762,0.01306443614815251,0.048282650365228275,-0.18612820448939937,-0.27725525512974947,-0.1900000000000004,0.898694587979331,0.334405144694534,-0.1900000000000004
2024-07-30,215.19,206.51,8850700.0,4.15,17.69,0,0,0,0,0,0.1358024691358024,0.020558438349394637,0.013394021442771017,0.013738601560633026,0.01328198573474601,0.053192574459404174,0.35464368801273416,-0.10610255358458544,-0.33000000000000007,0.8838727223279848,0.44762684124386265,-0.33000000000000007
2024-07-31,212.8,204.22,9071600.0,4.09,16.36,0,0,0,0,0,0.1358024691358024,-0.011089051377657255,0.014112899666159816,0.013664864082044438,0.01335059261889079,0.024634990717977034,0.02495847786050831,-0.0834167294274924,-0.33999999999999986,0.9019581180310036,0.3599334995843724,-0.33999999999999986
2024-08-01,207.96,199.57,10918600.0,3.99,18.59,0,0,0,0,0,0.1358024691358024,-0.022769562236803487,0.018687192312802817,0.014688179172725429,0.013705044710000683,0.0020083345885424375,0.20360245160721369,-0.2234956517162603,-0.3700000000000001,0.8716344846342127,0.5376344086021505,-0.3700000000000001
2024-08-02,199.14,191.11,18041700.0,3.8,23.39,0,0,0,0,0,0.1358024691358024,-0.04239114095304897,0.02307283289209269,0.0173050161925037,0.014828769613005983,-0.027578486745026165,0.6523821735387321,-0.5540814255259066,-0.4800000000000004,0.8063638836007615,0.8741987179487178,-0.4800000000000004
2024-08-05,194.9,187.04,13927000.0,3.78,38.57,0,0,0,0,1,0.1358024691358024,-0.021296635445555046,0.023071605842498736,0.01785146729479395,0.014873567765801213,-0.05007618080243781,-0.2280660913328567,-0.4759557082416865,-0.5000000000000004,0.5999456078324721,2.11802748585287,-0.5000000000000004
2024-08-06,200.34,192.26,10605800.0,3.9,27.71,0,0,0,0,0,0.1358024691358024,0.027908468776732143,0.025985429341038643,0.01885429556307048,0.015255690817270812,-0.035129980929438975,-0.23847203274215556,-0.25094684736081224,-0.3999999999999999,0.7476203426706554,1.2150279776179058,-0.3999999999999999
2024-08-07,200.4,192.32,9204400.0,3.96,27.85,0,0,0,0,0,0.1358024691358024,0.00031207739519412137,0.026784714388683205,0.018851299234889884,0.01523551697333913,-0.0356032494233276,-0.13213524675177735,-0.2259416106502873,-0.3200000000000003,0.7457166168071797,1.1673151750972766,-0.3200000000000003
2024-08-08,204.06,195.83,7761200.0,3.99,23.79,0,0,0,0,0,0.1358024691358024,0.018250831946755586,0.028737377782109455,0.019368908226977382,0.015409607569329206,-0.016374503993168865,-0.156794576506888,-0.18006553576775122,-0.20999999999999996,0.8009246668479739,0.8413312693498451,-0.20999999999999996
2024-08-09,205.8,197.5,5540200.0,3.94,20.37,0,0,0,0,0,0.1358024691358024,0.008527804728591049,0.01878277590658526,0.019275693460902316,0.015345738372857326,0.004169208867195406,-0.28616708756377884,-0.21640160136273706,-0.23999999999999977,0.8474299700843079,0.6348314606741572,-0.23999999999999977
2024-08-12,206.19,197.88,6936000.0,3.9,20.71,0,0,0,0,0,0.1358024691358024,0.001924050632911456,0.011623762416599724,0.018401691030493054,0.015343564476153423,-0.018354995535271423,0.25194036316378465,-0.15614170822620924,-0.3300000000000005,0.8428066358444384,0.5785060975609757,-0.3300000000000005
2024-08-13,207.94,199.56,6387800.0,3.85,18.12,0,0,0,0,0,0.1358024691358024,0.008489993935718587,0.007077681405099346,0.01806379948427223,0.015377110598228669,-0.026584069069801375,-0.07903690888119952,-0.11287616290655733,-0.31999999999999984,0.8780255643187381,0.3737680060652011,-0.31999999999999984
2024-08-14,210.24,201.76,6999800.0,3.83,16.19,0,0,0,0,0,0.1358024691358024,0.011024253357386105,0.0058770293031785124,0.01788674436924711,0.015372301660911287,-0.030605871330418477,0.09580763330098008,-0.09304660376696275,-0.33000000000000007,0.9042697851509383,0.11809392265193375,-0.33000000000000007
2024-08-15,211.55,203.02,7001000.0,3.92,15.23,0,0,0,0,0,0.1358024691358024,0.006245043616177837,0.0034201875081092676,0.016448028636654108,0.01417122344725265,0.007493424643938429,0.00017143346952774863,-0.1885410362307692,-0.28000000000000025,0.9173239053576285,-0.043942247332077744,-0.28000000000000025
2024-08-16,213.97,205.34,7931200.0,3.89,14.8,0,0,0,0,0,0.1358024691358024,0.011427445571864814,0.00390424378990515,0.016622463607913196,0.014020749545698362,0.01996820981521963,0.13286673332381094,-0.21706220579020166,-0.3599999999999999,0.9231710633668752,-0.10411622276029053,-0.3599999999999999
2024-08-19,215.45,206.76,6090800.0,3.86,14.65,0,0,0,0,0,0.1358024691358024,0.006915359890912631,0.0023465113850693405,0.01667138765245814,0.014004201634725865,0.024578790882061385,-0.23204559209199116,-0.22886035176605177,-0.3999999999999999,0.9252107696491705,-0.017437961099932897,-0.3999999999999999
2024-08-20,214.52,205.87,5640000.0,3.82,15.88,0,0,0,0,0,0.1358024691358024,-0.004304507641710087,0.006352935035225273,0.016718209423185134,0.013980806248996561,0.01991577904384445,-0.07401326590924018,-0.2207991346548387,-0.43000000000000016,0.9084851781343486,0.07880434782608692,-0.43000000000000016
2024-08-21,214.6,205.95,5202300.0,3.79,16.27,0,0,0,0,0,0.1358024691358024,0.000388594744255899,0.0061364339665059145,0.016573618931682937,0.0137880682237466,0.028824058347487247,-0.07760638297872335,-0.22893486061974402,-0.4900000000000002,0.9031819418003808,-0.09811529933481156,-0.4900000000000002
2024-08-22,216.63,207.9,5247100.0,3.86,17.55,0,0,0,0,0,0.1358024691358024,0.009468317552804084,0.006567749435583777,0.01666419704969334,0.013793317075931621,0.03815040447418361,0.008611575649231984,-0.23757917746890125,-0.4099999999999997,0.8857764481914604,-0.04929577464788737,-0.4099999999999997
2024-08-23,218.31,209.51,7214000.0,3.81,15.86,0,0,0,0,0,0.1358024691358024,0.007744107744107609,0.00579694488653945,0.016347607619122555,0.013769695531241239,0.028623330714846684,0.3748546816336642,-0.22587250344575172,-0.3900000000000001,0.9087571389719881,-0.032336790726052556,-0.3900000000000001
2024-08-26,219.17,210.33,5105200.0,3.82,16.15,0,0,0,0,0,0.1358024691358024,0.00391389432485334,0.005576266286880168,0.016242725166804143,0.013760555561266508,0.03943661971831003,-0.29232048794011645,-0.24545309485069125,-0.3500000000000001,0.904813706826217,-0.027108433734939874,-0.3500000000000001
2024-08-27,220.18,211.3,5185200.0,3.83,15.43,0,0,0,0,0,0.1358024691358024,0.004611800503969921,0.0035297830883548,0.015668233364340787,0.013628726875715506,0.023195002663309428,0.015670296952127183,-0.2374021188622013,-0.3200000000000003,0.9146042969812347,-0.1277557942340306,-0.3200000000000003
2024-08-28,221.29,212.37,6506400.0,3.84,17.11,1,1,0,0,0,0.1358024691358024,0.005063890203502064,0.002350411168087315,0.015412125183606984,0.013615940594116712,0.039907942415042585,0.2548021291367739,-0.27124101142332074,-0.25,0.8917595866195268,0.045843520782396174,-0.25
2024-08-29,222.21,213.25,6416100.0,3.87,15.65,1,1,0,0,0,0.1358024691358024,0.0041437114470028735,0.0015453301251819231,0.014260864911760873,0.013478436953248763,0.06854737686024959,-0.0138786425673183,-0.30964291126029253,-0.1200000000000001,0.9116127277672015,-0.15814954276492732,-0.1200000000000001
2024-08-30,224.8,215.74,8574100.0,3.91,15.0,1,1,0,0,0,0.1358024691358024,0.011676436107854737,0.003269299895795442,0.009424471265024431,0.013448069725693481,0.12887865627125739,0.33634139118779327,-0.3207048910023893,0.11000000000000032,0.9204514549904814,-0.3587002992731937,0.11000000000000032
2024-09-03,220.3,211.42,8956100.0,3.84,20.72,0,0,0,0,0,0.1358024691358024,-0.020024103087049272,0.012200388517312597,0.009231950606085696,0.013746407283904536,0.13034644995722844,0.04455278104990601,0.20028407128157624,0.06000000000000005,0.8426706554256187,-0.4627949183303086,0.06000000000000005
2024-09-04,219.33,210.49,7389500.0,3.77,21.32,0,0,0,0,0,0.1358024691358024,-0.004398826979472026,0.012216404137596438,0.00797130939836358,0.013657534762834376,0.0948195152397795,-0.1749198870043881,-0.19929100490535015,-0.1299999999999999,0.8345118302964373,-0.2306026705160592,-0.1299999999999999
2024-09-05,217.63,208.85,8067900.0,3.73,19.9,0,0,0,0,0,0.1358024691358024,-0.007791344006841228,0.01204964161858097,0.008393868339784298,0.013706096253572109,0.08595049916805331,0.09180594086203397,-0.21410268813308853,-0.22999999999999998,0.8538210497688333,-0.2854578096947936,-0.22999999999999998
2024-09-06,212.46,203.89,7777000.0,3.72,22.38,0,0,0,0,0,0.1358024691358024,-0.023749102226478414,0.014045567157469038,0.00981742965522824,0.013621776305040847,0.041158147372721166,-0.03605647070489226,-0.6807078020055647,-0.27,0.8200979059015502,-0.059268600252206816,-0.27
2024-09-09,216.81,208.07,8935100.0,3.7,19.45,0,0,0,0,0,0.1358024691358024,0.020501250674383353,0.017420017865027768,0.010568622143681037,0.013664739505901056,0.05351898734177207,0.14891346277484896,-0.6074307978968996,-0.23999999999999977,0.8599401686157193,-0.04516445753559162,-0.23999999999999977
2024-09-10,205.56,197.27,28406900.0,3.65,19.08,0,0,1,0,0,0.1358024691358024,-0.05190560868938332,0.026699883595403304,0.01614829364749962,0.015296165312375473,-0.003082676369516757,2.1792481337645913,-0.5406545069684432,-0.25,0.8649714441120478,-0.07870593915982627,-0.25
2024-09-11,207.23,198.87,13658700.0,3.65,17.69,0,0,0,0,0,0.1358024691358024,0.008110711207989008,0.028300381954199153,0.016137983302697154,0.015321857753967508,-0.003457606734816543,-0.5191766789054773,-0.547550449002267,-0.20000000000000018,0.8838727223279848,-0.02373068432671077,-0.20000000000000018
2024-09-12,206.6,198.27,9054400.0,3.68,17.07,0,0,0,0,0,0.1358024691358024,-0.003017046311660887,0.028514044486618657,0.015935144996890648,0.015318284229505557,-0.01729777954004752,-0.33709650259541535,-0.5383366387878958,-0.1499999999999999,0.8923035082948055,0.05435453983940697,-0.1499999999999999
2024-09-13,204.32,196.08,10226700.0,3.66,16.56,0,0,0,0,0,0.1358024691358024,-0.011045543955212622,0.027533098486085327,0.016004608001531993,0.01535039372032862,-0.03418382425376809,0.12947296342109915,-0.5117755690338717,-0.2599999999999998,0.8992385096546097,0.08732764281024274,-0.2599999999999998
2024-09-16,207.86,199.48,8634900.0,3.63,17.14,0,0,0,0,0,0.1358024691358024,0.017339861281109537,0.026755455694912642,0.016309858514768502,0.015467268046585821,-0.028538034479400065,-0.15565138314412275,-0.47994659556900604,-0.26000000000000023,0.8913516453630677,0.15810810810810816,-0.26000000000000023
2024-09-17,209.25,200.81,7573300.0,3.65,17.61,0,0,0,0,0,0.1358024691358024,0.006667335071185221,0.010918052661751212,0.016303361845607635,0.01539078698851841,-0.028777326368736644,-0.12294294085629254,-0.4672149914397933,-0.20999999999999996,0.8849605656785423,0.20204778156996572,-0.20999999999999996
2024-09-18,207.53,199.16,8259900.0,3.7,18.23,0,0,0,0,0,0.1358024691358024,-0.008216722274787092,0.011652769674643976,0.0163642809096161,0.015358781437458738,-0.0325933841744791,0.09066061030198203,-0.4882514249234578,-0.11999999999999966,0.8765297797117215,0.14798488664987408,-0.11999999999999966
2024-09-19,210.48,201.99,11635200.0,3.73,16.33,0,0,0,0,0,0.1358024691358024,0.014209680658766821,0.012890910391230468,0.016736969363868894,0.015439308382925235,-0.01922796795338666,0.40863690843714817,-0.5089896040893357,-0.06000000000000005,0.9023660592874626,0.003687768899815591,-0.06000000000000005
2024-09-20,211.09,202.58,20885000.0,3.73,16.15,0,0,0,0,0,0.1358024691358024,0.002920936680033792,0.010078763746676607,0.016588207275192224,0.015429670568010645,-0.025589225589225606,0.7949841859185918,-0.5115594680299214,-0.1299999999999999,0.904813706826217,-0.0797720797720799,-0.1299999999999999
2024-09-23,211.44,202.91,7223500.0,3.75,15.89,0,0,0,0,0,0.1358024691358024,0.0016289860795735134,0.008152147947335067,0.016471349992793462,0.015398456446623165,-0.03150207627320889,-0.6541297581996648,-0.49781952849320904,-0.06000000000000005,0.9083491977155289,0.001891551071879105,-0.06000000000000005
2024-09-24,211.59,203.06,7323200.0,3.74,15.39,0,0,0,0,0,0.1358024691358024,0.0007392439998028522,0.00799537723066219,0.016432005552197662,0.01528424825670578,-0.034564731612228394,0.013802173461618272,-0.485427687938158,-0.07999999999999963,0.9151482186565134,-0.0470588235294116,-0.07999999999999963
2024-09-25,210.19,201.71,8976500.0,3.79,15.41,0,0,0,0,0,0.1358024691358024,-0.006648281296168568,0.00749698617968194,0.01639987601072409,0.01518929256793646,-0.045385707524846164,0.22576196198383225,-0.4473917337800358,-0.040000000000000036,0.914876257818874,-0.0012961762799740262,-0.040000000000000036
2024-09-26,209.78,201.32,7807500.0,3.79,15.37,0,0,0,0,0,0.1358024691358024,-0.0019334688414061052,0.003791492889374651,0.016311386541812113,0.015048223437797785,-0.05203183123793387,-0.1302289310978667,-0.43288227880376384,-0.04999999999999982,0.9154201794941529,-0.10169491525423735,-0.04999999999999982
2024-09-27,210.5,202.01,7032500.0,3.75,16.96,0,0,0,0,0,0.1358024691358024,0.0034273792966421635,0.003915751398735329,0.016296718798601804,0.01505309849076758,-0.05270808909730362,-0.09926352865834132,-0.42795165088598613,-0.1200000000000001,0.8937992929018221,0.08370607028754007,-0.1200000000000001
2024-09-30,210.86,202.36,8663800.0,3.81,16.73,0,0,0,0,0,0.1358024691358024,0.001732587495668625,0.003930458384531802,0.015987787313794175,0.01494751400780776,-0.062019097061277395,0.23196587273373614,-0.397468994307963,-0.10000000000000009,0.896926842534675,0.11533333333333329,-0.10000000000000009
2024-10-01,207.04,198.69,8540100.0,3.74,19.26,0,0,0,0,0,0.1358024691358024,-0.01813599525597953,0.008640797048128103,0.01588768425211433,0.015140535778815828,-0.06021190048245195,-0.014277799579861084,-0.370957237506872,-0.09999999999999964,0.8625237965732935,-0.07046332046332038,-0.09999999999999964
2024-10-02,207.29,198.93,5810900.0,3.79,18.9,0,0,0,0,0,0.1358024691358024,0.0012079118224370688,0.00882204307377258,0.0159107465567937,0.015062854669305598,-0.05491947360919758,-0.3195747122399035,-0.38449191676891886,0.020000000000000018,0.8674190916508023,-0.11350844277673555,0.020000000000000018
2024-10-03,205.23,196.95,7251300.0,3.85,20.49,0,0,0,0,0,0.1358024691358024,-0.009953249886894944,0.00935181524772121,0.015954456016631858,0.015118073367854677,-0.0569786928417525,0.24787898604347003,-0.3907580785378787,0.1200000000000001,0.8457982050584716,0.029648241206030157,0.1200000000000001
2024-10-04,211.22,203.95,10211700.0,3.98,19.21,0,0,0,0,0,0.1358024691358024,0.03554201574003546,0.02045772035562275,0.01730915255909674,0.01580026213130012,0.00029427632546963345,0.408257829630549,-0.09740801777173982,0.2599999999999998,0.8632036986673919,-0.1416443252904378,0.2599999999999998
2024-10-07,210.93,203.67,6718900.0,4.03,22.64,0,0,0,0,0,0.1358024691358024,-0.0013728855111546645,0.02051790595396257,0.01663402753328653,0.015715367521185797,-0.021146729466045122,-0.34203903365747135,-0.1587569554650399,0.33000000000000007,0.8165624150122383,0.16401028277634966,0.33000000000000007
2024-10-08,210.75,203.49,6021800.0,4.04,21.42,0,0,0,0,0,0.1358024691358024,-0.000883782589482851,0.017649253450580313,0.011537070427944027,0.015391367536262844,0.03153038982105749,-0.10375210227864684,-0.05604290418157902,0.3900000000000001,0.8331520261082404,0.12264150943396235,0.3900000000000001
2024-10-09,213.42,206.07,7024000.0,4.06,20.86,0,0,0,0,0,0.1358024691358024,0.012678755712811407,0.01779299360305349,0.011716241482550424,0.015321441855755475,0.036204555739930644,0.1664286425985586,0.01882751392071981,0.4099999999999997,0.840766929562143,0.17919728660260015,0.4099999999999997
2024-10-10,212.84,205.51,7927100.0,4.09,20.93,0,0,0,0,0,0.1358024691358024,-0.00271752317173779,0.016278691657424783,0.011709890063303596,0.015197972754463225,0.03651586220809988,0.12857346241457868,-0.01761837624693911,0.4099999999999997,0.8398150666304052,0.22612770943175153,0.4099999999999997
2024-10-11,222.29,214.63,18320700.0,4.08,20.46,1,1,0,0,0,0.1358024691358024,0.04437740255948608,0.019985302509073963,0.014677177055473565,0.015678632459490794,0.09460424316605454,1.3111478346431862,0.09760726137249805,0.41999999999999993,0.8462061463149306,0.23550724637681175,0.41999999999999993
2024-10-14,221.48,213.85,9048900.0,4.08,19.7,1,1,0,0,0,0.1358024691358024,-0.00363416111447612,0.020341199429760502,0.014469118970445347,0.01568863570529523,0.07203729697212746,-0.5060832828439961,0.10705187252518358,0.4500000000000002,0.8565406581452271,0.14935822637106178,0.4500000000000002
2024-10-15,222.39,214.73,9235800.0,4.03,20.64,1,1,0,0,0,0.1358024691358024,0.004115033902267973,0.019790114821163586,0.014451717824773723,0.015692574549239648,0.06931925700911301,0.02065444418658613,0.11137002802341739,0.38000000000000034,0.8437584987761761,0.17206132879046,0.38000000000000034
2024-10-16,223.64,215.94,6382500.0,4.02,19.58,1,1,0,0,0,0.1358024691358024,0.005634983467610599,0.01988798806170332,0.014192553466734474,0.015702690989016357,0.08425386623820041,-0.3089391281751446,0.10913435729779364,0.3199999999999994,0.8581724231710633,0.0740537575425122,0.3199999999999994
2024-10-17,224.42,216.69,6470200.0,4.09,19.11,1,1,0,0,0,0.1358024691358024,0.003473186996387989,0.01911043629042334,0.01399355305469026,0.01565513450148727,0.07277587999405899,0.013740697218957987,0.15339317470388736,0.3599999999999999,0.8645635028555888,0.17023882424984693,0.3599999999999999
2024-10-18,225.37,217.61,7000500.0,4.08,18.03,1,1,0,0,0,0.1358024691358024,0.004245696617287464,0.0036641039809195454,0.013993255310809426,0.01565866418970377,0.07419291144239315,0.08196037216778462,0.15457437198474866,0.3500000000000001,0.8792493880881153,0.11640866873065026,0.3500000000000001
2024-10-21,223.0,215.32,5870000.0,4.19,18.37,1,1,0,0,0,0.1358024691358024,-0.010523413446073326,0.0067057770151068155,0.014346219723740623,0.015598790249541089,0.06116012025035733,-0.161488465109635,0.16242524582089254,0.4400000000000004,0.8746260538482458,0.1560730018879799,0.4400000000000004
2024-10-22,224.12,216.4,9586800.0,4.2,18.2,1,1,0,0,0,0.1358024691358024,0.005015790451421198,0.0068086283771833424,0.014341544064012998,0.015574934108295793,0.06569486851176998,0.6331856899488926,0.15648266760033022,0.45999999999999996,0.8769377209681806,0.18258609486679656,0.45999999999999996
2024-10-23,223.41,215.72,6180500.0,4.24,19.24,1,1,0,0,0,0.1358024691358024,-0.0031423290203327348,0.006627409110767763,0.014234801626460975,0.015375936435367617,0.06945614991819937,-0.35531146993783114,0.09479641371614654,0.4500000000000002,0.8627957574109328,0.24853990914990254,0.4500000000000002
2024-10-24,224.98,217.23,6002200.0,4.21,19.08,1,1,0,0,0,0.1358024691358024,0.006999814574448315,0.007270670093538674,0.014196837535109474,0.015315205888109851,0.07902841247764747,-0.02884879864088663,0.05240356833400839,0.41999999999999993,0.8649714441120478,0.24137931034482762,0.41999999999999993
2024-10-25,222.31,214.65,6369700.0,4.25,20.33,1,1,0,0,0,0.1358024691358024,-0.01187681259494533,0.008649205485494546,0.014629747517162468,0.015089811465594946,0.06257115984357209,0.06122754989837054,0.023594367098916658,0.5,0.8479738917595866,0.19870283018867907,0.5
2024-10-28,225.5,217.73,6843000.0,4.28,19.8,1,1,0,0,0,0.1358024691358024,0.014348940135103572,0.010065248552502003,0.0148364470517241,0.014045349114864191,0.07595374579956493,0.0743049123192614,0.013373098445934675,0.4700000000000002,0.8551808539570301,0.18350268977884032,0.4700000000000002
2024-10-29,222.9,215.22,6580000.0,4.28,19.34,1,1,0,0,0,0.1358024691358024,-0.011528039314747551,0.011546789159473778,0.014389794621967468,0.013822352255004437,0.08319492677034579,-0.03843343562764867,-0.0016763577778032435,0.54,0.8614359532227359,0.004153686396676903,0.54
2024-10-30,224.41,216.68,7110900.0,4.29,20.35,1,1,0,0,0,0.1358024691358024,0.006783756156490961,0.011941451447421482,0.014384819075749672,0.013425879511944735,0.08922736641029516,0.08068389057750758,-0.00689907154584329,0.5,0.8477019309219472,0.07671957671957697,0.5
2024-10-31,221.92,214.28,7829900.0,4.28,23.16,1,1,0,0,0,0.1358024691358024,-0.011076241462063874,0.012378539720554254,0.01444577115392328,0.013531435851101831,0.08799187611068815,0.10111237677368545,-0.11834131741896736,0.43000000000000016,0.8094914332336143,0.13030746705710117,0.43000000000000016
2024-11-01,222.94,215.26,6923500.0,4.37,21.88,1,1,0,0,0,0.1358024691358024,0.004573455292141038,0.011472602350474858,0.012444422889808602,0.013365399485841407,0.05545476832556995,-0.11576137626278749,-0.042248877542924286,0.3900000000000001,0.8268969268425347,0.13899010931806344,0.3900000000000001
2024-11-04,219.78,212.21,8229600.0,4.31,21.98,0,1,0,0,0,0.1358024691358024,-0.014168912013379109,0.009925702776129485,0.012986031224368458,0.01348852306867275,0.04193057396769295,0.18864736043908437,-0.10551903153380399,0.27999999999999936,0.8255371226543378,-0.02915194346289751,0.27999999999999936
2024-11-05,221.49,213.86,5600700.0,4.26,20.49,1,1,0,0,0,0.1358024691358024,0.007775316903067653,0.010528054773214618,0.013024386171022929,0.013514329052374378,0.05096073517126154,-0.3194444444444444,-0.08807330855567909,0.21999999999999975,0.8457982050584716,-0.04341736694677889,0.21999999999999975
2024-11-06,247.06,238.55,23987800.0,4.42,16.27,1,1,0,0,0,0.1358024691358024,0.11544935939399603,0.053921111726542,0.02840959493027778,0.019976706886188737,0.15761634396079005,3.2830003392433085,-0.5294506616969904,0.3600000000000003,0.9031819418003808,-0.22003835091083412,0.3600000000000003
2024-11-07,236.38,228.24,16451100.0,4.31,15.2,1,1,0,0,0,0.1358024691358024,-0.04321945084887868,0.06018118170080559,0.030554308407545173,0.02082456391097141,0.11060289037029847,-0.31418887934700135,-0.1930842644631173,0.21999999999999975,0.9177318466140876,-0.2737697085523173,0.21999999999999975
2024-11-08,236.98,228.82,9502100.0,4.3,14.94,1,1,0,0,0,0.1358024691358024,0.0025411847178407054,0.06026825513028371,0.029166217861335546,0.02081805099548192,0.06611377719796852,-0.4224033651245206,-0.2051484437303468,0.21999999999999975,0.9212673375033995,-0.2697947214076247,0.21999999999999975
2024-11-11,239.29,231.05,9017100.0,4.3,14.97,1,1,0,0,0,0.1358024691358024,0.009745651603880967,0.058426880545071475,0.029145250382305837,0.02080654829332372,0.08043020808978274,-0.05104134875448585,-0.202802796247069,0.21999999999999975,0.9208593962469405,-0.24010152284263953,0.21999999999999975
2024-11-12,239.56,231.31,6861000.0,4.43,14.71,1,1,0,0,0,0.1358024691358024,0.0011252975546418575,0.05880532558722693,0.02915369013433846,0.02079761074943398,0.0772132445396545,-0.23911235319559498,-0.18005350422429794,0.39999999999999947,0.9243948871362524,-0.28730620155038755,0.39999999999999947
2024-11-13,241.16,232.85,11472600.0,4.44,14.02,1,1,0,0,0,0.1358024691358024,0.006657732047901099,0.02183899786394069,0.029157404685675084,0.020788743702468804,0.0783087894785588,0.6721469173589856,-0.1749076354643019,0.4200000000000008,0.933777536034811,-0.2839632277834525,0.4200000000000008
2024-11-14,241.87,233.54,10172200.0,4.43,14.31,1,1,0,0,0,0.1358024691358024,0.0029632810822417532,0.0035250141180664103,0.029158259762449866,0.020787471988520014,0.07776085652314357,-0.1133483255757195,-0.1621329022791042,0.33999999999999986,0.92983410388904,-0.25117739403453687,0.33999999999999986
2024-11-15,245.31,236.86,11518800.0,4.43,16.14,1,1,0,0,0,0.1358024691358024,0.014215980131883299,0.005256336372922239,0.029245360951791265,0.02082421190289903,0.08846100822572489,0.13238040935097617,-0.17214647622070775,0.34999999999999964,0.9049496872450367,-0.10482529118136441,0.34999999999999964
2024-11-18,245.03,236.59,9051400.0,4.42,15.58,1,1,0,0,0,0.1358024691358024,-0.0011399138731740255,0.006005520199809808,0.029064120067415645,0.02081702461184179,0.09878320639048854,-0.21420634093829216,-0.15774600494129928,0.22999999999999954,0.9125645906989394,-0.15187806205770282,0.22999999999999954
2024-11-19,243.09,234.72,6792700.0,4.39,16.35,1,1,0,0,0,0.1358024691358024,-0.007903968891331048,0.008294658313323553,0.02920935791328806,0.02085673369353062,0.08465804066543425,-0.2495415073911218,-0.14331776189789505,0.1899999999999995,0.9020940984498232,-0.10164835164835151,0.1899999999999995
2024-11-20,240.78,232.49,9015300.0,4.41,17.16,1,1,0,0,0,0.1358024691358024,-0.009500681663258348,0.009546431208171646,0.029330764107155398,0.02090672363934422,0.07773966252549602,0.32720420451366916,-0.13114718990032379,0.16999999999999993,0.8910796845254283,-0.108108108108108,0.16999999999999993
2024-11-21,244.76,236.33,8783500.0,4.43,16.87,1,1,0,0,0,0.1358024691358024,0.0165168394339541,0.012239530661701655,0.029456562366674443,0.020989130740556767,0.08792524052847228,-0.02571184541834437,-0.13966560592078126,0.21999999999999975,0.8950231166711993,-0.11582809224318646,0.21999999999999975
2024-11-22,248.55,239.99,7997300.0,4.41,15.24,1,1,0,0,0,0.1358024691358024,0.015486819278128117,0.012554413490776467,0.029285273427029964,0.021059796556324274,0.11805264383880743,-0.08950873797461145,-0.12669559010437384,0.16000000000000014,0.9171879249388089,-0.25036891293654695,0.16000000000000014
2024-11-25,250.29,241.67,10295400.0,4.27,14.6,1,1,0,0,0,0.1358024691358024,0.007000291678819881,0.012460752038369409,0.02922080491752399,0.021032700204439453,0.10995269370321048,0.28735948382579113,-0.14175657940900074,-0.010000000000000675,0.925890671743269,-0.26262626262626265,-0.010000000000000675
2024-11-26,249.97,241.36,6212100.0,4.3,14.1,1,1,0,0,0,0.1358024691358024,-0.00128274092771119,0.011116208642359137,0.02899337708797606,0.020836756198588754,0.12145711365114775,-0.3966140217961419,-0.1036671237137056,0.019999999999999574,0.9326896926842535,-0.2709410548086867,0.019999999999999574
2024-11-27,249.79,241.19,5472300.0,4.25,14.1,1,1,0,0,0,0.1358024691358024,-0.000704342061650709,0.008510926321673041,0.02903277367442161,0.02082172840425088,0.1131161159313272,-0.11909016274689721,-0.09620933483293725,-0.040000000000000036,0.9326896926842535,-0.30712530712530717,-0.040000000000000036
2024-11-29,249.72,241.12,5494800.0,4.18,13.51,1,1,0,0,0,0.1358024691358024,-0.0002902276213773147,0.0072350570667219965,0.028802981172021278,0.020781504041037693,0.12525667351129366,0.004111616687681563,-0.013675037049572326,-0.10000000000000053,0.9407125373946151,-0.41666666666666663,-0.10000000000000053
2024-12-02,246.25,237.77,8899700.0,4.19,13.34,1,1,0,0,0,0.1358024691358024,-0.013893497013934941,0.0075405474672235505,0.029154826299455042,0.02060790751491762,0.10457121620366072,0.6196585862997743,0.03248500550721045,-0.17999999999999972,0.9430242045145499,-0.39031078610603287,-0.17999999999999972
2024-12-03,244.82,236.39,6657700.0,4.23,13.3,1,1,0,0,0,0.1358024691358024,-0.005803928165874717,0.005752451497353827,0.028918838067094686,0.020503784351233744,0.11394373497950139,-0.25191860399788757,0.2092348558256645,-0.07999999999999918,0.9435681261898287,-0.39490445859872614,-0.07999999999999918
2024-12-04,243.4,235.02,7346300.0,4.19,13.45,1,1,0,0,0,0.1358024691358024,-0.005795507424171786,0.0054901166213856024,0.02902872992943548,0.019263162325379318,0.09894323389133075,0.10342911215584971,0.30313114920271794,-0.0699999999999994,0.9415284199075333,-0.34358223523670084,-0.0699999999999994
2024-12-05,245.48,237.03,6572500.0,4.17,13.54,1,1,0,0,0,0.1358024691358024,0.008552463620117301,0.008278771537489234,0.013131049804336213,0.01926519525403405,-0.006371829805072338,-0.10533193580441857,0.09775985604526226,-0.25,0.9403045961381561,-0.1677934849416104,-0.25
2024-12-06,247.36,238.84,5519700.0,4.15,12.77,1,1,0,0,0,0.1358024691358024,0.007636164198624673,0.00967528252648164,0.00846413015424819,0.01925690859911369,0.04644234139502279,-0.16018257892734877,0.1862529841087506,-0.15999999999999925,0.9507750883872722,-0.15986842105263155,-0.15999999999999925
2024-12-09,243.81,235.41,7076500.0,4.2,14.19,1,1,0,0,0,0.1358024691358024,-0.014361078546307193,0.009821809286893251,0.009247053627539584,0.01930342097836958,0.028799930076042424,0.28204431400257257,0.20174682163623703,-0.09999999999999964,0.9314658689148763,-0.050200803212851364,-0.09999999999999964
2024-12-10,242.86,234.5,9108300.0,4.22,14.18,1,1,0,0,0,0.1358024691358024,-0.0038655961938744987,0.009668945652908708,0.009105036762718389,0.01923465294907095,0.014931832936593725,0.2871193386561153,0.1993015433160805,-0.08000000000000007,0.9316018493336959,-0.052772211088844445,-0.08000000000000007
2024-12-11,243.53,235.14,7884400.0,4.26,13.58,1,1,0,0,0,0.1358024691358024,0.0027292110874199693,0.009486728890507215,0.00911528968269009,0.019228206056501156,0.01655786606718257,-0.1343719464664097,0.1875902044302624,-0.16999999999999993,0.9397606744628774,-0.07681849082256975,-0.16999999999999993
2024-12-12,241.53,233.21,6113800.0,4.32,13.92,1,1,0,0,0,0.1358024691358024,-0.008207876158883964,0.008698686076622848,0.009223170757214363,0.019228120123880463,0.0015460596950827021,-0.224570037035158,0.22173644309359294,-0.1200000000000001,0.9351373402230079,-0.007132667617688937,-0.1200000000000001
2024-12-13,239.94,231.68,10392700.0,4.4,13.81,1,1,0,0,0,0.1358024691358024,-0.006560610608464468,0.006241740457115654,0.009313927812451328,0.019206329766254034,-0.007964374411235653,0.6998756910595703,0.240076375157457,-0.02999999999999936,0.9366331248300245,-0.034940600978336844,-0.02999999999999936
2024-12-16,239.58,231.33,9032000.0,4.39,14.69,1,1,0,0,0,0.1358024691358024,-0.0015107044198894304,0.004313468384179796,0.008659579389155365,0.019213054824589966,-0.023347124883897674,-0.13092844015510885,0.14451501923790527,-0.040000000000000036,0.9246668479738918,-0.08983890954151186,-0.040000000000000036
2024-12-17,238.36,230.15,8083600.0,4.4,15.87,1,1,0,0,0,0.1358024691358024,-0.005100938053862469,0.00437578230245025,0.008704636892200617,0.01923719097687103,-0.027220085379770942,-0.10500442869796278,0.11418269734217051,-0.019999999999999574,0.9086211585531684,0.018613607188703307,-0.019999999999999574
2024-12-18,230.37,222.44,11322400.0,4.5,27.62,1,1,0,0,0,0.1358024691358024,-0.03349989137519016,0.01283152396492478,0.011234124206678596,0.01978362204261943,-0.052317655078391256,0.4006630709090009,-0.5486722796042072,0.11000000000000032,0.7488441664400326,0.6892966360856267,0.11000000000000032
2024-12-19,232.96,224.94,11790800.0,4.57,24.09,1,1,0,0,0,0.1358024691358024,0.011238985793921907,0.016346247166251316,0.01151941655003547,0.019790379309643013,-0.03247451503290466,0.041369320992015846,-0.291158890582705,0.16000000000000014,0.7968452542833832,0.40384615384615374,0.16000000000000014
2024-12-20,237.6,229.42,32348400.0,4.52,18.36,1,1,1,0,0,0.1358024691358024,0.01991642215701961,0.020356084802925684,0.01182171150683834,0.019917332752010825,-0.029238776287394797,1.7435288530040371,-0.23703059836531007,0.08999999999999986,0.8747620342670656,0.08832246591582682,0.08999999999999986
2024-12-23,238.39,230.18,8611500.0,4.59,16.78,1,1,0,0,0,0.1358024691358024,0.003312701595327372,0.02048657536977127,0.011202803739418652,0.019917234828284166,-0.04087670319596648,-0.7337889972919835,-0.236655315532922,0.17999999999999972,0.8962469404405765,0.10104986876640432,0.17999999999999972
2024-12-24,242.31,233.96,3729100.0,4.59,14.27,1,1,0,0,0,0.1358024691358024,0.016421930662959383,0.02159509052207752,0.011785226376584497,0.019999432389085806,-0.03190300823436909,-0.5669627823259595,-0.24139065547900962,0.3200000000000003,0.9303780255643187,-0.022602739726027443,0.3200000000000003
2024-12-26,243.14,234.77,4451800.0,4.58,14.73,1,1,0,0,0,0.1358024691358024,0.0034621302786801422,0.007496451335274716,0.011838600456051278,0.019813193430038685,-0.02730361286045746,0.1938001126277118,-0.24497352172678308,0.28000000000000025,0.924122926298613,0.04468085106382991,0.28000000000000025
2024-12-27,241.17,232.86,5730200.0,4.62,15.95,1,1,0,0,0,0.1358024691358024,-0.008135622098223827,0.011300513108471355,0.011934614773349625,0.01986393479252752,-0.03453708694390312,0.2871647423514083,-0.24558662575449697,0.3700000000000001,0.9075333152026108,0.13120567375886516,0.3700000000000001
2024-12-30,239.32,231.08,5723800.0,4.55,17.4,1,1,0,0,0,0.1358024691358024,-0.0076440779867731345,0.01007791963570602,0.012002381430659534,0.019841001457350415,-0.04163901791639013,-0.001116889462845938,-0.25242326737039167,0.3700000000000001,0.8878161544737558,0.28793486306439675,0.3700000000000001
2024-12-31,239.71,231.45,4871000.0,4.58,17.35,1,1,0,0,0,0.1358024691358024,0.0016011770815300697,0.010029201904591256,0.011694159253136665,0.019371508005555548,-0.026580308701686595,-0.14899192843914877,-0.2928282704701389,0.3899999999999997,0.8884960565678542,0.3005997001499252,0.3899999999999997
