Date,S0,risk_free_rate,sigma,VIXCLS,Sentiment_Score,BSM_Predicted_Price,Call_Ratio,Put_Ratio
2018-03-29,87.57,0.0274,0.2542455839017738,19.97,0.8528691868370954,58.48576796267807,0.0017,0.9983
2018-04-02,85.88,0.0273,0.2574664441729091,23.62,0.8032363339679086,60.14495571748959,0.0013,0.9987
2018-04-03,87.06,0.0279,0.25732160981144603,21.1,0.8375033995104705,58.92661824412488,0.0017,0.9983
2018-04-04,88.38,0.0279,0.25875313768269864,20.06,0.8516453630677183,57.672838079221265,0.0021,0.9979
2018-04-05,89.54,0.028300000000000002,0.26003194852654743,18.94,0.8668751699755235,56.5112797894131,0.0027,0.9973
2018-04-06,87.31,0.0277,0.2650993337377936,21.49,0.8322001631765026,58.7756586922099,0.0021,0.9979
2018-04-09,88.36,0.0278,0.2652961091793822,21.77,0.8283927114495513,57.75439289379804,0.0026,0.9974
2018-04-10,90.05,0.027999999999999997,0.2679171127838655,20.47,0.846070165896111,56.14932952548468,0.0039,0.9961
2018-04-11,88.53,0.0279,0.26811213847416415,20.24,0.8491977155289638,57.60362560867559,0.0032,0.9968
2018-04-12,90.74,0.028300000000000002,0.2728612499755358,18.49,0.8729942888224096,55.50939498916068,0.0047,0.9953
2018-04-13,88.28,0.0282,0.2783017195662965,17.41,0.887680174054936,57.896307119999555,0.0039,0.9961
2018-04-16,88.21,0.028300000000000002,0.2782511804178545,16.56,0.8992385096546097,57.94772015556001,0.0039,0.9961
2018-04-17,88.21,0.0282,0.2782202168057727,15.25,0.9170519445199892,57.96152837199834,0.0039,0.9961
2018-04-18,87.49,0.0287,0.2775805510070088,15.6,0.9122926298613,58.57406707871238,0.0034,0.9966
2018-04-19,89.41,0.0292,0.2813654152625461,15.96,0.9073973347837913,56.7243395002391,0.0047,0.9953
2018-04-20,89.21,0.0296,0.28010811278324615,16.88,0.8948871362523797,56.83902632861544,0.0046,0.9954
2018-04-23,88.78,0.0298,0.28025252863122047,16.34,0.9022300788686428,57.213605131878424,0.0045,0.9955
2018-04-24,88.37,0.03,0.28010690195170906,18.02,0.879385368506935,57.56907137192676,0.0043,0.9957
2018-04-25,88.03,0.030299999999999997,0.2801832946614813,17.84,0.8818330160456894,57.855029801263846,0.0039,0.9961
2018-04-26,88.12,0.03,0.27961052314798585,16.24,0.9035898830568398,57.806619556054756,0.0039,0.9961
2018-04-27,87.56,0.0296,0.2796322549233625,15.41,0.914876257818874,58.39758564451651,0.0036,0.9964
2018-04-30,87.06,0.029500000000000002,0.2788662028331844,15.93,0.9078052760402502,58.88033473223017,0.0034,0.9966
2018-05-01,87.06,0.0297,0.2753535485564572,15.49,0.9137884144683166,58.807577843504944,0.0027,0.9973
2018-05-02,86.37,0.0297,0.257624251502583,15.97,0.9072613543649716,59.323213479418264,0.0015,0.9985
2018-05-03,85.83,0.0294,0.25006097475988925,15.9,0.9082132172967092,59.859057728314134,0.001,0.999
2018-05-04,86.78,0.029500000000000002,0.2507434814124748,14.77,0.9235790046233342,58.92147061122204,0.0012,0.9988
2018-05-07,87.53,0.029500000000000002,0.2342391178282966,14.75,0.9238509654609736,58.11416811871885,0.0005,0.9995
2018-05-08,88.83,0.0297,0.2326255456624118,14.71,0.9243948871362524,56.806787936391515,0.001,0.999
2018-05-09,90.77,0.03,0.2347699227978216,13.42,0.9419363611639924,54.896083342292755,0.0017,0.9983
2018-05-10,91.47,0.0297,0.234950691194884,13.23,0.9445199891215664,54.26598840186773,0.0018,0.9982
2018-05-11,91.13,0.0297,0.2302889164001149,12.65,0.9524068534131084,54.54907553864759,0.0015,0.9985
2018-05-14,91.16,0.03,0.23012928672294697,12.93,0.9485994016861572,54.47619435173233,0.0015,0.9985
2018-05-15,90.46,0.0308,0.2301981933692951,14.63,0.9254827304868098,55.047383666745034,0.0012,0.9988
2018-05-16,90.71,0.030899999999999997,0.23027014732914872,13.42,0.9419363611639924,54.78869052178813,0.0013,0.9987
2018-05-17,90.41,0.0311,0.23019197968684207,13.43,0.9418003807451728,55.053044024810184,0.0012,0.9988
2018-05-18,88.94,0.030600000000000002,0.23253187216879395,13.42,0.9419363611639924,56.56984868561854,0.001,0.999
2018-05-21,89.76,0.030600000000000002,0.22944787905462438,13.08,0.946559695403862,55.75517862882372,0.001,0.999
2018-05-22,90.45,0.030600000000000002,0.2284814528328967,13.22,0.9446559695403862,55.07833984440993,0.001,0.999
2018-05-23,90.03,0.0301,0.22742565458198102,12.58,0.9533587163448464,55.55349038629464,0.001,0.999
2018-05-24,89.02,0.0298,0.2262911209246647,12.53,0.9540386184389448,56.579217836475664,0.0005,0.9995
2018-05-25,88.57,0.029300000000000003,0.22359654912381732,13.22,0.9446559695403862,57.08154398176852,0.0003,0.9997
2018-05-29,84.78,0.0277,0.24001147372415124,17.02,0.892983410388904,61.09298028717111,0.0003,0.9997
2018-05-30,86.72,0.028399999999999998,0.24269137805093294,14.94,0.9212673375033996,59.10447578705718,0.0008,0.9992
2018-05-31,85.65,0.028300000000000002,0.24381008364326853,15.43,0.9146042969812348,60.16676848891035,0.0005,0.9995
2018-06-01,86.76,0.028900000000000002,0.24541294459639365,13.46,0.9413924394887137,59.00181205857135,0.001,0.999
2018-06-04,86.8,0.0294,0.24541921612562795,12.74,0.9511830296437312,58.891060013782244,0.001,0.999
2018-06-05,86.31,0.0292,0.23775378649770237,12.4,0.9558063638836009,59.37208218535497,0.0004,0.9996
2018-06-06,88.33,0.0297,0.2430393517938376,11.64,0.9661408757138972,57.34296724559161,0.0013,0.9987
2018-06-07,88.68,0.029300000000000003,0.24212488814626995,12.13,0.9594778351917324,57.055466583367284,0.0013,0.9987
2018-06-08,88.93,0.029300000000000003,0.24122040364578287,12.18,0.958797933097634,56.807009917765086,0.0014,0.9986
2018-06-11,88.7,0.0296,0.24118668415605168,12.35,0.9564862659776991,56.98771317126367,0.0013,0.9987
2018-06-12,88.19,0.0296,0.2413840376705429,12.34,0.9566222463965188,57.48612427459252,0.0011,0.9989
2018-06-13,88.01,0.0298,0.24091774004674402,12.94,0.9484634212673376,57.6327262661073,0.001,0.999
2018-06-14,86.46,0.0294,0.24343624591099958,12.12,0.959613815610552,59.21807372291637,0.0008,0.9992
2018-06-15,86.36,0.029300000000000003,0.24341248394139886,11.98,0.9615175414740278,59.3276578468363,0.0007,0.9993
2018-06-18,86.58,0.0292,0.2279990582461458,12.31,0.957030187652978,59.067573910636945,0.0003,0.9997
2018-06-19,86.08,0.028900000000000002,0.22149179547853814,13.35,0.9428882240957304,59.58954522114762,0.0001,0.9999
2018-06-20,86.07,0.029300000000000003,0.2121122900497624,12.79,0.9505031275496328,59.525521990792036,0.0001,0.9999
2018-06-21,86.05,0.028999999999999998,0.2083436088284937,14.64,0.9253467500679902,59.584078053684394,0.0001,0.9999
2018-06-22,84.64,0.028999999999999998,0.21103454644086916,13.77,0.9371770465053032,60.98875960562714,0.0001,0.9999
2018-06-25,83.87,0.0287,0.20825617852796438,17.33,0.8887680174054936,61.795659485664196,0.0001,0.9999
2018-06-26,83.92,0.0288,0.20459960419227632,15.92,0.90794125645907,61.72845145638222,0.0001,0.9999
2018-06-27,82.63,0.028300000000000002,0.20476392757187897,17.91,0.8808811531139515,63.0873211744729,0.0,1.0
2018-06-28,83.98,0.028399999999999998,0.20516894251147003,16.85,0.8952950775088387,61.727205725537054,0.0001,0.9999
2018-06-29,83.4,0.0285,0.20347527650879266,16.09,0.9056295893391352,62.28966724168698,0.0,1.0
2018-07-02,84.1,0.0287,0.19821304956295943,15.6,0.9122926298613,61.56029198421245,0.0,1.0
2018-07-03,82.92,0.028300000000000002,0.19834665431213375,16.14,0.9049496872450368,62.79614414694137,0.0,1.0
2018-07-05,83.46,0.028399999999999998,0.1945327282472779,14.97,0.9208593962469404,62.24172915855596,0.0,1.0
2018-07-06,83.74,0.0282,0.19196605497303998,13.37,0.9426162632580908,61.99086990681257,0.0,1.0
2018-07-09,86.33,0.0286,0.195745166275233,12.69,0.9518629317378298,59.350777433714036,0.0001,0.9999
2018-07-10,85.8,0.0287,0.1882601829053105,12.64,0.9525428338319282,59.86096030143653,0.0,1.0
2018-07-11,85.61,0.0285,0.18829521348817976,13.63,0.9390807723687788,60.079700559978185,0.0,1.0
2018-07-12,85.98,0.0285,0.1885454510262192,12.58,0.9533587163448464,59.710505467619654,0.0,1.0
2018-07-13,85.59,0.028300000000000002,0.18805008057994918,12.18,0.958797933097634,60.12871809047101,0.0,1.0
2018-07-16,88.98,0.0285,0.2000720404792767,12.83,0.949959205874354,56.734921407757234,0.0001,0.9999
2018-07-17,88.92,0.0286,0.2000231243234095,12.06,0.9604296981234702,56.779949281539416,0.0001,0.9999
2018-07-18,89.75,0.0288,0.20066149877623882,12.1,0.9598857764481916,55.92834630983046,0.0001,0.9999
2018-07-19,88.43,0.028399999999999998,0.20276333876159322,12.87,0.9494152841990754,57.2993901175773,0.0001,0.9999
2018-07-20,89.55,0.028900000000000002,0.20421213006230798,12.86,0.9495512646178952,56.11922714281527,0.0001,0.9999
2018-07-23,91.21,0.0296,0.207579214151546,12.62,0.9528147946695676,54.38782268406756,0.0003,0.9997
2018-07-24,91.86,0.029500000000000002,0.20747235283762716,12.41,0.9556703834647812,53.762666274711,0.0003,0.9997
2018-07-25,92.68,0.0294,0.20765396131657152,12.29,0.9573021484906172,52.97387844039128,0.0005,0.9995
2018-07-26,92.42,0.0298,0.20779853947988705,12.14,0.9593418547729128,53.171837808761026,0.0005,0.9995
2018-07-27,93.37,0.0296,0.20777784520159437,13.03,0.9472395974979604,52.27338794011906,0.0008,0.9992
2018-07-30,93.93,0.0298,0.2073712348354464,14.26,0.9305140059831384,51.69229669596551,0.001,0.999
2018-07-31,92.5,0.0296,0.20922945096177067,12.83,0.949959205874354,53.128089431014786,0.0005,0.9995
2018-08-01,93.07,0.03,0.20891156750194753,13.15,0.945607832472124,52.51456302378639,0.0008,0.9992
2018-08-02,93.47,0.0298,0.20705745194111733,12.19,0.9586619526788144,52.143569486643514,0.0008,0.9992
2018-08-03,94.22,0.029500000000000002,0.20299520904384766,11.64,0.9661408757138972,51.43236771069666,0.0007,0.9993
2018-08-06,94.25,0.0294,0.20246958766532105,11.27,0.9711721512102256,51.415018505418544,0.0007,0.9993
2018-08-07,94.59,0.0298,0.2023621891914941,10.93,0.9757954854500952,51.02652637169798,0.0008,0.9992
2018-08-08,94.79,0.0296,0.2023812468264529,10.85,0.9768833288006528,50.85662763978917,0.001,0.999
2018-08-09,94.05,0.029300000000000003,0.20240411972667702,11.27,0.9711721512102256,51.62497453345789,0.0007,0.9993
2018-08-10,93.13,0.0287,0.20349545635461963,13.16,0.9454718520533044,52.621036442455676,0.0004,0.9996
2018-08-13,91.65,0.0288,0.20612363114571525,14.78,0.9234430242045144,54.06541962165529,0.0003,0.9997
2018-08-14,92.26,0.028900000000000002,0.20359020968127825,13.31,0.943432145771009,53.44235758918179,0.0003,0.9997
2018-08-15,91.49,0.0286,0.20363021544828702,14.64,0.9253467500679902,54.243711909606304,0.0003,0.9997
2018-08-16,92.35,0.0287,0.20392209024688351,13.45,0.9415284199075332,53.383822324613774,0.0003,0.9997
2018-08-17,92.35,0.0287,0.20365075316020265,12.64,0.9525428338319282,53.38288809857331,0.0003,0.9997
2018-08-20,92.23,0.0282,0.2022214156154149,12.49,0.9545825401142236,53.56824597033402,0.0003,0.9997
2018-08-21,92.8,0.0285,0.20217362843465952,12.86,0.9495512646178952,52.96404836869333,0.0003,0.9997
2018-08-22,92.52,0.0282,0.1807988816382886,12.25,0.957846070165896,53.23600008152734,0.0001,0.9999
2018-08-23,92.32,0.0282,0.17536347514431094,12.41,0.9556703834647812,53.428680918638044,0.0001,0.9999
2018-08-24,92.28,0.0282,0.1731491715330867,11.99,0.961381561055208,53.466364345469906,0.0001,0.9999
2018-08-27,93.92,0.0285,0.17480603520026874,12.16,0.9590698939352732,51.793460998602214,0.0001,0.9999
2018-08-28,93.46,0.0288,0.17527094819376884,12.5,0.9544465596954038,52.20773895843545,0.0001,0.9999
2018-08-29,93.15,0.028900000000000002,0.1749419739069216,12.25,0.957846070165896,52.50102657507242,0.0001,0.9999
2018-08-30,92.69,0.0286,0.1692170993043333,13.53,0.9404405765569758,52.99672127273485,0.0001,0.9999
2018-08-31,92.2,0.0286,0.16955380180995447,12.86,0.9495512646178952,53.48493741949184,0.0001,0.9999
2018-09-04,92.66,0.028999999999999998,0.16972762346743284,13.16,0.9454718520533044,52.96890491756826,0.0001,0.9999
2018-09-05,92.21,0.028999999999999998,0.16998127157329346,13.91,0.9352733206418276,53.41718472902856,0.0001,0.9999
2018-09-06,91.82,0.0288,0.16976319307521098,14.65,0.9252107696491704,53.83454652578784,0.0,1.0
2018-09-07,91.99,0.0294,0.16967938504612082,14.88,0.9220832200163176,53.57801439471243,0.0001,0.9999
2018-09-10,91.5,0.0294,0.16581165910941217,14.16,0.9318738101713352,54.06488518762137,0.0,1.0
2018-09-11,92.08,0.0298,0.16610693733654777,13.22,0.9446559695403862,53.42822841000177,0.0,1.0
2018-09-12,91.0,0.0297,0.16814815754616563,13.14,0.9457438128909436,54.52087190981264,0.0,1.0
2018-09-13,91.35,0.0297,0.167675938016821,12.37,0.9562143051400598,54.17150518301229,0.0,1.0
2018-09-14,91.33,0.029900000000000003,0.167679110652675,12.07,0.9602937177046506,54.16240091100823,0.0,1.0
2018-09-17,91.61,0.029900000000000003,0.16770814896454228,13.68,0.9384008702746804,53.883108877056834,0.0,1.0
2018-09-18,91.98,0.0305,0.1637911494872627,12.79,0.9505031275496328,53.425533762726154,0.0,1.0
2018-09-19,94.65,0.0308,0.17175843531490578,11.75,0.9646450911068806,50.73061104252808,0.0001,0.9999
2018-09-20,95.46,0.030699999999999998,0.1722401124085615,11.8,0.9639651890127822,49.94113085434006,0.0001,0.9999
2018-09-21,94.83,0.030699999999999998,0.16932979084029984,11.68,0.9655969540386184,50.56314906926434,0.0001,0.9999
2018-09-24,93.92,0.0308,0.1685207925698324,12.2,0.9585259722599946,51.452649462432504,0.0001,0.9999
2018-09-25,93.66,0.031,0.1678068395185878,12.42,0.9555344030459614,51.681677191292806,0.0001,0.9999
2018-09-26,92.56,0.030600000000000002,0.16959025050795382,12.89,0.949143323361436,52.83617935248586,0.0001,0.9999
2018-09-27,92.15,0.030600000000000002,0.16691780422586758,12.41,0.9556703834647812,53.24265580762441,0.0,1.0
2018-09-28,90.8,0.0305,0.16998007643418847,12.12,0.959613815610552,54.60478404524071,0.0,1.0
2018-10-01,91.33,0.030899999999999997,0.17017415764027052,12.0,0.9612455806363884,54.01828271381182,0.0,1.0
2018-10-02,91.71,0.0305,0.15887109572252328,12.05,0.96056567854229,53.69413508749842,0.0,1.0
2018-10-03,92.57,0.0315,0.159051563963821,11.61,0.9665488169703564,52.690430085424936,0.0,1.0
2018-10-04,93.41,0.0319,0.15966283313844992,14.22,0.9310579276584172,51.79439952032241,0.0,1.0
2018-10-05,92.88,0.0323,0.1602224224465927,14.82,0.9228991025292358,52.26534199904998,0.0,1.0
2018-10-08,93.45,0.0323,0.16004435745091905,15.69,0.9110688060919228,51.696689946940346,0.0,1.0
2018-10-09,92.8,0.0321,0.13988804160973675,15.95,0.9075333152026108,52.3743837354541,0.0,1.0
2018-10-10,90.33,0.0322,0.1506930764023007,22.96,0.8122110416100081,54.826539207722575,0.0,1.0
2018-10-11,87.62,0.031400000000000004,0.16178217093568262,24.98,0.7847429970084308,57.64948908643898,0.0,1.0
2018-10-12,86.66,0.0315,0.16053807591377214,21.31,0.8346478107152571,58.59504638455608,0.0,1.0
2018-10-15,86.17,0.0316,0.1586037383194164,21.3,0.8347837911340766,59.07114133687553,0.0,1.0
2018-10-16,88.02,0.0316,0.16021976169796207,17.62,0.8848245852597225,57.22088214045777,0.0,1.0
2018-10-17,89.0,0.0319,0.16124629512977415,17.4,0.8878161544737558,56.19777740055721,0.0,1.0
2018-10-18,87.59,0.0317,0.1630570900292061,20.06,0.8516453630677183,57.63564243045647,0.0,1.0
2018-10-19,87.44,0.032,0.16301760958182754,19.89,0.8539570301876529,57.7420581079517,0.0,1.0
2018-10-22,86.19,0.032,0.16361696879293644,19.64,0.8573565406581451,58.99161440174956,0.0,1.0
2018-10-23,85.29,0.0317,0.1639619929999492,20.71,0.8428066358444384,59.935080646747465,0.0,1.0
2018-10-24,83.7,0.031,0.16532318115854697,25.23,0.7813434865379385,61.62655374594282,0.0,1.0
2018-10-25,84.97,0.031400000000000004,0.16814031736697838,24.22,0.7950775088387272,60.29750762225133,0.0,1.0
2018-10-26,83.8,0.0308,0.1695680969161193,24.16,0.7958933913516454,61.554356511259485,0.0,1.0
2018-10-29,84.96,0.0308,0.17141163002736806,24.7,0.788550448735382,60.394026396516104,0.0,1.0
2018-10-30,86.46,0.031200000000000002,0.17589238069264093,23.35,0.8069078052760402,58.836794144258334,0.0,1.0
2018-10-31,88.34,0.0315,0.18191158759263298,21.23,0.8357356540658145,56.918108966901386,0.0,1.0
2018-11-01,88.31,0.031400000000000004,0.1817973558345853,19.34,0.8614359532227359,56.96246153348882,0.0,1.0
2018-11-02,87.82,0.0322,0.1815010031846889,19.51,0.8591242861028012,57.33505172557804,0.0,1.0
2018-11-05,88.4,0.032,0.18125095155696064,19.96,0.8530051672559151,56.78548122111873,0.0,1.0
2018-11-06,88.81,0.0322,0.1788187518015086,19.91,0.8536850693500135,56.34655680872689,0.0,1.0
2018-11-07,90.34,0.0322,0.18190213162982793,16.36,0.9019581180310036,54.82520715639546,0.0001,0.9999
2018-11-08,91.06,0.032400000000000005,0.18188752634677569,16.72,0.8970628229534947,54.080078796307134,0.0001,0.9999
2018-11-09,90.18,0.0319,0.1818692558458955,17.36,0.8883600761490346,55.027787085800966,0.0001,0.9999
2018-11-12,88.29,0.0319,0.18671330138178294,20.45,0.8463421267337503,56.913306212204745,0.0001,0.9999
2018-11-13,88.8,0.031400000000000004,0.1871757456907673,20.02,0.852189284742997,56.478457926445174,0.0001,0.9999
2018-11-14,86.97,0.031200000000000002,0.19106448564393724,21.25,0.8354636932281752,58.33249471170746,0.0001,0.9999
2018-11-15,89.19,0.0311,0.1985898363790762,19.98,0.8527332064182758,56.147524857997944,0.0001,0.9999
2018-11-16,89.13,0.0308,0.19856114679855014,18.14,0.8777536034810987,56.250495213471304,0.0001,0.9999
2018-11-19,89.81,0.030600000000000002,0.1992605476616771,20.1,0.8511014413924395,55.60572417921043,0.0001,0.9999
2018-11-20,87.88,0.030600000000000002,0.2002319836031727,22.48,0.8187381017133533,57.5235433084734,0.0001,0.9999
2018-11-21,87.22,0.030600000000000002,0.20051895275516854,20.8,0.8415828120750611,58.17983999791882,0.0001,0.9999
2018-11-23,86.42,0.0305,0.20115691692701942,21.52,0.8317922219200435,58.99050278155869,0.0001,0.9999
2018-11-26,88.54,0.030699999999999998,0.20775715173723056,18.9,0.8674190916508023,56.865960576272485,0.0001,0.9999
2018-11-27,88.91,0.030600000000000002,0.20776616174726004,19.02,0.865787326624966,56.51440185552888,0.0001,0.9999
2018-11-28,89.9,0.030600000000000002,0.20884132133157335,18.49,0.8729942888224096,55.54021422860767,0.0002,0.9998
2018-11-29,89.19,0.030299999999999997,0.20921001440387277,18.79,0.8689148762578189,56.284340296406555,0.0001,0.9999
2018-11-30,90.1,0.0301,0.21019063941728283,18.07,0.8787054664128365,55.41679049249992,0.0003,0.9997
2018-12-03,90.95,0.0298,0.21108370919692945,16.44,0.900870274680446,54.626697028943184,0.0003,0.9997
2018-12-04,86.89,0.0291,0.22978680358219095,20.74,0.8423986945879793,58.782690497080736,0.0003,0.9997
2018-12-06,85.24,0.0287,0.23229493576115437,21.19,0.8362795757410932,60.47241599602001,0.0003,0.9997
2018-12-07,83.7,0.0285,0.233881916854445,23.23,0.8085395703018765,62.028122746296845,0.0001,0.9999
2018-12-10,82.14,0.0285,0.2363014492666759,22.64,0.8165624150122383,63.57734675615975,0.0001,0.9999
2018-12-11,81.33,0.028900000000000002,0.2368758003999712,21.76,0.828528691868371,64.32407902236011,0.0001,0.9999
2018-12-12,81.86,0.0291,0.23728509160128686,21.46,0.8326081044329616,63.76960756171167,0.0001,0.9999
2018-12-13,81.94,0.0291,0.2370481673649801,20.65,0.8436225183573566,63.689885508562604,0.0001,0.9999
2018-12-14,81.27,0.028900000000000002,0.22848013565838388,21.63,0.8302964373130269,64.37300218829654,0.0001,0.9999
2018-12-17,80.23,0.0286,0.228283240380991,24.52,0.7909980962741365,65.4505147492085,0.0001,0.9999
2018-12-18,79.85,0.0282,0.22818236223355498,25.58,0.7765841718792493,65.88663398939553,0.0001,0.9999
2018-12-19,78.84,0.0277,0.2286582697565904,25.58,0.7765841718792493,66.96519491106059,0.0001,0.9999
2018-12-20,78.16,0.0279,0.22896849261333738,28.38,0.7385096546097363,67.61387286625751,0.0001,0.9999
2018-12-21,76.31,0.0279,0.2322153585247598,30.11,0.7149850421539298,69.46041203758007,0.0,1.0
2018-12-24,74.66,0.0274,0.2352865241116547,36.07,0.6339407125373946,71.18083799206123,0.0,1.0
2018-12-26,77.76,0.0281,0.2514166368690497,30.41,0.7109056295893391,68.00426540359855,0.0001,0.9999
2018-12-27,78.63,0.0277,0.2524078775978407,29.96,0.7170247484362251,67.19997828893827,0.0001,0.9999
2018-12-28,78.46,0.027200000000000002,0.2520417135380175,28.34,0.739053576285015,67.44085940590357,0.0001,0.9999
2018-12-31,79.1,0.0269,0.25180893658206843,25.42,0.7787598585803643,66.84893031422236,0.0001,0.9999
2019-01-02,80.47,0.026600000000000002,0.25398445074074255,23.22,0.8086755507206962,65.54068818564508,0.0001,0.9999
2019-01-03,79.33,0.0256,0.2550524370073162,25.45,0.7783519173239054,66.81513097440612,0.0001,0.9999
2019-01-04,82.25,0.026699999999999998,0.2669552908908535,21.38,0.8336959477835192,63.82228524533007,0.0008,0.9992
2019-01-07,82.31,0.027000000000000003,0.266808852597412,21.4,0.8334239869458798,63.71981071485114,0.0008,0.9992
2019-01-08,82.16,0.0273,0.2617730846817472,20.47,0.846070165896111,63.799584426021404,0.0005,0.9995
2019-01-09,82.02,0.0274,0.2549225855008954,19.98,0.8527332064182758,63.89769723876628,0.0003,0.9997
2019-01-10,82.01,0.0274,0.2540759904735803,19.5,0.8592602665216209,63.904857088313996,0.0003,0.9997
2019-01-11,81.62,0.0271,0.25400920927393883,18.19,0.8770737013870002,64.33183946855382,0.0003,0.9997
2019-01-14,82.46,0.0271,0.2508409672060888,19.07,0.8651074245308675,63.49565100295185,0.0003,0.9997
2019-01-15,83.06,0.027200000000000002,0.25016998923028577,18.6,0.871498504215393,62.88901344574945,0.0003,0.9997
2019-01-16,83.73,0.0273,0.2489182415397925,19.04,0.8655153657873267,62.21206755182133,0.0003,0.9997
2019-01-17,84.08,0.0275,0.24910166697134917,18.06,0.8788414468316562,61.84018349887114,0.0003,0.9997
2019-01-18,85.44,0.0279,0.24973706584283548,17.8,0.8823769377209681,60.45826131276698,0.0008,0.9992
2019-01-22,84.09,0.0274,0.25093042617392886,20.8,0.8415828120750611,61.85811720975708,0.0004,0.9996
2019-01-23,83.88,0.0276,0.24800283491591663,19.52,0.8589883056839815,62.01830315655126,0.0003,0.9997
2019-01-24,83.93,0.027200000000000002,0.24602408220203775,18.89,0.8675550720696219,62.02033184012294,0.0003,0.9997
2019-01-25,84.46,0.0276,0.2446928553058064,17.42,0.8875441936361164,61.437348518620944,0.0003,0.9997
2019-01-28,84.86,0.0275,0.24323923662579786,18.87,0.8678270329072613,61.05393637077932,0.0003,0.9997
2019-01-29,85.1,0.027200000000000002,0.24055059636818296,19.13,0.8642915420179494,60.852336090477266,0.0003,0.9997
2019-01-30,85.29,0.027000000000000003,0.2362500790155229,17.66,0.8842806635844438,60.68056820220635,0.0003,0.9997
2019-01-31,84.55,0.0263,0.2368464655315045,16.57,0.89910252923579,61.512459738832035,0.0003,0.9997
2019-02-01,84.86,0.027000000000000003,0.2367795873554819,16.14,0.9049496872450368,61.105499756072604,0.0003,0.9997
2019-02-04,85.16,0.0273,0.23647171257636593,15.73,0.910524884416644,60.765812557048804,0.0003,0.9997
2019-02-05,84.79,0.0271,0.23635250501518573,15.57,0.912700571117759,61.15874783832612,0.0003,0.9997
2019-02-06,84.75,0.027000000000000003,0.23339510194655996,15.38,0.9152841990753332,61.20672909635872,0.0001,0.9999
2019-02-07,83.64,0.0265,0.23394592278671317,16.37,0.9018221376121838,62.377479094141236,0.0001,0.9999
2019-02-08,82.8,0.0263,0.23400503065326933,15.72,0.9106608648354636,63.238558802946294,0.0001,0.9999
2019-02-11,82.41,0.0265,0.2305228474284966,15.97,0.9072613543649716,63.59172300089756,0.0001,0.9999
2019-02-12,83.82,0.0268,0.23311064040492252,15.43,0.9146042969812348,62.15414439332483,0.0001,0.9999
2019-02-13,84.22,0.0271,0.22970311080843644,15.65,0.9116127277672016,61.70778480701411,0.0001,0.9999
2019-02-14,83.67,0.026600000000000002,0.2235420946401778,16.22,0.9038618438944792,62.31656302050493,0.0001,0.9999
2019-02-15,86.23,0.026600000000000002,0.2327148435231178,14.91,0.9216752787598586,59.80241769216423,0.0003,0.9997
2019-02-19,85.92,0.0265,0.23218762471790824,14.88,0.9220832200163176,60.12032122173491,0.0003,0.9997
2019-02-20,86.34,0.0265,0.22832806744362022,14.02,0.933777536034811,59.69523464883948,0.0003,0.9997
2019-02-21,86.16,0.0269,0.22785568329749586,14.46,0.9277943976067446,59.81623997367639,0.0002,0.9998
2019-02-22,85.78,0.0265,0.22725431344422756,13.51,0.9407125373946152,60.24693184770639,0.0001,0.9999
2019-02-25,86.67,0.026699999999999998,0.2225238899858144,14.85,0.9224911612727767,59.32729862554103,0.0001,0.9999
2019-02-26,86.01,0.0264,0.22283168383578922,15.17,0.9181397878705466,60.02397678176032,0.0001,0.9999
2019-02-27,85.91,0.0269,0.22152093354806388,14.7,0.924530867555072,60.04756843393996,0.0001,0.9999
2019-02-28,85.25,0.0273,0.22149134160075584,14.78,0.9234430242045144,60.643261641995025,0.0001,0.9999
2019-03-01,85.31,0.0276,0.2203546034837844,13.57,0.939896654881697,60.53840005357887,0.0001,0.9999
2019-03-04,85.11,0.027200000000000002,0.2193343732682737,14.63,0.9254827304868098,60.79354915354536,0.0001,0.9999
2019-03-05,85.05,0.027200000000000002,0.1996014165912806,14.74,0.9239869458797934,60.832092496799255,0.0001,0.9999
2019-03-06,84.73,0.0269,0.19591030094069528,15.74,0.9103889039978244,61.193040898328626,0.0,1.0
2019-03-07,84.12,0.0264,0.19287840163091166,16.59,0.8988305683981507,61.873952720104924,0.0,1.0
2019-03-08,84.15,0.0262,0.18885980133060112,16.05,0.906173511014414,61.872576181219166,0.0,1.0
2019-03-11,85.24,0.0264,0.18931528658967783,14.33,0.9295621430514006,60.75519875210114,0.0,1.0
2019-03-12,84.99,0.026099999999999998,0.18909803628227714,13.77,0.9371770465053032,61.04846804549701,0.0,1.0
2019-03-13,85.28,0.026099999999999998,0.18917940023722338,13.41,0.942072341582812,60.75900113583747,0.0,1.0
2019-03-14,86.05,0.0263,0.18900354958628934,13.5,0.9408485178134348,59.961257361408606,0.0,1.0
2019-03-15,87.04,0.0259,0.18797349214386858,12.88,0.9492793037802556,59.03153392651721,0.0,1.0
2019-03-18,87.56,0.026000000000000002,0.18775496898173638,13.1,0.9462877345662224,58.49843352439723,0.0001,0.9999
2019-03-19,87.25,0.026099999999999998,0.1857183055412913,13.56,0.9400326353005168,58.79205709361142,0.0,1.0
2019-03-20,85.38,0.0254,0.19056796700272988,13.91,0.9352733206418276,60.76164099240942,0.0,1.0
2019-03-21,84.04,0.0254,0.18672339511129307,13.63,0.9390807723687788,62.09913486998882,0.0,1.0
2019-03-22,81.5,0.024399999999999998,0.19206324543513006,16.48,0.9003263530051673,64.7828207675831,0.0,1.0
2019-03-25,80.82,0.024300000000000002,0.1740635957684406,16.33,0.9023660592874626,65.48187414195442,0.0,1.0
2019-03-26,81.63,0.0241,0.17377975119539632,14.68,0.9248028283927114,64.70075457966058,0.0,1.0
2019-03-27,81.35,0.0239,0.17388782000993439,15.15,0.918411748708186,65.01015291550264,0.0,1.0
2019-03-28,82.27,0.0239,0.1745867290197813,14.43,0.9282023388632036,64.08958508915504,0.0,1.0
2019-03-29,82.7,0.0241,0.1714040121340537,13.71,0.9379929290182214,63.631178135480454,0.0,1.0
2019-04-01,85.48,0.024900000000000002,0.18159492539826405,13.4,0.9422083220016316,60.733558142517786,0.0,1.0
2019-04-02,85.89,0.0248,0.16605187106748628,13.36,0.9427522436769106,60.339976560969816,0.0,1.0
2019-04-03,86.06,0.0252,0.16607013973835008,13.74,0.9375849877617624,60.11152409891342,0.0,1.0
2019-04-04,86.89,0.025099999999999997,0.16695811703429925,13.58,0.9397606744628774,59.296161296085266,0.0,1.0
2019-04-05,86.69,0.025,0.16700376593093028,12.82,0.9500951862931738,59.510719996361004,0.0,1.0
2019-04-08,86.97,0.0252,0.16705077263742507,13.18,0.945199891215665,59.20154600178592,0.0,1.0
2019-04-09,86.33,0.025099999999999997,0.16752064314911222,14.28,0.930242045145499,59.85590837304585,0.0,1.0
2019-04-10,86.71,0.0248,0.16655592391994142,13.3,0.9435681261898288,59.520056237647616,0.0,1.0
2019-04-11,87.44,0.025099999999999997,0.16675932963754367,13.02,0.94737557791678,58.74637496796146,0.0,1.0
2019-04-12,91.54,0.0256,0.19108114096420079,12.01,0.9611096002175686,54.601305420863184,0.0001,0.9999
2019-04-15,90.5,0.0255,0.19281682282283086,12.32,0.9568942072341584,55.65126604994195,0.0001,0.9999
2019-04-16,91.45,0.026000000000000002,0.1912908901826271,12.18,0.958797933097634,54.632788317727005,0.0001,0.9999
2019-04-17,94.09,0.0259,0.19617279769952314,12.6,0.953086755507207,52.04992903805696,0.0003,0.9997
2019-04-18,93.4,0.025699999999999997,0.19689000424740885,12.09,0.9600217568670112,52.76035894261236,0.0003,0.9997
2019-04-22,93.51,0.0259,0.19687756034210063,12.42,0.9555344030459614,52.62306557174751,0.0003,0.9997
2019-04-23,93.63,0.025699999999999997,0.1966631680195571,12.28,0.957438128909437,52.53316694572536,0.0003,0.9997
2019-04-24,93.47,0.0253,0.19669491501468092,13.14,0.9457438128909436,52.74870562234562,0.0003,0.9997
2019-04-25,93.52,0.0254,0.19669421842268509,13.25,0.9442480282839272,52.684980773838014,0.0003,0.9997
2019-04-26,94.23,0.025099999999999997,0.19706849978083946,12.73,0.951319010062551,52.03103206918503,0.0003,0.9997
2019-04-29,95.59,0.0254,0.19754268512133477,13.11,0.9461517541474028,50.659088956804496,0.0008,0.9992
2019-04-30,95.53,0.025099999999999997,0.1975953919521006,13.12,0.9460157737285833,50.75936716805917,0.0007,0.9993
2019-05-01,94.8,0.0252,0.19856216392774678,14.8,0.9231710633668752,51.46326230209265,0.0005,0.9995
2019-05-02,95.0,0.0255,0.19814014381469,14.42,0.9283383192820234,51.22336628010297,0.0006,0.9994
2019-05-03,95.59,0.0254,0.19826125551737397,12.87,0.9494152841990754,50.6623529942694,0.0008,0.9992
2019-05-06,94.74,0.025099999999999997,0.19706964673275998,15.44,0.914468316562415,51.53495988437756,0.0004,0.9996
2019-05-07,93.19,0.0245,0.19915399072726594,19.32,0.8617079140603753,53.14827080611857,0.0003,0.9997
2019-05-08,92.7,0.024900000000000002,0.1992365658098882,19.4,0.8606200707098178,53.57318469714812,0.0003,0.9997
2019-05-09,92.62,0.0245,0.19682024821262312,19.1,0.8646994832744085,53.70538576419768,0.0002,0.9998
2019-05-10,92.61,0.024700000000000003,0.19675324269577982,16.04,0.9063094914332336,53.68604946255738,0.0002,0.9998
2019-05-13,90.1,0.024,0.2047646069471963,20.55,0.8449823225455534,56.28717504385335,0.0001,0.9999
2019-05-14,90.81,0.0242,0.19599482214938152,18.06,0.8788414468316562,55.5372506579798,0.0001,0.9999
2019-05-15,90.47,0.023700000000000002,0.19600978087464474,16.44,0.900870274680446,55.94763475086942,0.0001,0.9999
2019-05-16,91.63,0.024,0.1973629317538352,15.29,0.9165080228447104,54.757037950927646,0.0001,0.9999
2019-05-17,91.18,0.0239,0.19764051042054032,15.96,0.9073973347837913,55.21748357835955,0.0001,0.9999
2019-05-20,91.66,0.0241,0.19749961586921802,16.31,0.902638020125102,54.713128622085925,0.0001,0.9999
2019-05-21,91.97,0.024300000000000002,0.19662718764775833,14.95,0.9211313570845798,54.37543133072658,0.0001,0.9999
2019-05-22,91.22,0.0239,0.1967320359843792,14.75,0.9238509654609736,55.17598457162299,0.0001,0.9999
2019-05-23,89.43,0.0231,0.20120782299969503,16.92,0.8943432145771009,57.075299495274734,0.0001,0.9999
2019-05-24,90.31,0.0232,0.20127655011503628,15.85,0.9088931193908076,56.18821933616662,0.0001,0.9999
2019-05-28,89.33,0.0226,0.2027467531636065,17.5,0.8864563502855589,57.24979054225003,0.0001,0.9999
2019-05-29,89.08,0.0225,0.20277942991798678,17.9,0.8810171335327713,57.51263782914522,0.0001,0.9999
2019-05-30,88.13,0.0222,0.2041262954342031,17.3,0.8891759586619526,58.501943998721266,0.0001,0.9999
2019-05-31,87.22,0.021400000000000002,0.2051759868895895,18.71,0.8700027196083764,59.52440093854454,0.0001,0.9999
2019-06-03,87.63,0.0207,0.20470154702335627,18.86,0.8679630133260811,59.218748181997356,0.0001,0.9999
2019-06-04,90.33,0.0212,0.21375805944562362,16.97,0.8936633124830025,56.49012432359516,0.0003,0.9997
2019-06-05,90.65,0.0212,0.2124271765613391,16.09,0.9056295893391352,56.17083095140711,0.0003,0.9997
2019-06-06,90.85,0.0212,0.21227008507226217,15.93,0.9078052760402502,55.97345842720498,0.0003,0.9997
2019-06-07,89.86,0.0209,0.21365406639770126,16.3,0.9027740005439217,56.99635540402251,0.0003,0.9997
2019-06-10,90.83,0.0215,0.2139692352664888,15.94,0.9076692956214304,55.955284618731916,0.0003,0.9997
2019-06-11,91.11,0.0215,0.21289495455343965,15.99,0.906989393527332,55.67626569997148,0.0003,0.9997
2019-06-12,89.95,0.0213,0.21441795426495527,15.91,0.9080772368778895,56.85181203620105,0.0003,0.9997
2019-06-13,90.17,0.021,0.21428254141953276,15.82,0.9093010606472668,56.678407555686555,0.0003,0.9997
2019-06-14,90.4,0.0209,0.2093111874518017,15.28,0.91664400326353,56.4513856937465,0.0003,0.9997
2019-06-17,89.91,0.0209,0.206847807571828,15.35,0.9156921403317922,56.93126254852694,0.0001,0.9999
2019-06-18,91.13,0.0206,0.19769195615405435,15.15,0.918411748708186,55.74804313425069,0.0001,0.9999
2019-06-19,90.47,0.0203,0.19746007899097065,14.33,0.9295621430514006,56.44623457865082,0.0001,0.9999
2019-06-20,90.7,0.020099999999999996,0.1967488947759171,14.75,0.9238509654609736,56.24608100050491,0.0001,0.9999
2019-06-21,90.09,0.0207,0.19724065353108206,15.4,0.9150122382376936,56.76486520408191,0.0001,0.9999
2019-06-24,89.44,0.0202,0.19707048154690557,15.26,0.9169159641011696,57.48365606224478,0.0001,0.9999
2019-06-25,88.7,0.02,0.19791127657311017,16.28,0.903045961381561,58.249458912833404,0.0001,0.9999
2019-06-26,89.3,0.020499999999999997,0.18647199047400145,16.21,0.9039978243132988,57.567881342760266,0.0001,0.9999
2019-06-27,89.59,0.020099999999999996,0.18635704688880386,15.82,0.9093010606472668,57.33767202980353,0.0001,0.9999
2019-06-28,92.03,0.02,0.19408449267980946,15.08,0.919363611639924,54.937054255040586,0.0001,0.9999
2019-07-01,93.58,0.0203,0.19597487887754492,14.06,0.9332336143595322,53.364129867098484,0.0003,0.9997
2019-07-02,93.68,0.019799999999999998,0.1958311554362651,12.93,0.9485994016861572,53.33794086849585,0.0003,0.9997
2019-07-03,93.53,0.0196,0.19588517920634863,12.57,0.953494696763666,53.515147403557,0.0003,0.9997
2019-07-05,94.08,0.0204,0.19526747516781354,13.28,0.943840087027468,52.854666643949734,0.0003,0.9997
2019-07-08,93.57,0.020499999999999997,0.19568283828639946,13.96,0.9345934185477291,53.34399421903953,0.0003,0.9997
2019-07-09,93.97,0.0207,0.19522665044746576,14.09,0.9328256731030732,52.91925677386051,0.0003,0.9997
2019-07-10,93.69,0.0207,0.17066551973158925,13.03,0.9472395974979604,53.154631740995136,0.0001,0.9999
2019-07-11,94.59,0.0213,0.16987878057576933,12.93,0.9485994016861572,52.170518626930026,0.0001,0.9999
2019-07-12,95.58,0.0212,0.16987122503420568,12.39,0.9559423443024204,51.20071395981873,0.0001,0.9999
2019-07-15,94.42,0.0209,0.16150469496220074,12.68,0.9519989121566494,52.39131326418831,0.0001,0.9999
2019-07-16,95.43,0.0213,0.1621815038415886,12.86,0.9495512646178952,51.327161872306476,0.0001,0.9999
2019-07-17,94.5,0.0206,0.16350011796244815,13.97,0.9344574381289096,52.35677715418337,0.0001,0.9999
2019-07-18,95.06,0.0204,0.16390449686205671,13.53,0.9404405765569758,51.82877512294549,0.0001,0.9999
2019-07-19,94.12,0.020499999999999997,0.16518596669976968,14.45,0.9279303780255644,52.75117505967641,0.0001,0.9999
2019-07-22,94.73,0.020499999999999997,0.16569100123749178,13.53,0.9404405765569758,52.14420726030318,0.0001,0.9999
2019-07-23,96.46,0.0208,0.16911335476181,12.61,0.9529507750883872,50.38356520081194,0.0001,0.9999
2019-07-24,96.85,0.020499999999999997,0.1667672034265882,12.07,0.9602937177046506,50.03679897029585,0.0001,0.9999
2019-07-25,95.92,0.0208,0.16798394096289093,12.74,0.9511830296437312,50.918903060818714,0.0001,0.9999
2019-07-26,96.35,0.0208,0.1674271256797443,12.16,0.9590698939352732,50.49075264565117,0.0001,0.9999
2019-07-29,96.04,0.0206,0.1675404795071638,12.83,0.949959205874354,50.82832216894632,0.0001,0.9999
2019-07-30,95.82,0.0206,0.16715108516399546,13.94,0.9348653793853684,51.04658780709378,0.0001,0.9999
2019-07-31,96.16,0.0202,0.16623623268033,16.12,0.905221648082676,50.7659781895036,0.0001,0.9999
2019-08-01,93.63,0.019,0.17165803807574812,17.87,0.8814250747892303,53.46437032866386,0.0001,0.9999
2019-08-02,93.62,0.018600000000000002,0.17129089997774968,17.61,0.8849605656785423,53.53266125576046,0.0001,0.9999
2019-08-05,90.83,0.0175,0.1820053025455776,24.59,0.7900462333423987,56.4809495320175,0.0001,0.9999
2019-08-06,91.55,0.0173,0.18277731667170177,20.17,0.8501495784607016,55.79450258813126,0.0001,0.9999
2019-08-07,89.56,0.0171,0.17969948240092945,19.49,0.8593962469404406,57.80385370954619,0.0,1.0
2019-08-08,91.07,0.0172,0.18231276102313024,16.91,0.8944791949959205,56.28638418305167,0.0001,0.9999
2019-08-09,90.97,0.0174,0.18215426686774505,17.97,0.8800652706010335,56.356402667428775,0.0001,0.9999
2019-08-12,89.27,0.0165,0.18423098754568412,21.09,0.8376393799292902,58.18345782684362,0.0001,0.9999
2019-08-13,90.64,0.0168,0.18675802401637667,17.52,0.8861843894479196,56.777347415737694,0.0001,0.9999
2019-08-14,86.88,0.0159,0.20479803866059307,22.1,0.8239053576285015,60.6685404259035,0.0001,0.9999
2019-08-15,87.21,0.0152,0.20483620663541818,21.18,0.8364155561599129,60.443375918632036,0.0001,0.9999
2019-08-16,89.3,0.0155,0.21041341216793427,18.47,0.873266249660049,58.33250874235348,0.0001,0.9999
2019-08-19,90.1,0.016,0.20731415764549457,16.88,0.8948871362523797,57.460874379403705,0.0001,0.9999
2019-08-20,88.96,0.0155,0.20797457844422634,17.5,0.8864563502855589,58.66470939678318,0.0001,0.9999
2019-08-21,89.21,0.0159,0.20685821461884613,15.8,0.9095730214849062,58.3561111522992,0.0001,0.9999
2019-08-22,90.13,0.016200000000000003,0.20782686026997396,16.68,0.8976067446287734,57.40303684550744,0.0001,0.9999
2019-08-23,87.89,0.0152,0.21298830049219075,19.87,0.8542289910252924,59.77841827483254,0.0001,0.9999
2019-08-26,88.59,0.0154,0.21248283658725667,19.32,0.8617079140603753,59.05426888488848,0.0001,0.9999
2019-08-27,87.66,0.0149,0.21343395431360768,20.31,0.8482458525972261,60.051487116706674,0.0001,0.9999
2019-08-28,88.54,0.0147,0.2047335373614527,19.35,0.8612999728039162,59.194970815598055,0.0001,0.9999
2019-08-29,90.54,0.015,0.20989671465172613,17.88,0.8812890943704107,57.176842728694574,0.0003,0.9997
2019-08-30,91.07,0.015,0.21018845961770102,18.98,0.8663312483002448,56.65480904916113,0.0003,0.9997
2019-09-03,90.0,0.0147,0.2103865111363303,19.66,0.8570845798205058,57.75745235362786,0.0001,0.9999
2019-09-04,91.08,0.0147,0.21066224049516782,17.33,0.8887680174054936,56.69030152159913,0.0003,0.9997
2019-09-05,93.15,0.015700000000000002,0.21562562144858727,16.27,0.9031819418003808,54.530925747465716,0.001,0.999
2019-09-06,93.35,0.0155,0.2138865877742055,15.0,0.9204514549904814,54.356456857393766,0.001,0.999
2019-09-09,95.67,0.0163,0.2195193320949365,15.27,0.9167799836823496,52.02741308234592,0.0019,0.9981
2019-09-10,96.88,0.0172,0.220779573320265,15.2,0.9177318466140876,50.7435313095215,0.0027,0.9973
2019-09-11,97.15,0.0175,0.2203607776920401,14.61,0.9257546913244492,50.440156543017615,0.003,0.997
2019-09-12,97.75,0.0179,0.21913253034454702,14.22,0.9310579276584172,49.80716207781605,0.0034,0.9966
2019-09-13,99.67,0.019,0.22158799259426523,13.74,0.9375849877617624,47.846998804650674,0.0047,0.9953
2019-09-16,98.78,0.0184,0.22264897386710994,14.67,0.9249388088115312,48.77766244885375,0.0044,0.9956
2019-09-17,98.29,0.0181,0.22239902409213705,14.44,0.928066358444384,49.28732600448915,0.0041,0.9959
2019-09-18,99.28,0.018000000000000002,0.22231091642050255,13.95,0.9347293989665488,48.36303353718181,0.0046,0.9954
2019-09-19,98.96,0.0179,0.22156945522080096,14.05,0.933369594778352,48.666913257847455,0.0044,0.9956
2019-09-20,98.57,0.0174,0.22165637514149147,15.32,0.9161000815882512,49.11093690536878,0.0043,0.9957
2019-09-23,98.55,0.0172,0.22166918770611704,14.91,0.9216752787598586,49.15939282323274,0.0042,0.9958
2019-09-24,97.27,0.016399999999999998,0.21714929743946415,17.05,0.8925754691324449,50.455510218148646,0.0026,0.9974
2019-09-25,97.82,0.0173,0.21486500240234163,15.96,0.9073973347837913,49.779661714930064,0.0026,0.9974
2019-09-26,97.02,0.017,0.215655268344628,16.07,0.9059015501767744,50.59988363005604,0.0023,0.9977
2019-09-27,97.59,0.0169,0.21586237543303863,17.22,0.8902638020125102,50.06602444406765,0.0026,0.9974
2019-09-30,97.56,0.0168,0.2156126781487362,16.24,0.9035898830568398,50.10704923848077,0.0026,0.9974
2019-10-01,95.79,0.0165,0.21870848286784333,18.56,0.8720424258906717,51.87691590868869,0.0019,0.9981
2019-10-02,93.88,0.016,0.2225129581752929,20.56,0.8448463421267338,53.819202309221865,0.0017,0.9983
2019-10-03,93.75,0.0154,0.22244324759503803,19.12,0.864427522436769,54.03160230502382,0.0017,0.9983
2019-10-04,95.78,0.0152,0.2259824347575128,17.04,0.8927114495512646,52.130436095631346,0.0026,0.9974
2019-10-07,95.57,0.015600000000000001,0.2250392725483575,17.86,0.8815610552080501,52.2695407242275,0.0023,0.9977
2019-10-08,93.44,0.0154,0.22833371737256247,20.28,0.848653793853685,54.37123750263809,0.0018,0.9982
2019-10-09,94.12,0.0159,0.2277517113564811,18.64,0.8709545825401142,53.6392200980098,0.0019,0.9981
2019-10-10,95.44,0.0167,0.2286726913077489,17.57,0.885504487353821,52.261439753527036,0.0027,0.9973
2019-10-11,97.05,0.0176,0.23091802070533987,15.58,0.9125645906989394,50.618909694697145,0.0043,0.9957
2019-10-14,97.31,0.0176,0.22994911593570438,14.57,0.926298612999728,50.36267049068131,0.0043,0.9957
2019-10-15,100.24,0.0177,0.23747978174207535,13.54,0.940304596138156,47.72099824644431,0.0083,0.9917
2019-10-16,100.01,0.0175,0.23483927759263895,13.68,0.9384008702746804,47.91557747627685,0.0074,0.9926
2019-10-17,100.57,0.0176,0.23495523848356886,13.79,0.9369050856676638,47.39301077749446,0.0083,0.9917
2019-10-18,100.74,0.0176,0.2339705197607139,14.25,0.9306499864019582,47.221633496213165,0.0083,0.9917
2019-10-21,103.24,0.018000000000000002,0.23894922431879032,14.0,0.9340494968724504,45.016246159971885,0.0127,0.9873
2019-10-22,104.28,0.0178,0.2394366386187563,14.46,0.9277943976067446,44.1311426926489,0.0146,0.9854
2019-10-23,104.55,0.0177,0.2393167782850352,14.01,0.9339135164536306,43.90138586036939,0.0147,0.9853
2019-10-24,104.48,0.0177,0.23932369852966556,13.71,0.9379929290182214,43.963283905551314,0.0147,0.9853
2019-10-25,105.31,0.018000000000000002,0.232523972713434,12.65,0.9524068534131084,43.04555884442871,0.0146,0.9854
2019-10-28,105.72,0.018500000000000003,0.23250874916152184,13.11,0.9461517541474028,42.61374736899262,0.015,0.985
2019-10-29,105.65,0.0184,0.22288404447336668,13.2,0.9449279303780256,42.487644883468455,0.0126,0.9874
2019-10-30,105.06,0.0178,0.22322959224872602,12.33,0.9567582268153386,43.10719092918065,0.0118,0.9882
2019-10-31,104.39,0.0169,0.2183028927424083,13.22,0.9446559695403862,43.74405804204648,0.0098,0.9902
2019-11-01,106.79,0.0173,0.2203591749543897,12.3,0.9571661680717976,41.58071513172661,0.014,0.986
2019-11-04,107.65,0.0179,0.22047424978820704,12.83,0.949959205874354,40.726983310685014,0.0152,0.9848
2019-11-05,107.88,0.018600000000000002,0.21584528798336702,13.1,0.9462877345662224,40.32934529110933,0.0146,0.9854
2019-11-06,108.05,0.0181,0.21438957095111577,12.62,0.9528147946695676,40.21512285519176,0.0146,0.9854
2019-11-07,108.63,0.0192,0.1933135322773658,12.73,0.951319010062551,39.12278595161396,0.0099,0.9901
2019-11-08,108.95,0.0194,0.19332152148028944,12.07,0.9602937177046506,38.80123785556496,0.0105,0.9895
2019-11-11,108.57,0.0194,0.18922750655012213,12.69,0.9518629317378298,39.07091744340182,0.009,0.991
2019-11-12,107.93,0.0192,0.1897885414566606,12.68,0.9519989121566494,39.68914160052986,0.0078,0.9922
2019-11-13,107.36,0.018799999999999997,0.18776843831430057,13.0,0.9476475387544192,40.24065672038089,0.0066,0.9934
2019-11-14,107.46,0.0182,0.18782485737485252,13.05,0.9469676366603208,40.23241099396745,0.0066,0.9934
2019-11-15,108.24,0.0184,0.18743303665472102,12.05,0.96056567854229,39.47632060488701,0.0076,0.9924
2019-11-18,109.15,0.0181,0.17840495758110372,12.46,0.9549904813706828,38.53682466716726,0.0066,0.9934
2019-11-19,109.12,0.0179,0.17835868889179976,12.86,0.9495512646178952,38.592301628831216,0.0066,0.9934
2019-11-20,108.32,0.0173,0.1774096473123314,12.78,0.9506391079684524,39.41230873085685,0.0052,0.9948
2019-11-21,108.57,0.0177,0.17691697065367504,13.13,0.9458797933097634,39.114345698230274,0.0052,0.9948
2019-11-22,109.29,0.0177,0.1725177130962855,12.34,0.9566222463965188,38.38076803665969,0.0052,0.9948
2019-11-25,109.88,0.0176,0.17249031667838208,11.87,0.9630133260810444,37.83767962896782,0.006,0.994
2019-11-26,110.03,0.0174,0.16970981337447566,11.54,0.967500679902094,37.69051161539466,0.0056,0.9944
2019-11-27,110.35,0.0177,0.16876461471817056,11.75,0.9646450911068806,37.334050721692165,0.0058,0.9942
2019-11-29,110.1,0.0178,0.1641601770294391,12.62,0.9528147946695676,37.49564256617984,0.0046,0.9954
2019-12-02,109.86,0.0183,0.16447766397056776,14.91,0.9216752787598586,37.65452789931989,0.0045,0.9955
2019-12-03,108.45,0.0172,0.1609631515281754,15.96,0.9073973347837913,39.12320305820439,0.0026,0.9974
2019-12-04,110.59,0.0177,0.16357191128715498,14.8,0.9231710633668752,37.0421896734954,0.0048,0.9952
2019-12-05,111.19,0.018000000000000002,0.16369751906879176,14.52,0.9269785150938264,36.43628845797958,0.0057,0.9943
2019-12-06,112.84,0.0184,0.16552534163937535,13.62,0.9392167527875986,34.880874075362144,0.0088,0.9912
2019-12-09,112.32,0.0183,0.16219401226533534,15.86,0.908757138971988,35.31762010782605,0.0067,0.9933
2019-12-10,112.39,0.018500000000000003,0.16060714224540953,15.68,0.9112047865107424,35.20133377450361,0.0066,0.9934
2019-12-11,112.12,0.0179,0.16020480575940996,14.99,0.9205874354093012,35.52837181613245,0.006,0.994
2019-12-12,115.33,0.019,0.16838241118439856,13.94,0.9348653793853684,32.613383067928815,0.0143,0.9857
2019-12-13,114.32,0.0182,0.16957145259272433,12.63,0.952678814250748,33.65153852268887,0.0125,0.9875
2019-12-16,114.77,0.0189,0.1690684305791385,12.14,0.9593418547729128,33.1463614031107,0.0137,0.9863
2019-12-17,115.47,0.0189,0.16911632215215933,12.29,0.9573021484906172,32.51351681030442,0.0147,0.9853
2019-12-18,115.35,0.0192,0.16612846333297443,12.58,0.9533587163448464,32.52033072776466,0.0138,0.9862
2019-12-19,114.77,0.0192,0.16681280668341222,12.5,0.9544465596954038,33.05261666815372,0.0125,0.9875
2019-12-20,114.68,0.0192,0.16543189056957194,12.51,0.954310579276584,33.10350887888477,0.0122,0.9878
2019-12-23,114.65,0.019299999999999998,0.16542971326093378,12.61,0.9529507750883872,33.117922289931585,0.012,0.988
2019-12-24,114.97,0.019,0.1653076021145566,12.67,0.9521348925754692,32.8633989756154,0.0124,0.9876
2019-12-26,116.19,0.019,0.1601769060506039,12.65,0.9524068534131084,31.668519710707606,0.0137,0.9863
2019-12-27,116.27,0.018799999999999997,0.15281863323952488,13.43,0.9418003807451728,31.467067512906272,0.011,0.989
2019-12-30,115.84,0.019,0.15321506487607384,14.82,0.9228991025292358,31.835361240881333,0.0103,0.9897
2019-12-31,116.49,0.0192,0.14858908926104686,13.78,0.9370410660864836,31.130741762248473,0.0098,0.9902
2020-01-02,117.9,0.018799999999999997,0.14921489299484283,12.47,0.954854500951863,29.919341306973475,0.0125,0.9875
2020-01-03,116.34,0.018000000000000002,0.14356490162584168,14.02,0.933777536034811,31.334578342123283,0.0075,0.9925
2020-01-06,116.25,0.0181,0.14365608850554284,13.85,0.9360892031547458,31.402754928314447,0.0074,0.9926
2020-01-07,114.27,0.0183,0.14803151574632065,13.79,0.9369050856676638,33.28914748887464,0.0058,0.9942
2020-01-08,115.17,0.0187,0.14557206560566813,13.45,0.9415284199075332,32.35395361423659,0.0064,0.9936
2020-01-09,115.59,0.018500000000000003,0.1455793546681434,12.54,0.9539026380201252,31.993375602504027,0.0069,0.9931
2020-01-10,114.43,0.0183,0.13651330990530838,12.56,0.9536306771824856,33.00548021762842,0.0035,0.9965
2020-01-13,115.38,0.018500000000000003,0.1367353576373463,12.32,0.9568942072341584,32.06618992831749,0.0045,0.9955
2020-01-14,116.73,0.0182,0.13790759152194312,12.39,0.9559423443024204,30.85299685624421,0.0064,0.9936
2020-01-15,114.98,0.0179,0.14249937125626758,12.42,0.9555344030459614,32.60144667638284,0.005,0.995
2020-01-16,115.43,0.0181,0.13457678856570637,12.32,0.9568942072341584,32.052431578243755,0.0041,0.9959
2020-01-17,116.23,0.0184,0.1339136703859787,12.1,0.9598857764481916,31.24124122117249,0.0046,0.9954
2020-01-21,115.08,0.0178,0.13604404110193258,12.85,0.9496872450367148,32.44479621277152,0.0041,0.9959
2020-01-22,114.95,0.0177,0.1360806175281986,12.91,0.9488713625237966,32.58510256405059,0.0039,0.9961
2020-01-23,114.83,0.0174,0.13554466971855922,12.98,0.9479194995920588,32.739460154366654,0.0036,0.9964
2020-01-24,111.98,0.017,0.14574897429202754,14.56,0.9264345934185476,35.62355665514806,0.0031,0.9969
2020-01-27,111.04,0.0161,0.14698195762785504,18.23,0.8765297797117215,36.669107263713585,0.0023,0.9977
2020-01-28,113.06,0.0165,0.15055460369471868,16.28,0.903045961381561,34.71625881652689,0.0047,0.9953
2020-01-29,112.89,0.016,0.14982708365092162,16.39,0.9015501767745444,34.937608145740874,0.0045,0.9955
2020-01-30,114.28,0.015700000000000002,0.14475156320257102,15.49,0.9137884144683166,33.60416233307664,0.0047,0.9953
2020-01-31,111.31,0.0151,0.15433390095953578,18.84,0.8682349741637204,36.623150382292295,0.0039,0.9961
2020-02-03,112.16,0.0154,0.15497741438356666,17.97,0.8800652706010335,35.77659373649925,0.0046,0.9954
2020-02-04,113.78,0.0161,0.15751253932425072,16.05,0.906173511014414,34.197119910941225,0.0075,0.9925
2020-02-05,115.71,0.0166,0.1606747252174212,15.15,0.918411748708186,32.431440913365954,0.0123,0.9877
2020-02-06,115.73,0.0165,0.16063940142674504,14.96,0.92099537666576,32.42449368055804,0.0124,0.9876
2020-02-07,115.36,0.0159,0.16060536894006452,15.47,0.914060375305956,32.841481076224674,0.0114,0.9886
2020-02-10,115.84,0.015600000000000001,0.16006623172563003,15.04,0.9199075333152026,32.439868799306964,0.0122,0.9878
2020-02-11,116.06,0.0159,0.1594941763616241,15.18,0.9180038074517268,32.18511514739848,0.0124,0.9876
2020-02-12,116.06,0.016200000000000003,0.15951601745890417,13.74,0.9375849877617624,32.14439407101,0.0124,0.9876
2020-02-13,115.96,0.0161,0.15909529543681422,14.15,0.932009790590155,32.24308736223966,0.0122,0.9878
2020-02-14,115.6,0.0159,0.15861585195365496,13.68,0.9384008702746804,32.58756047961202,0.0112,0.9888
2020-02-18,114.07,0.0155,0.16126478432906147,14.83,0.922763122110416,34.08575097643119,0.0093,0.9907
2020-02-19,115.63,0.015600000000000001,0.16248794008419806,14.38,0.928882240957302,32.675622969926536,0.0124,0.9876
2020-02-20,115.63,0.0152,0.16248595797132634,15.56,0.9128365515365788,32.73050404575756,0.0124,0.9876
2020-02-21,114.22,0.0146,0.16431966834671413,17.08,0.8921675278759859,34.13047584300047,0.0104,0.9896
2020-02-24,111.15,0.0138,0.17350872985060053,25.03,0.7840630949143323,37.210680775447194,0.0078,0.9922
2020-02-25,106.18,0.013300000000000001,0.19642917406098775,27.85,0.7457166168071797,42.23703292498206,0.0066,0.9934
2020-02-26,106.5,0.013300000000000001,0.19643714830746284,27.56,0.7496600489529508,41.93675122952772,0.0071,0.9929
2020-02-27,102.07,0.013000000000000001,0.21371103628517446,39.16,0.5919227631221105,46.350798495030354,0.0052,0.9948
2020-02-28,97.65,0.0113,0.23049852802526322,40.11,0.5790046233342399,50.94701034304725,0.0043,0.9957
2020-03-02,102.2,0.011000000000000001,0.24978058436572062,33.42,0.6699755235246123,47.13763064431688,0.0136,0.9864
2020-03-03,98.36,0.0102,0.25709783002124936,36.82,0.6237421811259178,50.81928629289252,0.0095,0.9905
2020-03-04,100.79,0.0102,0.2624004133336462,31.99,0.6894207234158282,48.74767112701153,0.0139,0.9861
2020-03-05,95.85,0.0092,0.2776066731114897,39.62,0.5856676638564047,53.58204086078212,0.01,0.99
2020-03-06,90.89,0.0074,0.29533271586365817,41.94,0.5541202066902366,58.60947551401686,0.0071,0.9929
2020-03-09,78.58,0.0054,0.40044619832346784,54.46,0.3838727223279846,71.59527583352788,0.0088,0.9912
2020-03-10,84.69,0.0076,0.4353673104939876,47.3,0.4812347022028828,66.69397269156265,0.0227,0.9773
2020-03-11,80.7,0.008199999999999999,0.43857205053633813,53.9,0.3914876257818873,70.05355121923121,0.0155,0.9845
2020-03-12,74.05,0.0088,0.46599041055536405,75.47,0.0981778623878161,76.16144158070006,0.0114,0.9886
2020-03-13,87.39,0.009399999999999999,0.6030574736739028,57.83,0.3380473211857492,70.85930119774189,0.072,0.928
2020-03-16,74.31,0.0073,0.6725873647879913,82.69,0.0,81.57126867932718,0.0447,0.9553
2020-03-17,78.85,0.0102,0.6866225214938463,75.91,0.0921947239597498,79.05404629325653,0.0602,0.9398
2020-03-18,70.55,0.0118,0.7164731789199547,76.45,0.0848517813434864,84.8860485647048,0.0419,0.9581
2020-03-19,71.74,0.011200000000000002,0.7180457112597459,72.0,0.1453630677182484,84.28202668626709,0.0456,0.9544
2020-03-20,70.22,0.0092,0.7185159006293634,66.04,0.2264073973347836,85.46299169984233,0.0411,0.9589
2020-03-23,66.46,0.0076,0.7244483558217873,61.59,0.2869186837095456,88.16530460424713,0.0328,0.9672
2020-03-24,74.37,0.0084,0.76907400662443,61.67,0.2858308403589882,85.03533367149392,0.0604,0.9396
2020-03-25,77.14,0.0088,0.774116010179867,63.95,0.2548273048680989,83.88302282533081,0.0694,0.9306
2020-03-26,82.52,0.0083,0.7893853404215792,61.0,0.2949415284199074,82.5629212148067,0.0906,0.9094
2020-03-27,76.64,0.0072,0.8008486932262202,65.54,0.2332064182757681,85.50530174453799,0.0729,0.9271
2020-03-30,78.63,0.006999999999999999,0.802666707490053,57.08,0.3482458525972259,84.98390492057631,0.0805,0.9195
2020-03-31,75.71,0.006999999999999999,0.8051452423236788,53.54,0.3963829208593962,86.11811962845064,0.0699,0.9301
2020-04-01,70.95,0.0062,0.8134816759741887,57.06,0.3485178134348652,88.93541512548288,0.0572,0.9428
2020-04-02,73.6,0.0063,0.8182102442514045,50.91,0.4321457710089746,87.77035466993507,0.0649,0.9351
2020-04-03,71.42,0.0062,0.8191028822687537,46.8,0.4880337231438673,88.85135401553032,0.0595,0.9405
2020-04-06,76.02,0.0067,0.8317241243766769,45.24,0.5092466684797388,87.27893015823534,0.0756,0.9244
2020-04-07,77.02,0.0075,0.8325543233614574,46.7,0.4893935273320641,86.98620114678859,0.0796,0.9204
2020-04-08,80.13,0.0077,0.8373613583958578,43.35,0.5349469676366603,85.9692107375499,0.0903,0.9097
2020-04-09,87.32,0.0073,0.8588766094366291,41.67,0.5577916779983682,84.81458285628749,0.1171,0.8829
2020-04-13,83.44,0.0076,0.8626868193017798,41.17,0.5645906989393527,86.11665952543065,0.1034,0.8966
2020-04-14,81.15,0.0076,0.863870091257682,37.76,0.6109600217568669,86.9047039422524,0.0959,0.9041
2020-04-15,77.15,0.0063,0.8683924786487696,40.84,0.5690780527604025,88.83347355330726,0.0843,0.9157
2020-04-16,74.21,0.0060999999999999995,0.87094599262844,40.11,0.5790046233342399,89.86429985344093,0.0752,0.9248
2020-04-17,80.88,0.006500000000000001,0.8927325156136238,38.15,0.6056567854228991,88.60535929514046,0.0981,0.9019
2020-04-20,77.93,0.0063,0.895131742875184,43.83,0.5284199075333151,89.80075159003523,0.0904,0.9096
2020-04-21,75.67,0.0058,0.8955704189793054,45.41,0.5069350013598042,90.78073581941466,0.0836,0.9164
2020-04-22,75.92,0.0063,0.895699185301435,41.98,0.5535762850149578,90.62239586901349,0.0841,0.9159
2020-04-23,75.96,0.0060999999999999995,0.8944969793593127,41.38,0.5617351101441391,90.58259917066887,0.084,0.916
2020-04-24,77.08,0.006,0.8953915053806886,35.93,0.6358444384008702,90.19094635218936,0.0878,0.9122
2020-04-27,80.4,0.0067,0.9001060268050594,33.29,0.6717432689692684,89.13584789334718,0.0975,0.9025
2020-04-28,80.97,0.0062,0.8992488529999794,33.57,0.6679358172423171,88.99981532248368,0.0995,0.9005
2020-04-29,83.16,0.0063,0.9011732707631753,31.23,0.6997552352461245,88.45946693407274,0.1067,0.8933
2020-04-30,81.37,0.0064,0.9011474840953481,34.15,0.660048952950775,88.97605957214644,0.1014,0.8986
2020-05-01,79.24,0.0064,0.9011998326079098,37.19,0.6187109056295893,89.60242536389309,0.0941,0.9059
2020-05-04,78.29,0.0064,0.9012630112425499,35.97,0.6353005167255914,89.93980686835621,0.092,0.908
2020-05-05,78.18,0.0066,0.9012850688194047,33.61,0.6673918955670384,89.95944084801746,0.0918,0.9082
2020-05-06,76.71,0.0072,0.9015294776160451,34.12,0.6604568942072342,90.48426278107411,0.0875,0.9125
2020-05-07,77.5,0.0063,0.9019788339646284,31.44,0.6968996464509111,90.28899646470893,0.0902,0.9098
2020-05-08,78.77,0.0069,0.9030012454485336,27.98,0.7439488713625237,89.79049388636118,0.0932,0.9068
2020-05-11,76.45,0.0073,0.9043615047529519,27.57,0.7495240685341311,90.71052916981473,0.0872,0.9128
2020-05-12,73.95,0.0069,0.9060828999118598,33.04,0.6751427794397606,91.71488759135447,0.08,0.92
2020-05-13,71.4,0.0064,0.9078698853671194,35.28,0.6446831656241501,92.54946490637032,0.0712,0.9288
2020-05-14,74.37,0.0063,0.9122702502383342,32.61,0.6809899374490074,91.9773256197166,0.0821,0.9179
2020-05-15,72.99,0.0064,0.9125666043923355,31.89,0.690780527604025,92.36351948877268,0.0774,0.9226
2020-05-18,76.86,0.0073,0.9204354150635553,29.3,0.7259994560783247,91.29927803463713,0.0904,0.9096
2020-05-19,75.35,0.006999999999999999,0.9198181190058808,30.53,0.7092738645635028,91.86606694205574,0.0855,0.9145
2020-05-20,77.61,0.0068000000000000005,0.9187178819914469,27.99,0.7438128909437041,90.991407358343,0.092,0.908
2020-05-21,76.62,0.0068000000000000005,0.918803766485521,29.53,0.7228719064454718,91.35266168329453,0.0892,0.9108
2020-05-22,76.03,0.0066,0.9154730584690025,28.16,0.7415012238237694,91.47952491058297,0.0872,0.9128
2020-05-26,81.42,0.0069,0.9240160487728356,28.01,0.7435409301060647,90.13072239821894,0.1038,0.8962
2020-05-27,86.14,0.0068000000000000005,0.9268277409381673,27.62,0.7488441664400326,89.0426338730819,0.1205,0.8795
2020-05-28,84.85,0.006999999999999999,0.9241903512750086,28.59,0.7356540658145228,89.24432966293085,0.1158,0.8842
2020-05-29,82.69,0.006500000000000001,0.9239958525395288,27.51,0.7503399510470492,89.89865277568364,0.1083,0.8917
2020-06-01,83.78,0.0066,0.9191529135791178,28.23,0.7405493608920315,89.27751177018627,0.1117,0.8883
2020-06-02,84.06,0.0068000000000000005,0.9129714445840676,26.84,0.7594506391079685,88.86922330948366,0.1122,0.8878
2020-06-03,88.6,0.0077,0.8743860082639197,25.66,0.7754963285286919,85.23356730697071,0.1231,0.8769
2020-06-04,90.45,0.008199999999999999,0.8614234208305722,25.81,0.7734566222463966,84.01471844898866,0.129,0.871
2020-06-05,94.52,0.0091,0.8594312028338543,24.52,0.7909980962741365,82.91991979036868,0.1452,0.8548
2020-06-08,96.4,0.0088,0.8408388780588635,25.81,0.7734566222463966,81.47511567366038,0.1498,0.8502
2020-06-09,93.93,0.0084,0.7604802899257896,27.57,0.7495240685341311,76.91467131289234,0.1278,0.8722
2020-06-10,90.12,0.0075,0.6975978511212491,27.57,0.7495240685341311,74.74088582320634,0.1017,0.8983
2020-06-11,82.6,0.0066,0.7099929739915363,40.79,0.5697579548545009,78.78357893698553,0.0775,0.9225
2020-06-12,84.86,0.0070999999999999995,0.6758140881356844,36.09,0.6336687516997551,76.05080727115663,0.0792,0.9208
2020-06-15,86.04,0.0070999999999999995,0.6755997139004123,34.4,0.6566494424802828,75.52777987943021,0.0834,0.9166
2020-06-16,86.72,0.0075,0.6736110032606839,33.67,0.6665760130541201,75.02672772912945,0.0851,0.9149
2020-06-17,84.53,0.0074,0.6656648500158346,33.47,0.6692956214305139,75.53195814016499,0.0752,0.9248
2020-06-18,84.07,0.0070999999999999995,0.6219378661942109,32.94,0.6765025836279576,73.81194998856115,0.0632,0.9368
2020-06-19,83.11,0.006999999999999999,0.6184105091421843,35.12,0.6468588523252652,74.20574165775697,0.0598,0.9402
2020-06-22,82.21,0.0070999999999999995,0.6025446070072897,31.77,0.6924122926298613,74.09061345922639,0.0533,0.9467
2020-06-23,83.21,0.0072,0.5839980369511409,31.37,0.697851509382649,72.71090231519003,0.0519,0.9481
2020-06-24,80.44,0.0069,0.5862468907486741,33.84,0.6642643459341854,74.64624926699705,0.0452,0.9548
2020-06-25,83.24,0.0068000000000000005,0.5847738318396178,32.22,0.6862931737829752,72.7715225892991,0.0522,0.9478
2020-06-26,78.68,0.0064,0.5811500337600158,34.73,0.652162088659233,75.67719195262985,0.0391,0.9609
2020-06-29,79.03,0.0064,0.5765869808185371,31.78,0.6922763122110416,75.2858215718694,0.0391,0.9609
2020-06-30,79.93,0.0066,0.573148178251565,30.43,0.7106336687516996,74.58355529093225,0.0406,0.9594
2020-07-01,79.25,0.0069,0.5588166834149386,28.62,0.7352461245580637,74.45763618669429,0.0354,0.9646
2020-07-02,79.5,0.0068000000000000005,0.5582859548539076,27.68,0.7480282839271144,74.28858252662192,0.0362,0.9638
2020-07-06,81.51,0.0069,0.5545980577831054,27.94,0.7444927930378025,72.82305364773386,0.0408,0.9592
2020-07-07,79.21,0.006500000000000001,0.5258197932360325,29.43,0.7242317106336686,73.57408695601484,0.0291,0.9709
2020-07-08,80.05,0.0067,0.5184872702446888,28.08,0.7425890671743269,72.69402160740579,0.0298,0.9702
2020-07-09,78.32,0.0062,0.5173130664751268,29.26,0.7265433777536034,74.10143938879459,0.0261,0.9739
2020-07-10,82.6,0.006500000000000001,0.5189274518471818,27.29,0.7533315202610824,70.83913294201436,0.0358,0.9642
2020-07-13,83.79,0.0064,0.5128631454488266,32.19,0.6867011150394343,69.85532466456695,0.0378,0.9622
2020-07-14,84.27,0.0063,0.47956516357526263,29.52,0.7230078868642915,68.4202160827168,0.0313,0.9687
2020-07-15,85.57,0.0064,0.47394418686099743,27.76,0.746940440576557,67.24404467794919,0.0334,0.9666
2020-07-16,85.81,0.0062,0.46952073970491887,28.0,0.7436769105248844,66.94915229211693,0.0326,0.9674
2020-07-17,84.22,0.0064,0.4714945316259855,25.68,0.7752243676910524,68.20925624996669,0.0296,0.9704
2020-07-20,83.48,0.0062,0.47201869402604457,24.46,0.7918139787870546,68.85200509833628,0.0283,0.9717
2020-07-21,85.3,0.0060999999999999995,0.4730524027111496,24.84,0.7866467228719064,67.47186547893934,0.0322,0.9678
2020-07-22,84.68,0.006,0.46563323289223985,24.32,0.7937177046505303,67.75419894393687,0.0293,0.9707
2020-07-23,84.93,0.0059,0.4654902141403693,26.08,0.7697851509382648,67.55101729498975,0.0302,0.9698
2020-07-24,84.33,0.0059,0.4626467056425112,25.84,0.7730486809899375,67.97051209364149,0.0281,0.9719
2020-07-27,83.14,0.0062,0.4613767457492614,24.74,0.7880065270601033,68.83406479152828,0.0254,0.9746
2020-07-28,83.5,0.0059,0.4579891418464535,25.44,0.778487897742725,68.4985230575927,0.0255,0.9745
2020-07-29,85.53,0.0058,0.4595359353282158,24.1,0.7967092738645635,66.93104434170286,0.0303,0.9697
2020-07-30,83.24,0.0055000000000000005,0.4632383779027597,24.76,0.787734566222464,68.91256077093489,0.0259,0.9741
2020-07-31,82.92,0.0055000000000000005,0.46145406077135054,24.46,0.7918139787870546,69.07746439018216,0.0249,0.9751
2020-08-03,82.46,0.005600000000000001,0.4613375720027404,24.28,0.7942616263258091,69.40279428202966,0.0237,0.9763
2020-08-04,81.98,0.0052,0.460510534705334,23.76,0.801332608104433,69.84273554874454,0.0221,0.9779
2020-08-05,83.41,0.0055000000000000005,0.45724777354357343,22.99,0.8118031003535491,68.58532152156602,0.0251,0.9749
2020-08-06,83.43,0.0055000000000000005,0.45156114050232643,22.65,0.8164264345934186,68.39158389322195,0.0237,0.9763
2020-08-07,85.27,0.005699999999999999,0.44667087012627843,22.21,0.8224095730214849,66.84603854524877,0.0268,0.9732
2020-08-10,86.35,0.0059,0.4399756205195578,22.13,0.8234974163720424,65.76288210268653,0.0277,0.9723
2020-08-11,89.08,0.0064,0.4415517317672937,24.03,0.7976611367963014,63.61722198517029,0.0345,0.9655
2020-08-12,88.32,0.0069,0.43005878403541054,22.28,0.8214577100897471,63.76917798955364,0.0303,0.9697
2020-08-13,87.84,0.0070999999999999995,0.427888319918921,22.13,0.8234974163720424,64.0886674039401,0.0285,0.9715
2020-08-14,87.87,0.0070999999999999995,0.4241731303660777,22.05,0.8245852597225999,63.96348166235308,0.0277,0.9723
2020-08-17,85.55,0.0069,0.42717031339352257,21.35,0.8341038890399782,65.89259408415207,0.0226,0.9774
2020-08-18,84.36,0.0067,0.4279735407325942,21.51,0.8319282023388632,66.9263058838327,0.0202,0.9798
2020-08-19,84.56,0.0068000000000000005,0.4032485336259198,22.54,0.8179222192004352,66.237715335207,0.0155,0.9845
2020-08-20,83.54,0.006500000000000001,0.3861296080762609,22.72,0.8154745716616807,66.82298901557452,0.0123,0.9877
2020-08-21,83.5,0.0064,0.38490402529694,22.54,0.8179222192004352,66.8497548722216,0.0119,0.9881
2020-08-24,85.85,0.006500000000000001,0.3854226548148419,22.37,0.8202338863203699,64.81159574138036,0.0146,0.9854
2020-08-25,86.23,0.0069,0.384649612403971,22.03,0.8248572205602394,64.40686142860928,0.0149,0.9851
2020-08-26,85.02,0.0069,0.3858000487752873,23.27,0.8079956486265978,65.49852413228648,0.014,0.986
2020-08-27,87.82,0.0074,0.37559351039643274,24.47,0.7916779983682349,62.78843116065823,0.0157,0.9843
2020-08-28,88.18,0.0074,0.3732007269995326,22.96,0.8122110416100081,62.42236271850667,0.0159,0.9841
2020-08-31,85.96,0.0072,0.3645519415882566,26.41,0.7652977971172151,64.2161719069163,0.012,0.988
2020-09-01,85.92,0.0068000000000000005,0.36187094619807864,26.12,0.7692412292629861,64.24985467247606,0.0114,0.9886
2020-09-02,87.22,0.0066,0.3599765766618748,26.57,0.7631221104161,63.10864767208564,0.0126,0.9874
2020-09-03,86.94,0.0063,0.35044642175503504,33.6,0.6675278759858579,63.22427778193896,0.011,0.989
2020-09-04,88.82,0.0072,0.3075766466030016,30.75,0.7062822953494696,60.71356727836939,0.0067,0.9933
2020-09-08,85.73,0.0069,0.3115143293744145,31.46,0.6966276856132716,63.67197327087736,0.0047,0.9953
2020-09-09,86.55,0.0070999999999999995,0.3108344634160811,28.81,0.7326624966004895,62.868472570539986,0.0051,0.9949
2020-09-10,85.66,0.0068000000000000005,0.3111655130009455,29.71,0.7204242589067174,63.74597360072129,0.0046,0.9954
2020-09-11,86.72,0.0067,0.3076660924041787,26.87,0.7590426978515094,62.73535138154244,0.0048,0.9952
2020-09-14,87.92,0.0068000000000000005,0.30858171877024076,25.85,0.7729127005711177,61.60928328623703,0.006,0.994
2020-09-15,85.18,0.0068000000000000005,0.3145530212473598,25.59,0.7764481914604298,64.23176010476759,0.0046,0.9954
2020-09-16,85.54,0.0069,0.31372805038112134,26.04,0.7703290726135437,63.873733783699784,0.0047,0.9953
2020-09-17,84.57,0.0069,0.3138068529728889,26.46,0.7646178950231166,64.77619124491906,0.0044,0.9956
2020-09-18,84.39,0.006999999999999999,0.305889877452802,25.83,0.7731846614087571,64.87542052841962,0.0036,0.9964
2020-09-21,81.78,0.0068000000000000005,0.30450416579039924,27.78,0.7466684797389176,67.37959074486056,0.0021,0.9979
2020-09-22,80.89,0.0068000000000000005,0.28340128788168195,26.86,0.759178678270329,68.11401739598216,0.001,0.999
2020-09-23,79.57,0.0068000000000000005,0.28539109184805905,28.58,0.7357900462333424,69.41580237457462,0.0007,0.9993
2020-09-24,79.5,0.0067,0.2844560257445431,28.51,0.7367419091650802,69.49609109002596,0.0006,0.9994
2020-09-25,80.2,0.0066,0.2844396897824109,26.38,0.7657057383736742,68.82749721475564,0.0008,0.9992
2020-09-28,82.51,0.0067,0.29031371771086384,26.19,0.7682893663312482,66.59377336006399,0.0017,0.9983
2020-09-29,81.81,0.0066,0.2863634005832031,26.27,0.7672015229806908,67.25390723483375,0.0013,0.9987
2020-09-30,82.6,0.0069,0.2807632191139963,26.37,0.7658417187924939,66.41387424905031,0.0013,0.9987
2020-10-01,83.2,0.0068000000000000005,0.2803507262213942,26.7,0.7613543649714442,65.83799608030203,0.0015,0.9985
2020-10-02,83.99,0.006999999999999999,0.2769590035115524,27.63,0.748708186021213,65.02390816671367,0.0015,0.9985
2020-10-05,85.77,0.0078000000000000005,0.25722631577320265,27.96,0.7442208322001631,63.08707288588929,0.001,0.999
2020-10-06,84.88,0.0076,0.256622889950002,29.48,0.7235518085395702,63.98905586395991,0.0008,0.9992
2020-10-07,86.36,0.008100000000000001,0.25878473669556806,28.06,0.7428610280119663,62.469210178896354,0.0013,0.9987
2020-10-08,88.14,0.0078000000000000005,0.26027258496590927,26.36,0.7659776992113135,60.80742680603308,0.0018,0.9982
2020-10-09,87.64,0.0079,0.26054913246518874,25.0,0.7844710361707914,61.27768499665618,0.0018,0.9982
2020-10-12,88.71,0.0079,0.25857622271603464,25.07,0.7835191732390535,60.23142952535085,0.0019,0.9981
2020-10-13,87.27,0.0074,0.26022453856787026,26.07,0.7699211313570845,61.705763657438,0.0017,0.9983
2020-10-14,86.79,0.0073,0.25683902553816557,26.4,0.7654337775360348,62.15807494914406,0.0013,0.9987
2020-10-15,88.09,0.0074,0.25803947231193664,26.97,0.7576828936633124,60.899796507846375,0.0018,0.9982
2020-10-16,87.91,0.0076,0.25806362321075027,27.41,0.7516997552352461,61.043814927179554,0.0017,0.9983
2020-10-19,86.42,0.0078000000000000005,0.260121563183255,29.18,0.7276312211041609,62.46170614525622,0.0013,0.9987
2020-10-20,86.92,0.008100000000000001,0.2585260184547137,29.35,0.7253195539842262,61.91854906244954,0.0015,0.9985
2020-10-21,86.05,0.0083,0.25937554758639414,28.65,0.7348381833016046,62.7475307216717,0.0012,0.9988
2020-10-22,89.09,0.0087,0.26460129574414915,28.11,0.7421811259178678,59.79789084136793,0.0025,0.9975
2020-10-23,89.9,0.0085,0.25877281194152935,27.55,0.7497960293717705,59.00350361309651,0.0023,0.9977
2020-10-26,87.67,0.008100000000000001,0.2641027634021996,32.46,0.6830296437313026,61.242492767513966,0.0019,0.9981
2020-10-27,86.02,0.0079,0.2669080959978098,33.35,0.6709273864563502,62.88302667400865,0.0017,0.9983
2020-10-28,83.6,0.0079,0.2731319354257477,40.28,0.576692956214305,65.25944944324942,0.0011,0.9989
2020-10-29,84.15,0.0085,0.2711488812431751,37.59,0.6132716888768016,64.62628388944744,0.0012,0.9988
2020-10-30,84.9,0.0088,0.2717238746398092,38.02,0.607424530867555,63.84907965067662,0.0015,0.9985
2020-11-02,86.81,0.0087,0.2718757677328661,37.13,0.6195267881425074,62.036889549102774,0.0019,0.9981
2020-11-03,89.55,0.009000000000000001,0.27818966175563775,35.55,0.6410116943160185,59.42635156987148,0.0043,0.9957
2020-11-04,86.81,0.0078000000000000005,0.27793171243867426,29.57,0.7223279847701931,62.21491788184433,0.0023,0.9977
2020-11-05,90.36,0.0079,0.28986536280564745,27.58,0.7493880881153114,58.958316294985366,0.0058,0.9942
2020-11-06,89.16,0.0083,0.29100027584083143,24.86,0.786374762034267,60.03393055018616,0.0049,0.9951
2020-11-09,101.23,0.0096,0.4014728529410475,25.75,0.7742725047593146,53.24297018727375,0.0653,0.9347
2020-11-10,100.9,0.0098,0.397093907603139,24.8,0.7871906445471852,53.220595922167064,0.0627,0.9373
2020-11-11,99.4,0.0098,0.39727313722472607,23.45,0.8055480010878433,54.25831218281085,0.0568,0.9432
2020-11-12,98.18,0.0088,0.39850927466150043,25.35,0.7797117215121022,55.200113694256814,0.0512,0.9488
2020-11-13,98.79,0.0089,0.3973584300686374,23.1,0.8103073157465325,54.75487020394788,0.0541,0.9459
2020-11-16,101.58,0.0091,0.4006014043825965,22.45,0.8191460429698123,53.039886651165524,0.0665,0.9335
2020-11-17,100.55,0.0087,0.3982483820298472,22.71,0.8156105520805004,53.637905261797876,0.0616,0.9384
2020-11-18,99.8,0.0088,0.39880279507331357,23.84,0.8002447647538754,54.15778740529055,0.0587,0.9413
2020-11-19,100.07,0.0086,0.39726896957619695,23.11,0.8101713353277128,53.923009782095555,0.0592,0.9408
2020-11-20,99.21,0.0083,0.3930046571880031,23.7,0.802148490617351,54.359832367105966,0.054,0.946
2020-11-23,102.07,0.0086,0.39673162154432823,22.66,0.8162904541745988,52.608553364115345,0.0671,0.9329
2020-11-24,106.79,0.0088,0.40223127107252515,21.64,0.8301604568942071,50.090069467549704,0.0934,0.9066
2020-11-25,105.68,0.0088,0.40320779976971677,21.25,0.8354636932281752,50.792542219333676,0.089,0.911
2020-11-27,104.97,0.0084,0.4030626131202417,20.84,0.8410388903997824,51.26568154118906,0.0852,0.9148
2020-11-30,102.08,0.0084,0.40781930113059534,20.57,0.844710361707914,53.14707946715385,0.0725,0.9275
2020-12-01,103.69,0.0092,0.4068524871557653,20.77,0.8419907533315203,52.12717455505849,0.081,0.919
2020-12-02,105.68,0.0095,0.40048824270035827,21.17,0.8365515365787326,50.58432508588645,0.088,0.912
2020-12-03,104.99,0.0092,0.40085564712396876,21.28,0.8350557519717161,51.05135970496084,0.0843,0.9157
2020-12-04,105.94,0.0097,0.39996819118927934,20.79,0.8417187924938809,50.368466884497394,0.0891,0.9109
2020-12-07,105.55,0.009399999999999999,0.39985965761598075,21.3,0.8347837911340766,50.64427921485578,0.0873,0.9127
2020-12-08,105.65,0.0092,0.39931953859561875,20.68,0.8432145771008974,50.579027670819066,0.0875,0.9125
2020-12-09,104.83,0.0095,0.39351407795708077,22.27,0.8215936905085668,50.731354270431915,0.0814,0.9186
2020-12-10,104.15,0.0092,0.39407135500398743,22.52,0.8181941800380745,51.16167835107745,0.0775,0.9225
2020-12-11,103.54,0.009000000000000001,0.39334446837607545,23.31,0.8074517269513191,51.45784886392495,0.0739,0.9261
2020-12-14,102.45,0.009000000000000001,0.39424867005293,24.72,0.7882784878977427,52.19181473009977,0.0677,0.9323
2020-12-15,104.19,0.0092,0.3885501311833659,22.89,0.813162904541746,50.81113794255375,0.075,0.925
2020-12-16,104.5,0.0092,0.3872690347713738,22.5,0.8184661408757139,50.550671883437815,0.076,0.924
2020-12-17,103.63,0.009399999999999999,0.3857722586333282,21.93,0.8262170247484362,50.97350555947467,0.0708,0.9292
2020-12-18,103.12,0.0095,0.3861102940524002,21.57,0.831112319825945,51.32304483744038,0.0676,0.9324
2020-12-21,106.99,0.0095,0.3918833261499755,25.16,0.7822953494696764,49.3465889860178,0.0908,0.9092
2020-12-22,105.36,0.009300000000000001,0.3908986543293684,24.23,0.7949415284199075,50.31390581040455,0.0829,0.9171
2020-12-23,108.31,0.0096,0.39292073517392373,23.31,0.8074517269513191,48.62257531025491,0.0974,0.9026
2020-12-24,107.83,0.009399999999999999,0.39326459329896873,21.53,0.8316562415012239,48.91689594860476,0.095,0.905
2020-12-28,108.54,0.009399999999999999,0.3932484420354148,21.7,0.8293445743812891,48.53777495359663,0.0992,0.9008
2020-12-29,108.26,0.009399999999999999,0.3934020666064284,23.08,0.810579276584172,48.69969194123542,0.0974,0.9026
2020-12-30,108.56,0.009300000000000001,0.3918776888079321,22.77,0.8147946695675823,48.44999335250463,0.0983,0.9017
2020-12-31,110.04,0.009300000000000001,0.3911459646409127,22.75,0.8150666304052216,47.62006761453379,0.1064,0.8936
2021-01-04,109.0,0.009300000000000001,0.3912649023948569,26.97,0.7576828936633124,48.19600296756661,0.1011,0.8989
2021-01-05,109.59,0.0096,0.38977464966793496,25.34,0.779847701930922,47.74881436265948,0.1036,0.8964
2021-01-06,114.74,0.0104,0.3990713963786784,25.07,0.7835191732390535,45.68884269746696,0.1417,0.8583
2021-01-07,118.51,0.0108,0.4029338896726657,22.37,0.8202338863203699,44.398707975046,0.1686,0.8314
2021-01-08,118.64,0.0113,0.4005655695611823,21.56,0.8312483002447648,44.131281211697704,0.1686,0.8314
2021-01-11,120.41,0.0115,0.4003713403136879,24.08,0.796981234702203,43.44678917647226,0.1799,0.8201
2021-01-12,122.3,0.0115,0.40044452866627395,23.33,0.8071797661136797,42.77071790510769,0.1948,0.8052
2021-01-13,122.42,0.011000000000000001,0.40023995515676075,22.21,0.8224095730214849,42.76695811942475,0.1954,0.8046
2021-01-14,123.13,0.0115,0.39741434823282606,23.25,0.8082676094642371,42.26472243156959,0.1997,0.8003
2021-01-15,120.92,0.0111,0.40048808857400264,24.34,0.7934457438128909,43.302917745060824,0.1838,0.8162
2021-01-19,120.4,0.011000000000000001,0.3996945997736357,23.24,0.8084035898830568,43.45922017530769,0.1795,0.8205
2021-01-20,118.59,0.011000000000000001,0.39718171001464664,21.58,0.8309763394071255,43.925517501055566,0.1672,0.8328
2021-01-21,117.6,0.011200000000000002,0.398035241042919,21.32,0.8345118302964373,44.343061890830754,0.1603,0.8397
2021-01-22,116.69,0.011000000000000001,0.3941341351657828,21.91,0.8264889855860755,44.467742617421536,0.1526,0.8474
2021-01-25,115.24,0.0105,0.3926940471660868,23.19,0.8090834919771552,45.02418989042048,0.1422,0.8578
2021-01-26,114.77,0.0105,0.3870334538425757,23.02,0.81139515909709,44.872507543739516,0.1363,0.8637
2021-01-27,111.52,0.0104,0.3932048650949075,37.21,0.6184389447919498,46.84131103911542,0.1178,0.8822
2021-01-28,113.48,0.010700000000000001,0.39397373572156213,30.21,0.7136252379657329,45.90321228001584,0.131,0.869
2021-01-29,112.23,0.0111,0.39365280876172054,33.09,0.6744628773456621,46.40330875433975,0.1218,0.8782
2021-02-01,113.06,0.0109,0.3896725943301539,30.24,0.7132172967092738,45.77892084561714,0.1252,0.8748
2021-02-02,116.54,0.011200000000000002,0.38656820005376763,25.56,0.7768561327168888,43.96330369745318,0.1486,0.8514
2021-02-03,117.87,0.0115,0.37959970150571676,22.91,0.8128909437041065,42.8937907673404,0.1542,0.8458
2021-02-04,120.58,0.0115,0.37953677471476727,21.77,0.8283927114495513,41.85545587912238,0.1736,0.8264
2021-02-05,120.35,0.011899999999999999,0.26585077549128106,20.87,0.8406309491433234,34.08930851706593,0.1079,0.8921
2021-02-08,122.23,0.011899999999999999,0.26675902834725146,21.24,0.8355996736469948,33.06060186934814,0.1243,0.8757
2021-02-09,121.74,0.0118,0.2645128032551596,21.63,0.8302964373130269,33.21007887661549,0.119,0.881
2021-02-10,121.81,0.0115,0.2625394303904677,21.99,0.8254011422355181,33.08402838278522,0.1179,0.8821
2021-02-11,121.47,0.0116,0.26282461183212175,21.25,0.8354636932281752,33.309073035178656,0.1152,0.8848
2021-02-12,123.2,0.012,0.2587490889624488,19.97,0.8528691868370954,32.009343735518705,0.1266,0.8734
2021-02-16,126.17,0.013000000000000001,0.2606348314623572,21.46,0.8326081044329616,30.581740461578168,0.1578,0.8422
2021-02-17,126.56,0.0129,0.2595619052368722,21.5,0.8320641827576829,30.340618243732134,0.1609,0.8391
2021-02-18,126.99,0.0129,0.25954993069206345,22.49,0.8186021212945336,30.15659731106968,0.1657,0.8343
2021-02-19,129.11,0.0134,0.2594378947240322,22.05,0.8245852597225999,29.17325857723042,0.1856,0.8144
2021-02-22,130.32,0.0137,0.25467545357069593,23.45,0.8055480010878433,28.300950122613497,0.1971,0.8029
2021-02-23,131.36,0.0137,0.23930851008986298,23.11,0.8101713353277128,26.677396908845655,0.1981,0.8019
2021-02-24,133.68,0.0138,0.23922423701082463,21.34,0.8342398694587979,25.75521122039294,0.2295,0.7705
2021-02-25,131.86,0.0154,0.24095953578608648,28.89,0.7315746532499319,26.43452568784972,0.2053,0.7947
2021-02-26,128.36,0.0144,0.2404164032094107,27.95,0.7443568126189829,27.981202656601184,0.1669,0.8331
2021-03-01,131.27,0.014499999999999999,0.24227539395674702,23.35,0.8069078052760402,26.876495632578916,0.1999,0.8001
2021-03-02,130.84,0.014199999999999999,0.2406486808709677,24.1,0.7967092738645635,26.93906944555134,0.1932,0.8068
2021-03-03,133.37,0.0147,0.2417984486516945,26.67,0.7617623062279031,26.02176914538678,0.2278,0.7722
2021-03-04,131.32,0.0154,0.24482757009886252,28.57,0.7359260266521621,26.96860553050601,0.2023,0.7977
2021-03-05,131.63,0.015600000000000001,0.24436202175277943,24.66,0.7890943704106609,26.781661579829482,0.205,0.795
2021-03-08,133.37,0.0159,0.24504280918617646,25.47,0.7780799564862659,26.193781933108607,0.2308,0.7692
2021-03-09,132.43,0.0155,0.2449007874264591,24.03,0.7976611367963014,26.53164202740388,0.2169,0.7831
2021-03-10,135.31,0.015300000000000001,0.24655763389203714,22.56,0.8176502583627958,25.74881845380228,0.2557,0.7443
2021-03-11,134.6,0.0154,0.2464514936788208,21.91,0.8264889855860755,25.936232271346462,0.2455,0.7545
2021-03-12,136.2,0.016399999999999998,0.2448901642405871,20.69,0.8430785966820777,25.347877618132898,0.2691,0.7309
2021-03-15,135.52,0.016200000000000003,0.24438924367430948,20.03,0.8520533043241773,25.46813456019435,0.2585,0.7415
2021-03-16,133.89,0.016200000000000003,0.24671397395313904,19.79,0.8553168343758499,26.150969607375412,0.2384,0.7616
2021-03-17,135.27,0.0163,0.24560787127853131,19.23,0.8629317378297525,25.612109278477153,0.2556,0.7444
2021-03-18,137.5,0.0171,0.24599334287211796,21.58,0.8309763394071255,25.143195250001874,0.2919,0.7081
2021-03-19,135.32,0.0174,0.24002784702632782,20.95,0.8395431057927658,25.043791444487137,0.2535,0.7465
2021-03-22,131.68,0.0169,0.24516278780034925,18.88,0.8676910524884417,26.72188119989502,0.2078,0.7922
2021-03-23,130.36,0.0163,0.24151592936321103,20.3,0.8483818330160456,27.035178180397914,0.19,0.81
2021-03-24,131.37,0.016200000000000003,0.24116030482841588,21.2,0.8361435953222736,26.595489205714355,0.2014,0.7986
2021-03-25,133.06,0.0163,0.2418558745584084,19.81,0.8550448735382106,26.04053399484012,0.2253,0.7747
2021-03-26,135.27,0.0167,0.24298533138445244,18.86,0.8679630133260811,25.35440471267966,0.2541,0.7459
2021-03-29,133.17,0.0173,0.24619875350992915,20.74,0.8423986945879793,26.260278007798096,0.2304,0.7696
2021-03-30,134.74,0.0173,0.24590440555462678,19.61,0.8577644819146043,25.731158559230145,0.2486,0.7514
2021-03-31,132.78,0.0174,0.24726841032422645,19.4,0.8606200707098178,26.49542771977516,0.2262,0.7738
2021-04-01,134.07,0.0169,0.24757404086599796,17.33,0.8887680174054936,26.110956999027817,0.241,0.759
2021-04-05,134.78,0.0173,0.2304297601497593,17.91,0.8808811531139515,24.401021285055457,0.2403,0.7597
2021-04-06,133.83,0.0167,0.22256846464714983,18.12,0.8780255643187381,24.133866600512917,0.2209,0.7791
2021-04-07,135.93,0.0168,0.22428368753382197,17.16,0.8910796845254283,23.5357915868244,0.2511,0.7489
2021-04-08,136.09,0.016399999999999998,0.22276213095234146,16.95,0.8939352733206418,23.393400038320646,0.2518,0.7482
2021-04-09,137.11,0.0167,0.22125926377373936,16.69,0.8974707642099538,23.005804163443074,0.2685,0.7315
2021-04-12,136.82,0.0169,0.2214112429521602,16.91,0.8944791949959205,23.076400041807357,0.2641,0.7359
2021-04-13,135.19,0.016399999999999998,0.22306575729571948,16.65,0.8980146858852325,23.704098829350457,0.2401,0.7599
2021-04-14,132.66,0.016399999999999998,0.22335858264482816,16.99,0.8933913516453631,24.64589162899082,0.2038,0.7962
2021-04-15,133.51,0.015600000000000001,0.2232195941789701,16.57,0.89910252923579,24.3597445182627,0.2147,0.7853
2021-04-16,134.5,0.0159,0.22070665465644201,16.25,0.9034539026380202,23.78191089067031,0.2292,0.7708
2021-04-19,133.93,0.0161,0.2200277028769658,17.29,0.8893119390807723,23.91292351607958,0.2196,0.7804
2021-04-20,130.96,0.0158,0.2247692951117054,18.68,0.8704106608648354,25.53657980437435,0.1834,0.8166
2021-04-21,132.08,0.015700000000000002,0.22311479676619891,17.5,0.8864563502855589,24.949064997731625,0.1968,0.8032
2021-04-22,129.3,0.015700000000000002,0.2278702189422713,18.71,0.8700027196083764,26.508155975250283,0.1681,0.8319
2021-04-23,131.77,0.0158,0.2214762681532436,17.33,0.8887680174054936,24.926065913946687,0.1906,0.8094
2021-04-26,132.09,0.0158,0.21934895552677147,17.64,0.8845526244220832,24.62565138087018,0.1932,0.8068
2021-04-27,132.7,0.0163,0.2175280616298152,17.56,0.8856404677726407,24.198960574762214,0.1999,0.8001
2021-04-28,133.56,0.0163,0.2174551778030712,17.28,0.889447919499592,23.820795443611747,0.211,0.789
2021-04-29,136.16,0.0165,0.2124319878277328,17.61,0.8849605656785423,22.47184799013202,0.2455,0.7545
2021-04-30,134.95,0.0165,0.21294265701150683,18.61,0.8713625237965733,22.938725502723432,0.23,0.77
2021-05-03,134.55,0.0163,0.20879806204965823,18.31,0.875441936361164,22.742463430288872,0.2195,0.7805
2021-05-04,136.41,0.0161,0.21005356867614325,19.48,0.8595322273592603,22.219198065834348,0.2476,0.7524
2021-05-05,138.2,0.0159,0.20943190676203932,19.15,0.8640195811803101,21.711202473854634,0.277,0.723
2021-05-06,140.98,0.0158,0.21222653044492662,18.39,0.8743540930106064,21.423813053022318,0.3269,0.6731
2021-05-07,141.46,0.016,0.21219405454423343,16.69,0.8974707642099538,21.374539491167067,0.3362,0.6638
2021-05-10,141.45,0.0163,0.21197285373595545,19.66,0.8570845798205058,21.342387500041944,0.3362,0.6638
2021-05-11,139.1,0.016399999999999998,0.21417331111917648,21.84,0.8274408485178134,21.977980910119754,0.2976,0.7024
2021-05-12,138.14,0.0169,0.20995986950530732,27.59,0.7492521076964918,21.71995986717661,0.2777,0.7223
2021-05-13,141.69,0.0166,0.21568060045512497,23.13,0.8098993744900734,21.653936592563195,0.3423,0.6577
2021-05-14,143.89,0.0163,0.21744757849671167,18.81,0.8686429154201795,21.638314342814667,0.3802,0.6198
2021-05-17,144.47,0.016399999999999998,0.21537536214409256,19.72,0.8562686973075877,21.39569623517348,0.3889,0.6111
2021-05-18,142.44,0.016399999999999998,0.2172762992315988,21.34,0.8342398694587979,21.748309729698132,0.3567,0.6433
2021-05-19,141.35,0.0168,0.2176696465691518,22.18,0.8228175142779439,21.873661750567006,0.3377,0.6623
2021-05-20,141.1,0.0163,0.21506397879796063,20.67,0.8433505575197171,21.663416849788696,0.3311,0.6689
2021-05-21,142.71,0.0163,0.21391697412136867,20.15,0.8504215392983411,21.421669797691127,0.3602,0.6398
2021-05-24,143.48,0.0161,0.20595815563315598,18.4,0.8742181125917868,20.559287730879777,0.3707,0.6293
2021-05-25,142.0,0.015600000000000001,0.20284803430387088,18.84,0.8682349741637204,20.432601120456848,0.3407,0.6593
2021-05-26,141.98,0.0158,0.20264165066336587,17.36,0.8883600761490346,20.398573945518375,0.3404,0.6596
2021-05-27,144.19,0.0161,0.20136272750324813,16.74,0.8967908621158553,20.055407332021115,0.3806,0.6194
2021-05-28,144.1,0.0158,0.1983687689990673,16.76,0.8965189012782159,19.778332896850806,0.3787,0.6213
2021-06-01,145.68,0.016200000000000003,0.19928645860839134,17.9,0.8810171335327713,19.8087694003878,0.4081,0.5919
2021-06-02,145.69,0.0159,0.19787675300463162,17.48,0.8867283111231983,19.670681029148465,0.4078,0.5922
2021-06-03,145.79,0.0163,0.19707454494632398,18.04,0.8791134076692956,19.594924106496364,0.4098,0.5902
2021-06-04,146.03,0.015600000000000001,0.19258620487629685,16.42,0.9011422355180854,19.16136273803934,0.413,0.587
2021-06-07,145.34,0.015700000000000002,0.19251283566839056,16.42,0.9011422355180854,19.181203521448182,0.3988,0.6012
2021-06-08,144.76,0.015300000000000001,0.19154948170909739,17.07,0.8923035082948055,19.074932607994754,0.387,0.613
2021-06-09,142.96,0.015,0.19315886271790544,17.89,0.8811531139515909,19.418673021358597,0.3549,0.6451
2021-06-10,140.73,0.014499999999999999,0.19431988965783925,16.1,0.9054936089203156,19.91865367500265,0.3096,0.6904
2021-06-11,140.63,0.0147,0.19335232002921793,15.65,0.9116127277672016,19.837636916479784,0.3071,0.6929
2021-06-14,138.24,0.0151,0.19386681439550682,16.39,0.9015501767745444,20.35873837266259,0.2649,0.7351
2021-06-15,136.15,0.0151,0.19361281979126566,17.02,0.892983410388904,20.990992925684218,0.2304,0.7696
2021-06-16,137.1,0.015700000000000002,0.18566369413394268,18.15,0.8776176230622791,19.947991583995556,0.2387,0.7613
2021-06-17,133.15,0.0152,0.19411549047750434,17.75,0.8830568398150667,22.25653470374822,0.1839,0.8161
2021-06-18,129.78,0.014499999999999999,0.20050730474594494,20.7,0.8429426162632581,24.37222122328698,0.1486,0.8514
2021-06-21,131.98,0.015,0.20180895735866972,17.89,0.8811531139515909,23.39271652045861,0.1762,0.8238
2021-06-22,131.79,0.0148,0.19881046462184856,16.66,0.8978787054664128,23.277348576807285,0.1705,0.8295
2021-06-23,132.59,0.015,0.19668820039470514,16.32,0.9025020397062824,22.735107553823823,0.1787,0.8213
2021-06-24,133.8,0.0149,0.1960812693236973,15.97,0.9072613543649716,22.154472210855847,0.1955,0.8045
2021-06-25,135.16,0.0154,0.19480925164119026,15.62,0.9120206690236606,21.42364293318396,0.2139,0.7861
2021-06-28,135.4,0.0149,0.19385973438127616,15.76,0.910116943160185,21.29625761304879,0.2169,0.7831
2021-06-29,135.23,0.0149,0.19359444790892202,16.02,0.9065814522708732,21.340563081527794,0.2133,0.7867
2021-06-30,136.46,0.014499999999999999,0.1938650177438549,15.83,0.9091650802284472,20.960011623908258,0.2351,0.7649
2021-07-01,137.81,0.0148,0.19226886796169887,15.48,0.9139243948871364,20.330809003908957,0.2545,0.7455
2021-07-02,137.68,0.0144,0.19227672102505577,15.07,0.9194995920587437,20.38594387975501,0.2512,0.7488
2021-07-06,135.37,0.0137,0.19479719762421527,16.44,0.900870274680446,21.47128537058819,0.2159,0.7841
2021-07-07,135.53,0.013300000000000001,0.19477150185953326,16.2,0.9041338047321186,21.441300369168292,0.2188,0.7812
2021-07-08,133.19,0.013000000000000001,0.19646144277053945,19.0,0.8660592874626054,22.59212416993563,0.1844,0.8156
2021-07-09,137.45,0.0137,0.20337779753165425,16.18,0.904405765569758,21.492489849246752,0.257,0.743
2021-07-12,139.42,0.0138,0.2049746176472429,16.17,0.9045417459885776,21.17223432036869,0.2942,0.7058
2021-07-13,137.35,0.014199999999999999,0.2069756954765153,17.12,0.891623606200707,21.80736754075391,0.2585,0.7415
2021-07-14,136.88,0.0137,0.20690378192825032,16.33,0.9023660592874626,21.955484533778144,0.2495,0.7505
2021-07-15,137.18,0.0131,0.20147955757926833,17.01,0.8931193908077236,21.432161120509665,0.2495,0.7505
2021-07-16,134.05,0.0131,0.20655193409530875,18.45,0.8735382104976883,22.998736355180984,0.2048,0.7952
2021-07-19,129.69,0.011899999999999999,0.21286834094631327,22.5,0.8184661408757139,25.549308132715915,0.1562,0.8438
2021-07-20,132.11,0.0123,0.21270165177116993,19.73,0.856132716888768,24.384449069883935,0.1843,0.8157
2021-07-21,134.88,0.013000000000000001,0.2169084499662648,17.91,0.8808811531139515,23.536872234334513,0.2287,0.7713
2021-07-22,133.18,0.0127,0.21835832878578237,17.69,0.8838727223279848,24.330847228688707,0.2034,0.7966
2021-07-23,132.93,0.013000000000000001,0.2179953965556099,17.2,0.8905357628501496,24.3867873807066,0.2007,0.7993
2021-07-26,133.82,0.0129,0.21467362202580018,17.58,0.8853685069350014,23.751337189576184,0.2087,0.7913
2021-07-27,133.64,0.0125,0.21392510090495323,19.36,0.8611639923850966,23.799294978155334,0.2049,0.7951
2021-07-28,133.86,0.0126,0.2138676360191631,18.31,0.875441936361164,23.692831034292926,0.2083,0.7917
2021-07-29,135.01,0.0128,0.21268898290499455,17.7,0.8837367419091651,23.176960320618686,0.2267,0.7733
2021-07-30,133.93,0.0124,0.21148907423468383,18.24,0.8763937992929018,23.49052694048033,0.207,0.793
2021-08-02,133.39,0.012,0.2072134186891248,19.46,0.8598041881968996,23.438262585860173,0.1971,0.8029
2021-08-03,134.91,0.011899999999999999,0.20855491931620468,18.04,0.8791134076692956,22.928793057156497,0.2204,0.7796
2021-08-04,133.46,0.011899999999999999,0.20956175276955283,17.97,0.8800652706010335,23.594439905104192,0.1997,0.8003
2021-08-05,135.14,0.0123,0.20874275616909077,17.28,0.889447919499592,22.843090438759855,0.2253,0.7747
2021-08-06,138.98,0.0131,0.21644723543136288,16.15,0.904813706826217,22.350578518689428,0.2931,0.7069
2021-08-09,138.83,0.013300000000000001,0.20982520100502275,16.72,0.8970628229534947,21.758615858836098,0.2869,0.7131
2021-08-10,140.53,0.013600000000000001,0.20887667384097724,16.79,0.8961109600217568,21.350449755134008,0.314,0.686
2021-08-11,142.21,0.013500000000000002,0.21020679780677792,16.06,0.9060375305955942,21.213994674810895,0.346,0.654
2021-08-12,142.76,0.013600000000000001,0.20835456219169804,15.59,0.9124286102801196,20.961667782809787,0.3556,0.6444
2021-08-13,141.17,0.0129,0.20903135249246355,15.45,0.9143323361435952,21.237413424404274,0.3249,0.6751
2021-08-16,140.24,0.0126,0.20944474018551265,16.12,0.905221648082676,21.51310993670202,0.3072,0.6928
2021-08-17,138.55,0.0126,0.20949666493605426,17.91,0.8808811531139515,21.833462006492997,0.2794,0.7206
2021-08-18,137.28,0.0127,0.20989911651387408,21.57,0.831112319825945,22.173999318209685,0.2581,0.7419
2021-08-19,136.14,0.0124,0.2095437918889649,21.67,0.8297525156377481,22.514395854999933,0.2401,0.7599
2021-08-20,136.53,0.0126,0.20966341885468107,18.56,0.8720424258906717,22.373682437176036,0.2451,0.7549
2021-08-23,138.27,0.0125,0.2088143038322039,17.15,0.8912156649442481,21.843898842376163,0.2737,0.7263
2021-08-24,139.13,0.0129,0.20928330119384553,17.22,0.8902638020125102,21.674371054679376,0.2917,0.7083
2021-08-25,142.0,0.013500000000000002,0.2124571833516496,16.79,0.8961109600217568,21.433108977041957,0.3428,0.6572
2021-08-26,142.73,0.0134,0.212752756885829,18.84,0.8682349741637204,21.397731355107563,0.3566,0.6434
2021-08-27,143.88,0.0131,0.21342704174901345,16.39,0.9015501767745444,21.33720766331869,0.3758,0.6242
2021-08-30,141.57,0.0129,0.21586664123358004,16.19,0.9042697851509384,21.83753171320855,0.3359,0.6641
2021-08-31,141.14,0.013000000000000001,0.21575075395729434,16.48,0.9003263530051673,21.863406891649152,0.328,0.672
2021-09-01,140.94,0.0131,0.21563213104727946,16.11,0.9053576285014958,21.89091312694998,0.3248,0.6752
2021-09-02,141.59,0.0129,0.21437969808026341,16.41,0.901278215936905,21.68941925836353,0.3354,0.6646
2021-09-03,140.74,0.013300000000000001,0.21230297020414465,16.41,0.901278215936905,21.619179637286443,0.3194,0.6806
2021-09-07,140.49,0.0138,0.2123313523813551,18.14,0.8777536034810987,21.65691617733211,0.3156,0.6844
2021-09-08,139.86,0.013500000000000002,0.20956638802247185,17.96,0.8802012510198531,21.55335679441718,0.3028,0.6972
2021-09-09,140.47,0.013000000000000001,0.20724245535500563,18.8,0.8687788958389991,21.244189075982717,0.3112,0.6888
2021-09-10,138.86,0.013500000000000002,0.20826333132125596,20.95,0.8395431057927658,21.601434378460095,0.2867,0.7133
2021-09-13,141.06,0.013300000000000001,0.20160588638788796,19.37,0.8610280119662769,20.5597076607852,0.3192,0.6808
2021-09-14,138.6,0.0128,0.19782173547243012,19.46,0.8598041881968996,20.75130862898485,0.2717,0.7283
2021-09-15,139.56,0.0131,0.1954590813547988,18.18,0.8772096818058199,20.288704006026318,0.29,0.71
2021-09-16,139.5,0.0134,0.19541607750262882,18.69,0.8702746804460157,20.286026691092733,0.2891,0.7109
2021-09-17,139.14,0.0137,0.1952658130315995,20.81,0.8414468316562416,20.329809444319924,0.2811,0.7189
2021-09-20,134.97,0.0131,0.20443553430364295,25.71,0.7748164264345934,22.462416531127417,0.2188,0.7812
2021-09-21,134.99,0.013300000000000001,0.2033837722194719,24.36,0.7931737829752515,22.351340157313334,0.2179,0.7821
2021-09-22,137.58,0.0132,0.20710710857154285,20.87,0.8406309491433234,21.814136732424288,0.2616,0.7384
2021-09-23,142.23,0.0141,0.2181134990952153,18.63,0.871090562958934,21.957020479652968,0.3511,0.6489
2021-09-24,143.87,0.0147,0.21855929300475102,17.75,0.8830568398150667,21.796844500169552,0.3787,0.6213
2021-09-27,147.34,0.0148,0.22293929793770456,18.76,0.869322817514278,22.243674391446838,0.4375,0.5625
2021-09-28,146.55,0.0154,0.22330533074866196,23.25,0.8082676094642371,22.225971904455815,0.425,0.575
2021-09-29,146.44,0.0155,0.22020717829838812,22.56,0.8176502583627958,21.917810421078233,0.4232,0.5768
2021-09-30,144.44,0.0152,0.2223609636085131,23.14,0.8097633940712538,22.1219608207668,0.3884,0.6116
2021-10-01,147.48,0.0148,0.2226649181692027,21.15,0.8368234974163721,22.208198367357568,0.4385,0.5615
2021-10-04,147.32,0.0149,0.21364675381533765,22.96,0.8122110416100081,21.312955101304198,0.4373,0.5627
2021-10-05,149.72,0.0154,0.2141961847470055,21.3,0.8347837911340766,21.521614014071375,0.4771,0.5229
2021-10-06,150.04,0.015300000000000001,0.2115467025557601,21.0,0.8388632036986674,21.295175899945786,0.4835,0.5165
2021-10-07,150.99,0.0158,0.21150976300368726,19.54,0.8587163448463422,21.47416016232922,0.5033,0.4967
2021-10-08,151.11,0.0161,0.21151593629414078,18.77,0.8691868370954583,21.51447756717006,0.5056,0.4944
2021-10-11,147.93,0.0161,0.210667915095821,20.0,0.8524612455806364,21.003290672790765,0.4482,0.5518
2021-10-12,146.79,0.0159,0.19926256877758605,19.85,0.8545009518629317,19.83888188462756,0.4291,0.5709
2021-10-13,142.92,0.015600000000000001,0.20461503437608533,18.64,0.8709545825401142,20.510805982340646,0.3593,0.6407
2021-10-14,145.12,0.0152,0.20264688197423658,16.86,0.8951590970900191,20.184589296728603,0.3953,0.6047
2021-10-15,147.9,0.0159,0.20378929620792266,16.3,0.9027740005439217,20.322209556168602,0.4476,0.5524
2021-10-18,147.85,0.0159,0.20369411126571538,16.31,0.902638020125102,20.317498151883953,0.4467,0.5533
2021-10-19,149.64,0.0165,0.20454347113885127,15.7,0.9109328256731032,20.53641165569365,0.4794,0.5206
2021-10-20,151.66,0.0165,0.20578201270902677,15.49,0.9137884144683166,21.063041072455693,0.5208,0.4792
2021-10-21,150.47,0.0168,0.20680676041370258,15.01,0.9203154745716616,20.89174428087366,0.4968,0.5032
2021-10-22,152.49,0.0166,0.20769658942988256,15.43,0.9146042969812348,21.425720611177656,0.5356,0.4644
2021-10-25,151.75,0.016399999999999998,0.20714144914761307,15.24,0.9171879249388089,21.21825617922904,0.5224,0.4776
2021-10-26,152.16,0.0163,0.2067399453706279,15.98,0.9071253739461518,21.23585261928871,0.5291,0.4709
2021-10-27,148.99,0.0154,0.2111737344924507,16.98,0.8935273320641828,21.159805896030925,0.4657,0.5343
2021-10-28,151.23,0.015700000000000002,0.2112705501449184,16.53,0.8996464509110688,21.50728118597256,0.5074,0.4926
2021-10-29,150.82,0.0155,0.21037370034471264,16.26,0.9033179222192004,21.32138969115388,0.5007,0.4993
2021-11-01,150.74,0.0158,0.20303737519640724,16.41,0.901278215936905,20.575059979085896,0.5017,0.4983
2021-11-02,151.33,0.015600000000000001,0.203031144071018,16.03,0.9064454718520532,20.713144723956944,0.5131,0.4869
2021-11-03,151.38,0.016,0.20180707906158862,15.1,0.9190916508022844,20.60208468826691,0.5152,0.4848
2021-11-04,149.39,0.015300000000000001,0.20271137522774457,15.44,0.914468316562415,20.332031958508356,0.4731,0.5269
2021-11-05,149.18,0.014499999999999999,0.20266987529984576,16.48,0.9003263530051673,20.311431572423352,0.4689,0.5311
2021-11-08,150.08,0.0151,0.20139614303311112,17.22,0.8902638020125102,20.27668693559478,0.4863,0.5137
2021-11-09,148.94,0.0146,0.20157102803754592,17.78,0.8826488985586075,20.198983117020948,0.4656,0.5344
2021-11-10,148.8,0.015600000000000001,0.19975690681243422,18.73,0.869730758770737,19.999438668299124,0.4642,0.5358
2021-11-11,148.79,0.015600000000000001,0.19859383069823533,17.66,0.8842806635844438,19.881971519038515,0.4642,0.5358
2021-11-12,148.13,0.0158,0.19794198859817164,16.29,0.9029099809627412,19.747664733340947,0.4509,0.5491
2021-11-15,147.86,0.0163,0.1980354365727111,16.49,0.9001903725863476,19.740359046253754,0.4477,0.5523
2021-11-16,146.79,0.0163,0.19738173108153717,16.37,0.9018221376121838,19.644887614566255,0.4294,0.5706
2021-11-17,146.0,0.016,0.19752161825422843,17.11,0.8917595866195268,19.646623651198922,0.4135,0.5865
2021-11-18,144.74,0.0159,0.19409879189720036,17.59,0.8852325265161817,19.31689427417428,0.3884,0.6116
2021-11-19,142.85,0.0154,0.19577309237890717,17.91,0.8808811531139515,19.67416211678743,0.3542,0.6458
2021-11-22,145.9,0.0163,0.19993566206038246,19.17,0.8637476203426706,19.872778225366368,0.4126,0.5874
2021-11-23,149.39,0.0167,0.2027252401874623,19.38,0.8608920315474572,20.322807519914488,0.4753,0.5247
2021-11-24,148.21,0.016399999999999998,0.203380120066102,18.58,0.8717704650530324,20.312192776119478,0.4538,0.5462
2021-11-26,143.75,0.0148,0.21303407482340142,28.62,0.7352461245580637,21.254478673381342,0.3755,0.6245
2021-11-29,143.13,0.0152,0.2130687494832822,22.96,0.8122110416100081,21.31104645192373,0.3655,0.6345
2021-11-30,141.0,0.0143,0.21495358510846913,27.19,0.7546913244492792,21.743843641961238,0.3269,0.6731
2021-12-01,140.16,0.0143,0.21528174299354094,31.12,0.7012510198531412,21.986376277629105,0.3115,0.6885
2021-12-02,143.11,0.0144,0.21930543275667452,27.95,0.7443568126189829,21.942711468562297,0.3659,0.6341
2021-12-03,140.52,0.013500000000000002,0.22241435450777866,30.67,0.7073701387000271,22.57896168793212,0.3216,0.6784
2021-12-06,142.18,0.0143,0.2223604997538375,27.18,0.7548273048680989,22.357125994428753,0.3521,0.6479
2021-12-07,144.32,0.0148,0.2221327548022603,21.89,0.826760946423715,22.102472543229464,0.3856,0.6144
2021-12-08,142.67,0.0152,0.2203978257729862,19.9,0.8538210497688333,22.087626276262768,0.3604,0.6396
2021-12-09,142.44,0.0149,0.2200415934229359,21.58,0.8309763394071255,22.0744173351991,0.3559,0.6441
2021-12-10,141.88,0.0148,0.2202173176163941,18.69,0.8702746804460157,22.158901469865718,0.3459,0.6541
2021-12-13,140.19,0.014199999999999999,0.22157853533517805,20.31,0.8482458525972261,22.556224691070927,0.3159,0.6841
2021-12-14,141.26,0.0144,0.21292693248781633,21.89,0.826760946423715,21.515235617499368,0.3303,0.6697
2021-12-15,140.21,0.0147,0.21359911478377144,19.29,0.8621158553168344,21.795036912536265,0.3118,0.6882
2021-12-16,142.4,0.0144,0.2124037438143778,20.57,0.844710361707914,21.37711659627129,0.3522,0.6478
2021-12-17,139.16,0.0141,0.2062509735042904,21.57,0.831112319825945,21.326734851521664,0.2917,0.7083
2021-12-20,136.66,0.0143,0.20788803461911556,22.87,0.8134348653793854,22.071664430335794,0.2479,0.7521
2021-12-21,138.56,0.0148,0.2036751446501112,21.01,0.8387272232798477,21.169514446842943,0.2779,0.7221
2021-12-22,139.11,0.0146,0.20370811735339883,18.63,0.871090562958934,21.06346006196059,0.2895,0.7105
2021-12-23,139.6,0.015,0.20389950661042097,17.96,0.8802012510198531,20.99588158461984,0.298,0.702
2021-12-27,140.4,0.0148,0.20251016102948913,17.68,0.8840087027468044,20.73915662666785,0.3089,0.6911
2021-12-28,140.83,0.0149,0.19767421707460803,17.54,0.8859124286102801,20.178562872467644,0.3145,0.6855
2021-12-29,140.76,0.0155,0.19767290174280489,16.95,0.8939352733206418,20.167627312238725,0.3141,0.6859
2021-12-30,140.69,0.0152,0.19448423811571958,17.33,0.8887680174054936,19.910491118701767,0.3102,0.6898
2021-12-31,140.57,0.0152,0.19437720209824438,17.22,0.8902638020125102,19.91838056881388,0.3072,0.6928
2022-01-03,143.54,0.0163,0.19907357578116955,16.6,0.898694587979331,19.88277746835257,0.369,0.631
2022-01-04,148.99,0.0166,0.21431214897775086,16.91,0.8944791949959205,21.464945248152826,0.4671,0.5329
2022-01-05,146.26,0.0171,0.21324880827672738,19.73,0.856132716888768,21.188850236266934,0.4214,0.5786
2022-01-06,147.82,0.0173,0.213773394191758,19.61,0.8577644819146043,21.301508262491435,0.4473,0.5527
2022-01-07,149.28,0.0176,0.20733985728454546,18.76,0.869322817514278,20.76736511000972,0.4737,0.5263
2022-01-10,149.42,0.0178,0.20510144852534404,19.4,0.8606200707098178,20.561657291538683,0.4768,0.5232
2022-01-11,149.58,0.0175,0.20141662921071812,18.41,0.874082132172967,20.21196814701117,0.4811,0.5189
2022-01-12,150.42,0.0174,0.20170957708236134,17.62,0.8848245852597225,20.394453213359615,0.4986,0.5014
2022-01-13,150.24,0.017,0.20023951262500578,20.31,0.8482458525972261,20.194097388171436,0.4945,0.5055
2022-01-14,141.0,0.0178,0.2348731118317154,19.19,0.8634756595050312,23.50203178497177,0.34,0.66
2022-01-18,135.09,0.0187,0.2490019989665394,22.79,0.8145227087299429,25.822396802405873,0.2578,0.7422
2022-01-19,133.0,0.0183,0.24856017643952447,23.85,0.8001087843350557,26.443184674359625,0.2304,0.7696
2022-01-20,131.87,0.0183,0.24884109525119705,25.59,0.7764481914604298,26.843316919332764,0.2144,0.7856
2022-01-21,129.56,0.0175,0.25057852935020336,28.85,0.7321185749252107,27.96523239659433,0.1881,0.8119
2022-01-24,129.45,0.0175,0.24768157316750294,29.9,0.7178406309491433,27.793185512889004,0.1843,0.8157
2022-01-25,130.86,0.0178,0.24659216288765756,31.16,0.7007070981778624,27.10756548502156,0.2006,0.7994
2022-01-26,132.1,0.018500000000000003,0.24776494664819418,31.96,0.6898286646722871,26.66563559739194,0.2171,0.7829
2022-01-27,129.77,0.0181,0.24977886117025355,30.49,0.7098177862387816,27.77422554669655,0.1903,0.8097
2022-01-28,130.93,0.0178,0.25052999759488215,27.66,0.7483002447647539,27.384129095832503,0.2035,0.7965
2022-01-31,132.71,0.0179,0.2525882272889868,24.83,0.7867827032907262,26.903093662225675,0.2294,0.7706
2022-02-01,134.98,0.0181,0.25452110189436,21.96,0.8258090834919771,26.3777085404836,0.2586,0.7414
2022-02-02,133.9,0.0178,0.2548625565635184,22.09,0.8240413380473212,26.70682376555372,0.2438,0.7562
2022-02-03,132.8,0.0182,0.25469560122461,24.35,0.7933097633940712,27.02719950968239,0.2317,0.7683
2022-02-04,136.24,0.019299999999999998,0.2606831356731209,23.22,0.8086755507206962,26.582468633130823,0.2818,0.7182
2022-02-07,136.7,0.0192,0.2608621897136961,22.86,0.813570845798205,26.52021413231385,0.29,0.71
2022-02-08,139.27,0.0196,0.26408225142204056,21.44,0.832880065270601,26.376783825448353,0.3263,0.6737
2022-02-09,139.85,0.0194,0.26418749543668957,19.96,0.8530051672559151,26.352392742070375,0.3344,0.6656
2022-02-10,139.27,0.0203,0.26426809454397254,23.91,0.7992929018221375,26.35600979849078,0.3268,0.6732
2022-02-11,137.46,0.0192,0.26512398684451605,27.36,0.7523796573293445,26.837003893415048,0.3011,0.6989
2022-02-14,136.18,0.019799999999999998,0.2655262612196113,28.33,0.7391895567038347,27.027423865215813,0.2846,0.7154
2022-02-15,138.17,0.020499999999999997,0.26695018315183977,25.7,0.7749524068534132,26.833031039867013,0.3114,0.6886
2022-02-16,138.42,0.0203,0.2657307583012413,24.29,0.7941256459069894,26.66823973681737,0.3148,0.6852
2022-02-17,135.23,0.0197,0.26579614050755146,28.11,0.7421811259178678,27.236844526878574,0.2702,0.7298
2022-02-18,135.87,0.0192,0.2609379276055368,27.75,0.7470764209953766,26.69091390082543,0.276,0.724
2022-02-22,135.63,0.0194,0.2605925782119862,28.81,0.7326624966004895,26.69948315132297,0.2726,0.7274
2022-02-23,132.79,0.0199,0.25692895902461355,31.02,0.702610824041338,27.12613859994795,0.2345,0.7655
2022-02-24,129.09,0.0196,0.26262150392798617,30.32,0.7121294533587164,28.93643623347485,0.1925,0.8075
2022-02-25,132.14,0.0197,0.2661272602015179,27.59,0.7492521076964918,28.08982413061005,0.2319,0.7681
2022-02-28,126.63,0.0183,0.2787835066503391,30.15,0.714441120478651,31.29249081590767,0.1767,0.8233
2022-03-01,121.86,0.0172,0.28438053153522597,33.32,0.6713353277128093,33.93315618742623,0.137,0.863
2022-03-02,124.38,0.018600000000000002,0.2864020699453314,30.74,0.7064182757682893,32.77379539124873,0.1614,0.8386
2022-03-03,123.5,0.018600000000000002,0.2851611065647981,30.48,0.7099537666576012,33.078962175922584,0.153,0.847
2022-03-04,120.03,0.0174,0.2877212444307387,31.98,0.6895567038346477,35.031841251168366,0.1231,0.8769
2022-03-07,115.39,0.0178,0.29644554389698113,36.45,0.6287734566222463,38.17763354599531,0.0942,0.9058
2022-03-08,114.58,0.018600000000000002,0.29651672433988674,35.13,0.6467228719064454,38.60052354953363,0.0904,0.9096
2022-03-09,119.17,0.0194,0.3096255958810193,32.45,0.6831656241501223,36.74824697059082,0.1319,0.8681
2022-03-10,117.76,0.019799999999999998,0.3096155346845891,30.23,0.7133532771280935,37.41955518448976,0.1202,0.8798
2022-03-11,115.1,0.02,0.3114914589863344,30.75,0.7062822953494696,38.99146716135879,0.1023,0.8977
2022-03-14,116.25,0.021400000000000002,0.3125291284018115,31.77,0.6924122926298613,38.26870241310837,0.1119,0.8881
2022-03-15,118.31,0.0215,0.3130907869430523,29.83,0.7187924938808812,37.17621576747532,0.1267,0.8733
2022-03-16,123.6,0.0219,0.3251092176766025,26.67,0.7617623062279031,35.708188647926875,0.177,0.823
2022-03-17,125.16,0.022000000000000002,0.32464271277705264,25.67,0.7753603481098721,35.05001954469951,0.1906,0.8094
2022-03-18,125.12,0.021400000000000002,0.3231108574923765,23.87,0.7998368234974164,34.98953217061189,0.1896,0.8104
2022-03-21,124.71,0.0232,0.3229287617118593,23.53,0.8044601577372859,34.97824719921382,0.1858,0.8142
2022-03-22,127.37,0.023799999999999998,0.3261842849809538,22.94,0.8124830024476475,34.23203563974504,0.2129,0.7871
2022-03-23,124.83,0.0232,0.3280526797127607,23.57,0.803916236062007,35.33725635403129,0.1903,0.8097
2022-03-24,125.64,0.023399999999999997,0.3283421860240777,21.67,0.8297525156377481,35.07199619619874,0.198,0.802
2022-03-25,126.74,0.0248,0.3290323715416908,20.81,0.8414468316562416,34.57395186488167,0.2082,0.7918
2022-03-28,125.8,0.0246,0.32924472932320487,19.63,0.8574925210769649,34.96844043849807,0.2005,0.7995
2022-03-29,126.08,0.0241,0.32933699407236866,18.9,0.8674190916508023,34.906048072218056,0.2023,0.7977
2022-03-30,125.51,0.0235,0.3259546442873433,19.33,0.8615719336415556,34.926125741184244,0.1963,0.8037
2022-03-31,121.74,0.0232,0.3200571736936095,20.56,0.8448463421267338,35.950926668632185,0.1606,0.8394
2022-04-01,120.84,0.0239,0.31862593455546856,19.63,0.8574925210769649,36.17749236417002,0.1528,0.8472
2022-04-04,121.37,0.0242,0.31773610241259154,18.57,0.871906445471852,35.85428881442204,0.1566,0.8434
2022-04-05,119.96,0.0254,0.31704458980017775,21.03,0.8384552624422084,36.30010578729877,0.1458,0.8542
2022-04-06,118.3,0.026099999999999998,0.3176187233367155,22.1,0.8239053576285015,37.06464186496205,0.1325,0.8675
2022-04-07,117.94,0.026600000000000002,0.3174674121505564,21.55,0.8313842806635844,37.168912313356124,0.1302,0.8698
2022-04-08,120.1,0.027200000000000002,0.32012392530219036,21.16,0.8366875169975523,36.31886949952297,0.1496,0.8504
2022-04-11,119.66,0.0279,0.32008660864406185,24.37,0.7930378025564319,36.41109743178149,0.1463,0.8537
2022-04-12,118.34,0.027200000000000002,0.29695735868206297,24.26,0.7945335871634485,35.57021969124704,0.1204,0.8796
2022-04-13,114.53,0.027000000000000003,0.29210974329803807,21.82,0.8277128093554528,37.474370779282154,0.0905,0.9095
2022-04-14,113.47,0.028300000000000002,0.2912145898666463,22.7,0.81574653249932,37.953922878223096,0.0838,0.9162
2022-04-18,115.57,0.0285,0.2940750858690269,22.17,0.8229534946967636,36.78943594055008,0.0981,0.9019
2022-04-19,117.96,0.029300000000000003,0.29589505307284186,21.37,0.8338319282023389,35.5037925524841,0.118,0.882
2022-04-20,118.38,0.0285,0.2960674918694465,20.32,0.8481098721784063,35.366920376633274,0.1206,0.8794
2022-04-21,117.46,0.028999999999999998,0.29524964749387506,22.68,0.8160184933369594,35.78125258684183,0.1135,0.8865
2022-04-22,114.09,0.028999999999999998,0.2994495698776793,28.21,0.7408213217296709,37.929040449730316,0.0921,0.9079
2022-04-25,114.05,0.0281,0.2977497895353175,27.02,0.757002991569214,37.96091529696741,0.0909,0.9091
2022-04-26,110.68,0.0277,0.30213840591115637,33.52,0.6686157193364155,40.25465974145374,0.0725,0.9275
2022-04-27,109.24,0.0282,0.3009581565638393,31.6,0.694723959749796,41.073668109465174,0.063,0.937
2022-04-28,110.96,0.0285,0.3005816445197506,29.99,0.7166168071797661,39.90186119828233,0.0737,0.9263
2022-04-29,107.38,0.028900000000000002,0.3063346420227427,33.4,0.6702474843622518,42.530264231059576,0.0571,0.9429
2022-05-02,108.36,0.029900000000000003,0.30725196934168925,32.34,0.6846614087571389,41.77161648003743,0.0625,0.9375
2022-05-03,110.69,0.0297,0.30559932964970643,29.25,0.7266793581724231,40.20211706656241,0.0752,0.9248
2022-05-04,114.35,0.029300000000000003,0.31429169769154036,25.42,0.7787598585803643,38.61025170836113,0.1024,0.8976
2022-05-05,111.49,0.0305,0.31426926713672254,31.2,0.7001631765025836,40.15917177178126,0.0856,0.9144
2022-05-06,111.31,0.031200000000000002,0.31388957704485543,30.19,0.7138971988033722,40.17750071325567,0.0843,0.9157
2022-05-09,109.63,0.0305,0.31477074535723293,34.75,0.6518901278215936,41.24561220270593,0.0744,0.9256
2022-05-10,106.96,0.029900000000000003,0.3170426456750192,32.99,0.675822681533859,43.14762949399054,0.0604,0.9396
2022-05-11,106.29,0.0291,0.31688505399734707,32.56,0.6816698395431058,43.72888596034223,0.0572,0.9428
2022-05-12,106.2,0.028399999999999998,0.3145977179966238,31.77,0.6924122926298613,43.79205258984866,0.0556,0.9444
2022-05-13,107.14,0.029300000000000003,0.31550033094305724,28.87,0.7318466140875715,43.025285969289676,0.0604,0.9396
2022-05-16,106.39,0.0288,0.31308182974371174,27.47,0.7508838727223279,43.54493953532305,0.0556,0.9444
2022-05-17,109.92,0.0298,0.32170187237677283,26.1,0.7695131901006255,41.58735268994532,0.0805,0.9195
2022-05-18,108.04,0.028900000000000002,0.32291786490048596,30.96,0.7034267065542561,42.8539160040227,0.0683,0.9317
2022-05-19,106.44,0.028399999999999998,0.32175260640197184,29.35,0.7253195539842262,43.89611841152345,0.06,0.94
2022-05-20,105.57,0.0278,0.3178857617858576,29.43,0.7242317106336686,44.40116931409392,0.0539,0.9461
2022-05-23,112.1,0.0286,0.3404894076121409,28.48,0.7371498504215392,41.48396986889623,0.1019,0.8981
2022-05-24,113.68,0.0276,0.33216081351601656,29.45,0.7239597497960294,40.21942030886784,0.1069,0.8931
2022-05-25,114.47,0.0275,0.32394122853750945,28.37,0.738645635028556,39.303797254227646,0.1079,0.8921
2022-05-26,116.45,0.0275,0.32305453956252944,27.5,0.7504759314658689,38.17392571102701,0.1215,0.8785
2022-05-27,118.1,0.0274,0.3242502925393585,25.72,0.7746804460157737,37.48103530790746,0.1359,0.8641
2022-05-31,118.96,0.0285,0.31947966833096164,26.19,0.7682893663312482,36.65840526477567,0.1406,0.8594
2022-06-01,116.88,0.0294,0.3113673692929048,25.69,0.7750883872722327,37.03823205264129,0.1193,0.8807
2022-06-02,118.76,0.0292,0.3126131571109633,24.72,0.7882784878977427,36.22134455094749,0.135,0.865
2022-06-03,117.1,0.0296,0.30308828189143144,24.79,0.7873266249660049,36.39921261633404,0.1158,0.8842
2022-06-06,116.71,0.0304,0.3021838642246164,25.07,0.7835191732390535,36.47939438286003,0.113,0.887
2022-06-07,117.02,0.0298,0.29852068729784215,24.02,0.797797117215121,36.14434093032969,0.1129,0.8871
2022-06-08,115.16,0.030299999999999997,0.29969776876010096,23.96,0.7986129997280391,37.1819116670959,0.0995,0.9005
2022-06-09,112.74,0.0304,0.30043716439278884,26.09,0.7696491705194453,38.66031463339924,0.0855,0.9145
2022-06-10,107.55,0.0315,0.2995018751970195,27.75,0.7470764209953766,41.803687779989666,0.0552,0.9448
2022-06-13,104.35,0.034300000000000004,0.303148961479253,34.02,0.661816698395431,43.89342819897132,0.0433,0.9567
2022-06-14,102.62,0.0349,0.30439863387013216,32.69,0.6799020940984498,45.12476825247673,0.0368,0.9632
2022-06-15,103.83,0.0333,0.3059276118666559,29.62,0.7216480826760947,44.515127049272415,0.0417,0.9583
2022-06-16,102.05,0.032799999999999996,0.3030777973941864,32.95,0.6763666032091378,45.759907655519015,0.0336,0.9664
2022-06-17,101.69,0.0325,0.30113701274241966,31.13,0.7011150394343215,46.014283473807154,0.0314,0.9686
2022-06-21,104.21,0.0331,0.3059547207493348,30.19,0.7138971988033722,44.24931962222172,0.0439,0.9561
2022-06-22,103.62,0.0316,0.3050281411226177,28.95,0.7307587707370139,44.83883161058993,0.0406,0.9594
2022-06-23,102.49,0.030899999999999997,0.3053192155090178,29.05,0.729398966548817,45.74252858952397,0.0358,0.9642
2022-06-24,105.55,0.0313,0.31259194466899237,27.23,0.7541474027740005,43.74122095700968,0.0512,0.9488
2022-06-27,104.7,0.032,0.31276031806913684,26.95,0.7579548545009519,44.273263231681625,0.0485,0.9515
2022-06-28,104.2,0.032,0.30761555634278404,28.36,0.7387816154473755,44.4522889819276,0.0443,0.9557
2022-06-29,103.73,0.031,0.30747265470011853,28.16,0.7415012238237694,44.92829232281707,0.0415,0.9585
2022-06-30,101.31,0.0298,0.3101114371427929,28.71,0.7340223007886864,46.94524389105517,0.0334,0.9666
2022-07-01,102.61,0.0288,0.3111949101684373,26.7,0.7613543649714442,46.14092724197872,0.0388,0.9612
2022-07-05,102.22,0.0282,0.3102994310265727,27.54,0.7499320097905902,46.476244201761844,0.0366,0.9634
2022-07-06,101.55,0.029300000000000003,0.3104214334912908,26.73,0.760946423714985,46.84773094149718,0.0344,0.9656
2022-07-07,104.12,0.0301,0.3127276336124343,26.08,0.7697851509382648,44.95424748965078,0.0457,0.9543
2022-07-08,103.8,0.030899999999999997,0.31271806784471534,24.64,0.7893663312483002,45.080434507844586,0.0452,0.9548
2022-07-11,102.43,0.029900000000000003,0.31301155919665435,26.17,0.7685613271688876,46.211019970912695,0.0391,0.9609
2022-07-12,102.53,0.0296,0.30676020961829037,27.29,0.7533315202610824,45.934830097102676,0.0365,0.9635
2022-07-13,101.57,0.0291,0.30677169901962437,26.82,0.7597225999456078,46.71553141197379,0.0326,0.9674
2022-07-14,98.02,0.0296,0.31128951230721325,26.4,0.7654337775360348,49.6401900348868,0.0243,0.9757
2022-07-15,102.52,0.029300000000000003,0.323390665544373,24.23,0.7949415284199075,46.63206876572419,0.0439,0.9561
2022-07-18,101.46,0.0296,0.3236000857113729,25.3,0.7803916236062007,47.37112234267239,0.0398,0.9602
2022-07-19,103.98,0.0301,0.32814141616369524,24.5,0.7912700571117759,45.643006482440626,0.0511,0.9489
2022-07-20,103.96,0.0304,0.3233365699384363,23.88,0.7997008430785967,45.41783204361998,0.0489,0.9511
2022-07-21,104.67,0.0291,0.32376550745222116,23.11,0.8101713353277128,45.10669933720853,0.0522,0.9478
2022-07-22,104.16,0.0277,0.31845154483319016,23.03,0.8112591786782704,45.42065974336129,0.0479,0.9521
2022-07-25,104.58,0.0281,0.31757799664304914,23.36,0.8067718248572205,45.01895302050672,0.0488,0.9512
2022-07-26,102.94,0.0281,0.3172293854393904,24.69,0.7886864291542017,46.24546604229018,0.0422,0.9578
2022-07-27,104.59,0.0278,0.3123375225898361,23.24,0.8084035898830568,44.86195313789494,0.0469,0.9531
2022-07-28,104.2,0.0268,0.31179990034570937,22.33,0.8207778079956487,45.250909386887,0.0452,0.9548
2022-07-29,104.7,0.026699999999999998,0.3086367884090459,21.33,0.8343758498776176,44.78107016633229,0.0456,0.9544
2022-08-01,103.66,0.026000000000000002,0.3010050954064986,22.84,0.8138428066358444,45.32885669397515,0.0375,0.9625
2022-08-02,102.04,0.0275,0.29847292178698376,23.93,0.7990209409844982,46.29563064626122,0.0311,0.9689
2022-08-03,103.11,0.0273,0.2994475301307177,21.95,0.8259450639107968,45.523633920405516,0.0349,0.9651
2022-08-04,101.98,0.0268,0.29874152374072854,21.44,0.832880065270601,46.44154343300463,0.0311,0.9689
2022-08-05,105.07,0.028300000000000002,0.30150219748191404,21.15,0.8368234974163721,44.024397998680755,0.0443,0.9557
2022-08-08,103.79,0.0277,0.3022602402092214,21.29,0.8349197715528964,45.0638581462607,0.0391,0.9609
2022-08-09,104.72,0.027999999999999997,0.30284101455895673,21.77,0.8283927114495513,44.37810745009577,0.0433,0.9567
2022-08-10,107.45,0.0278,0.3070309643470516,19.74,0.8559967364699483,42.637892074839634,0.0573,0.9427
2022-08-11,109.04,0.0287,0.3080863322085037,20.2,0.8497416372042426,41.50708067952474,0.0659,0.9341
2022-08-12,110.85,0.028399999999999998,0.30241773353084944,19.53,0.8588523252651618,40.08390669016715,0.0741,0.9259
2022-08-15,111.15,0.0279,0.300260975762802,19.95,0.8531411476747348,39.82906607653869,0.0743,0.9257
2022-08-16,112.21,0.0282,0.29905090998094314,19.69,0.8566766385640467,39.15098506332957,0.0809,0.9191
2022-08-17,111.27,0.028900000000000002,0.29907802243911363,19.9,0.8538210497688333,39.58838313229283,0.0746,0.9254
2022-08-18,110.4,0.0288,0.27137922960377,19.56,0.8584443840087028,38.845391107673464,0.0529,0.9471
2022-08-19,107.67,0.0298,0.274346212730091,20.6,0.844302420451455,40.852970276309456,0.042,0.958
2022-08-22,105.89,0.030299999999999997,0.27574555016688207,23.8,0.8007886864291542,42.158859791741826,0.0352,0.9648
2022-08-23,104.85,0.0305,0.2735892763031628,24.11,0.7965732934457438,42.879039030020124,0.0311,0.9689
2022-08-24,105.1,0.0311,0.2717476154833704,22.82,0.8141147674734838,42.54358883586095,0.0311,0.9689
2022-08-25,107.6,0.030299999999999997,0.276172167690825,21.78,0.8282567310307316,40.91630947685545,0.0432,0.9568
2022-08-26,104.08,0.0304,0.2816409971732905,25.56,0.7768561327168888,43.75742967899416,0.0314,0.9686
2022-08-29,103.82,0.031200000000000002,0.27917136645935936,26.21,0.7680174054936089,43.78358887371264,0.0302,0.9698
2022-08-30,103.84,0.0311,0.27810171112413445,26.21,0.7680174054936089,43.752433200076375,0.0295,0.9705
2022-08-31,103.22,0.0315,0.2782143556511986,25.87,0.7726407397334784,44.21886530902932,0.0278,0.9722
2022-09-01,103.93,0.0326,0.2786435531596434,25.56,0.7768561327168888,43.505210923433665,0.0306,0.9694
2022-09-02,103.21,0.032,0.27731229830944976,25.47,0.7780799564862659,44.13931923416788,0.0276,0.9724
2022-09-06,103.23,0.0333,0.27438554866781456,26.91,0.7584987761762306,43.87694623602211,0.0268,0.9732
2022-09-07,105.19,0.0327,0.2611670125886101,24.64,0.7893663312483002,41.95157682040128,0.0272,0.9728
2022-09-08,107.64,0.0329,0.2581689415495673,23.61,0.8033723143867283,39.85578713432255,0.0344,0.9656
2022-09-09,108.16,0.0333,0.2557849940326482,22.79,0.8145227087299429,39.31461135597369,0.0352,0.9648
2022-09-12,109.44,0.0337,0.2557927991026753,23.87,0.7998368234974164,38.31738846743148,0.041,0.959
2022-09-13,105.64,0.0342,0.26353936288693797,27.27,0.7536034810987218,41.4475691178437,0.0303,0.9697
2022-09-14,105.39,0.0341,0.2634703204844068,26.16,0.7686973075877074,41.67082292921967,0.029,0.971
2022-09-15,106.98,0.0345,0.2604220634561636,26.27,0.7672015229806908,40.239202539448414,0.0334,0.9666
2022-09-16,106.26,0.0345,0.2605404473625661,26.3,0.7667935817242317,40.82385851431905,0.0311,0.9689
2022-09-19,107.24,0.0349,0.2600250179293314,25.76,0.774136524340495,39.9780293318475,0.034,0.966
2022-09-20,105.13,0.035699999999999996,0.2562415584206297,27.16,0.7550992657057384,41.46686117238798,0.0259,0.9741
2022-09-21,102.1,0.0351,0.26250887633376585,27.99,0.7438128909437041,44.22112151939571,0.0184,0.9816
2022-09-22,100.94,0.037000000000000005,0.26333577158393123,27.35,0.7525156377481642,44.99523215351522,0.0164,0.9836
2022-09-23,99.06,0.0369,0.2658546782075434,29.92,0.7175686701115038,46.72304521816562,0.014,0.986
2022-09-26,96.93,0.0388,0.265213743602265,32.26,0.6857492521076964,48.32103063946356,0.011,0.989
2022-09-27,96.07,0.0397,0.2642472904488601,32.6,0.681125917867827,48.95052968373985,0.0098,0.9902
2022-09-28,98.01,0.037200000000000004,0.2676987683011871,30.18,0.7140331792221919,47.62970796024341,0.0126,0.9874
2022-09-29,96.35,0.037599999999999995,0.26953097231598266,31.84,0.6914604296981235,49.08097163396897,0.011,0.989
2022-09-30,94.85,0.0383,0.26565250871295193,31.62,0.6944519989121567,50.24170699697242,0.0083,0.9917
2022-10-03,97.78,0.036699999999999997,0.27374296969538753,30.1,0.7151210225727495,48.03251664631578,0.0138,0.9862
2022-10-04,102.35,0.0362,0.28931001431528214,29.07,0.7291270057111776,44.64488204085439,0.0303,0.9697
2022-10-05,101.09,0.037599999999999995,0.290427167097825,28.55,0.7361979874898015,45.53744177954298,0.0271,0.9729
2022-10-06,99.03,0.0383,0.2927998321764587,30.52,0.7094098449823225,47.170086476039785,0.0218,0.9782
2022-10-07,97.05,0.038900000000000004,0.28677211846909667,31.36,0.6979874898014685,48.646214867635074,0.0151,0.9849
2022-10-10,96.14,0.038900000000000004,0.27090808561191165,32.45,0.6831656241501223,49.11836885612915,0.011,0.989
2022-10-11,93.37,0.0393,0.2762419316587056,33.63,0.6671199347293989,51.6188340311334,0.0085,0.9915
2022-10-12,94.88,0.0391,0.2733039080620187,33.57,0.6679358172423171,50.26002485745549,0.0098,0.9902
2022-10-13,100.15,0.0397,0.2971663146970339,31.94,0.6901006255099266,46.23121607824931,0.0271,0.9729
2022-10-14,101.82,0.04,0.29887664316108886,32.02,0.689012782159369,44.899257820553586,0.0322,0.9678
2022-10-17,106.1,0.04019999999999999,0.31101618737589976,31.37,0.697851509382649,42.309566599412406,0.0559,0.9441
2022-10-18,108.83,0.0401,0.3152207604206139,30.5,0.7096818058199619,40.70757288382519,0.0735,0.9265
2022-10-19,106.69,0.0414,0.3162171332847275,30.76,0.7061463149306499,41.971600128674964,0.062,0.938
2022-10-20,106.35,0.0424,0.3147105404521951,29.98,0.7167527875985857,42.010881074883116,0.0597,0.9403
2022-10-21,111.93,0.0421,0.33210109428055856,29.69,0.7206962197443567,39.68555141845623,0.1013,0.8987
2022-10-24,112.07,0.0425,0.332025910796228,29.85,0.7185205330432417,39.56697966814969,0.1022,0.8978
2022-10-25,112.36,0.040999999999999995,0.33119948308889907,28.46,0.7374218112591786,39.5077984217275,0.1032,0.8968
2022-10-26,113.65,0.0404,0.3298488156773359,27.28,0.7534675006799021,38.806852059990106,0.1116,0.8884
2022-10-27,114.1,0.039599999999999996,0.3294032019218148,27.39,0.7519717160728855,38.63273593574789,0.1135,0.8865
2022-10-28,115.46,0.04019999999999999,0.32892532079670767,25.75,0.7742725047593146,37.80180149100065,0.1229,0.8771
2022-10-31,115.27,0.040999999999999995,0.32377733772394013,25.88,0.7725047593146587,37.52027659913043,0.1195,0.8805
2022-11-01,117.35,0.0407,0.3241484215533945,25.81,0.7734566222463966,36.58047346078905,0.1361,0.8639
2022-11-02,116.27,0.040999999999999995,0.3246797670127232,25.86,0.772776720152298,37.0666860606139,0.1265,0.8735
2022-11-03,116.48,0.0414,0.32076499406162184,25.3,0.7803916236062007,36.67236316019475,0.1261,0.8739
2022-11-04,119.67,0.0417,0.3240077792338057,24.55,0.7905901550176775,35.483856617129376,0.1547,0.8453
2022-11-07,120.3,0.042199999999999994,0.3226193934484835,24.35,0.7933097633940712,35.082719644614905,0.1594,0.8406
2022-11-08,120.37,0.0414,0.3226166880184725,25.54,0.7771280935545282,35.12005562904827,0.1598,0.8402
2022-11-09,118.81,0.0412,0.32352513912095326,26.09,0.7696491705194453,35.84134227153747,0.1483,0.8517
2022-11-10,123.7,0.0382,0.3330774838040506,23.53,0.8044601577372859,34.93143233207121,0.1906,0.8094
2022-11-11,123.9,0.0382,0.3324524925007171,22.52,0.8181941800380745,34.815310229250954,0.1922,0.8078
2022-11-14,122.63,0.0388,0.3287587036816179,23.73,0.801740549360892,34.960541533673904,0.1795,0.8205
2022-11-15,121.74,0.038,0.32702489466526413,24.54,0.7907261354364972,35.23383854320158,0.1713,0.8287
2022-11-16,121.9,0.036699999999999997,0.32602265923564233,24.11,0.7965732934457438,35.20254313265831,0.1716,0.8284
2022-11-17,121.37,0.0377,0.3263440017125275,23.93,0.7990209409844982,35.32951427336996,0.1685,0.8315
2022-11-18,122.56,0.0382,0.3237156445465164,23.12,0.8100353549088931,34.6514239698395,0.1766,0.8234
2022-11-21,121.84,0.0383,0.31586800718277674,22.36,0.8203698667391895,34.31459246203867,0.1672,0.8328
2022-11-22,123.66,0.037599999999999995,0.3166339787678742,21.29,0.8349197715528964,33.73386133762622,0.1818,0.8182
2022-11-23,124.98,0.0371,0.31694967977334376,20.35,0.8477019309219472,33.327585285480446,0.1944,0.8056
2022-11-25,125.22,0.0368,0.3163772790110226,20.5,0.8456622246396519,33.24355510342611,0.1965,0.8035
2022-11-28,123.03,0.0369,0.3191680637611868,22.21,0.8224095730214849,34.23250874786492,0.177,0.823
2022-11-29,125.05,0.0375,0.3196484036102672,21.89,0.826760946423715,33.49397102939269,0.197,0.803
2022-11-30,126.54,0.0368,0.32004838319549694,20.58,0.8445743812890943,33.03754983647974,0.2094,0.7906
2022-12-01,124.76,0.0353,0.3204281171828897,19.84,0.8546369322817514,33.81133405206351,0.1924,0.8076
2022-12-02,123.77,0.0351,0.3183852679945742,19.06,0.8652434049496872,34.03000988234696,0.1825,0.8175
2022-12-05,120.3,0.036000000000000004,0.3244362133690257,20.75,0.8422627141691597,35.74119784630971,0.1571,0.8429
2022-12-06,120.5,0.0351,0.3237853586984737,22.17,0.8229534946967636,35.694868945830684,0.1583,0.8417
2022-12-07,120.42,0.0342,0.3147708904000381,22.68,0.8160184933369594,35.16947538909537,0.1524,0.8476
2022-12-08,121.68,0.0348,0.31504334488457925,22.29,0.8213217296709274,34.61582023372722,0.1633,0.8367
2022-12-09,121.02,0.035699999999999996,0.31437173126882967,22.83,0.8139787870546642,34.74173234550377,0.1572,0.8428
2022-12-12,122.9,0.0361,0.31496674396737,25.0,0.7844710361707914,34.03563998008097,0.1739,0.8261
2022-12-13,122.78,0.0351,0.3147468652399136,22.55,0.8177862387816154,34.158247050077925,0.1722,0.8278
2022-12-14,122.17,0.0349,0.31176027232421794,21.14,0.8369594778351916,34.16279163583879,0.1661,0.8339
2022-12-15,119.14,0.0344,0.3101291661814733,22.83,0.8139787870546642,35.377799194670054,0.1392,0.8608
2022-12-16,118.4,0.0348,0.3093059731244729,22.62,0.8168343758498776,35.63629634487581,0.1325,0.8675
2022-12-19,119.1,0.035699999999999996,0.30610174855629707,22.42,0.8195539842262713,35.01253039330294,0.1369,0.8631
2022-12-20,119.68,0.0369,0.30173142448744183,21.48,0.8323361435953223,34.32985401501475,0.1401,0.8599
2022-12-21,121.02,0.0368,0.30096326461327105,20.07,0.8515093826488985,33.69249000094096,0.1503,0.8497
2022-12-22,119.65,0.036699999999999997,0.3006637464792547,21.97,0.8256731030731574,34.27756703193697,0.1387,0.8613
2022-12-23,120.22,0.0375,0.2976359808349428,20.87,0.8406309491433234,33.73373130670445,0.1424,0.8576
2022-12-27,120.64,0.0384,0.29487060798899734,21.65,0.8300244764753876,33.2664965760797,0.145,0.855
2022-12-28,121.3,0.0388,0.28959158753766223,22.14,0.8233614359532228,32.56462016630656,0.1481,0.8519
2022-12-29,122.0,0.0383,0.27544873527224706,21.44,0.832880065270601,31.303874654397084,0.1441,0.8559
2022-12-30,122.8,0.0388,0.27365485249753707,21.67,0.8297525156377481,30.782253518272064,0.1501,0.8499
2023-01-03,123.74,0.0379,0.2692496964963212,22.9,0.8130269241229263,30.129562515805574,0.1555,0.8445
2023-01-04,124.89,0.0369,0.2648212476237253,22.01,0.8251291813978787,29.396626998548943,0.1631,0.8369
2023-01-05,124.86,0.0371,0.2634573535732699,22.46,0.8190100625509926,29.284952304923866,0.1618,0.8382
2023-01-06,127.25,0.0355,0.25577750422762324,21.13,0.8370954582540114,27.880338351540825,0.1788,0.8212
2023-01-09,126.72,0.0353,0.25548043243391294,21.97,0.8256731030731574,28.089285731425242,0.1736,0.8264
2023-01-10,127.86,0.0361,0.23293079000879877,20.58,0.8445743812890943,25.819032431159776,0.17,0.83
2023-01-11,128.81,0.0354,0.2315799382506365,21.09,0.8376393799292902,25.39910666716473,0.1784,0.8216
2023-01-12,128.68,0.034300000000000004,0.21779952006499806,18.83,0.8683709545825401,24.46287089372276,0.1662,0.8338
2023-01-13,131.93,0.0349,0.217593207976064,18.35,0.8748980146858852,23.079778872966322,0.2049,0.7951
2023-01-17,129.89,0.0353,0.21586264158540105,19.36,0.8611639923850966,23.743418291422977,0.1786,0.8214
2023-01-18,125.99,0.0337,0.22611128419650336,20.34,0.8478379113407669,26.33377761219075,0.1429,0.8571
2023-01-19,124.31,0.0339,0.20362910866426873,20.52,0.8453902638020125,25.70699356140661,0.1037,0.8963
2023-01-20,124.61,0.0348,0.2036289055932653,19.85,0.8545009518629317,25.446022637908378,0.1069,0.8931
2023-01-23,126.63,0.0352,0.2057426027022862,19.81,0.8550448735382106,24.452290826457787,0.1319,0.8681
2023-01-24,127.72,0.0346,0.2052653976751788,19.2,0.8633396790862116,23.93646890774733,0.1439,0.8561
2023-01-25,128.34,0.0346,0.20530952723492657,19.08,0.8649714441120478,23.649757297039194,0.1505,0.8495
2023-01-26,129.13,0.0349,0.20446346463668605,18.73,0.869730758770737,23.200236545177287,0.1598,0.8402
2023-01-27,129.45,0.0352,0.2043285044111911,18.51,0.8727223279847702,23.03114118733009,0.1636,0.8364
2023-01-30,128.35,0.0355,0.20266954706799792,19.94,0.8532771280935545,23.38109877959484,0.1496,0.8504
2023-01-31,129.11,0.0352,0.20160166809515448,19.4,0.8606200707098178,22.971330941778746,0.1566,0.8434
2023-02-01,128.77,0.0339,0.20180878515763587,17.87,0.8814250747892303,23.255255581135835,0.1522,0.8478
2023-02-02,128.17,0.034,0.19499396427110108,18.73,0.869730758770737,23.022048618400746,0.138,0.862
2023-02-03,130.16,0.0353,0.197026902259157,18.33,0.8751699755235246,22.156736966690627,0.1661,0.8339
2023-02-06,130.92,0.0363,0.19722933126876327,19.43,0.8602121294533587,21.774924047051964,0.1763,0.8237
2023-02-07,132.52,0.036699999999999997,0.1961047601879463,18.66,0.8706826217024748,21.025112934557647,0.1977,0.8023
2023-02-08,131.59,0.0363,0.17901797783463783,19.63,0.8574925210769649,20.07186653657691,0.1679,0.8321
2023-02-09,129.54,0.036699999999999997,0.18224294967985738,20.71,0.8428066358444384,21.207302101776108,0.1441,0.8559
2023-02-10,130.11,0.0374,0.1809146964769598,20.53,0.8452542833831929,20.785940220152547,0.1502,0.8498
2023-02-13,131.52,0.037200000000000004,0.18116549700412543,20.34,0.8478379113407669,20.200245371467457,0.1691,0.8309
2023-02-14,132.1,0.0377,0.18127372636350653,18.91,0.8672831112319825,19.93438881703574,0.1774,0.8226
2023-02-15,132.66,0.0381,0.18096380956797758,18.23,0.8765297797117215,19.63325681521446,0.1851,0.8149
2023-02-16,130.83,0.038599999999999995,0.18281804140558866,20.17,0.8501495784607016,20.50963113086589,0.1631,0.8369
2023-02-17,131.22,0.0382,0.18226375354019375,20.02,0.852189284742997,20.329574413735838,0.1681,0.8319
2023-02-21,128.81,0.0395,0.1843887432009712,22.87,0.8134348653793854,21.467945060330965,0.1392,0.8608
2023-02-22,127.82,0.0393,0.18400538938457675,22.29,0.8213217296709274,21.941722317357968,0.1252,0.8748
2023-02-23,128.85,0.0388,0.18464501618692464,21.14,0.8369594778351916,21.529501315604232,0.1395,0.8605
2023-02-24,130.01,0.0395,0.1815506247070417,21.67,0.8297525156377481,20.702902942623954,0.1519,0.8481
2023-02-27,131.14,0.0392,0.17942306419927206,20.95,0.8395431057927658,20.067972543023156,0.1646,0.8354
2023-02-28,132.24,0.0392,0.17863835460605332,20.7,0.8429426162632581,19.55724904622285,0.178,0.822
2023-03-01,131.5,0.0401,0.17645812630689653,20.58,0.8445743812890943,19.609997724220175,0.1673,0.8327
2023-03-02,130.14,0.0408,0.17704308695779983,19.59,0.8580364427522437,20.200165632554977,0.1496,0.8504
2023-03-03,132.53,0.0397,0.17005379760578895,18.49,0.8729942888224096,18.7137805475521,0.1739,0.8261
2023-03-06,131.75,0.0398,0.17075760524694547,18.61,0.8713625237965733,19.084917856055288,0.1638,0.8362
2023-03-07,127.88,0.0397,0.18210428512977328,19.59,0.8580364427522437,21.728748309230003,0.1239,0.8761
2023-03-08,127.12,0.0398,0.1815919226865426,19.11,0.8645635028555888,22.136473640046315,0.1152,0.8848
2023-03-09,120.24,0.0393,0.21336011515398454,22.61,0.8169703562686973,28.216314255262986,0.0811,0.9189
2023-03-10,123.29,0.037000000000000005,0.21733528028400279,24.8,0.7871906445471852,26.870518512916036,0.1087,0.8913
2023-03-13,121.08,0.0355,0.2204623271124621,26.52,0.7638020125101985,28.500417866953033,0.091,0.909
2023-03-14,124.19,0.0364,0.22646178111469112,23.73,0.801740549360892,27.000235768708457,0.125,0.875
2023-03-15,118.32,0.0351,0.24132109098243762,26.14,0.7689692684253466,31.442238575403216,0.0862,0.9138
2023-03-16,120.62,0.0356,0.24420931077485694,22.99,0.8118031003535491,30.182061086326176,0.1057,0.8943
2023-03-17,116.06,0.0339,0.25615788856909305,25.51,0.7775360348109872,33.802259308868074,0.0806,0.9194
2023-03-20,117.29,0.0347,0.2569196230804522,24.15,0.7960293717704651,32.99902572774823,0.0902,0.9098
2023-03-21,120.43,0.0359,0.2618081203969243,21.38,0.8336959477835192,31.363345860162685,0.1182,0.8818
2023-03-22,117.32,0.0348,0.26615077677760096,22.26,0.8217296709273865,33.48308362841588,0.0954,0.9046
2023-03-23,117.01,0.0338,0.2659950025193659,22.61,0.8169703562686973,33.77378938581754,0.0932,0.9068
2023-03-24,115.23,0.0338,0.267609789076627,21.74,0.8288006527060103,34.97253136975029,0.083,0.917
2023-03-27,118.53,0.0353,0.2739986884813361,20.6,0.844302420451455,33.23528990737272,0.1114,0.8886
2023-03-28,118.89,0.0355,0.2737998883186457,19.97,0.8528691868370954,33.01844252331498,0.1136,0.8864
2023-03-29,119.13,0.035699999999999996,0.2734734206014495,19.12,0.864427522436769,32.84304767993948,0.1157,0.8843
2023-03-30,118.77,0.0355,0.27301223179840417,19.02,0.865787326624966,33.03680609817571,0.1124,0.8876
2023-03-31,120.21,0.0348,0.27350870374443387,18.7,0.8701387000271961,32.31418959575493,0.1235,0.8765
2023-04-03,120.07,0.034300000000000004,0.2735116764096234,18.55,0.8721784063094914,32.44827186555445,0.1222,0.8778
2023-04-04,118.47,0.0335,0.27163810163824403,19.0,0.8660592874626054,33.301408305169254,0.1072,0.8928
2023-04-05,118.65,0.033,0.27160906209407837,19.08,0.8649714441120478,33.27628225144229,0.1089,0.8911
2023-04-06,118.51,0.033,0.27081682058665796,18.4,0.8742181125917868,33.27457397728845,0.1065,0.8935
2023-04-10,118.91,0.0341,0.27039720394638306,18.97,0.8664672287190645,32.92145609329884,0.1114,0.8886
2023-04-11,119.49,0.034300000000000004,0.2706827990740483,19.1,0.8646994832744085,32.60870006222606,0.1157,0.8843
2023-04-12,119.47,0.0341,0.2650699828908315,19.09,0.8648354636932282,32.279371293230994,0.1117,0.8883
2023-04-13,119.93,0.0345,0.26368032690492094,17.8,0.8823769377209681,31.913942505177506,0.1146,0.8854
2023-04-14,128.98,0.0352,0.3004658964115226,17.07,0.8923035082948055,30.856561957484523,0.2265,0.7735
2023-04-17,130.01,0.036000000000000004,0.2994280263056976,16.95,0.8939352733206418,30.407403755432092,0.2375,0.7625
2023-04-18,131.47,0.0358,0.30015985781400084,16.83,0.8955670383464781,30.079502189927652,0.2524,0.7476
2023-04-19,131.3,0.036000000000000004,0.29852755428838473,16.46,0.9005983138428066,29.96199692884126,0.2497,0.7503
2023-04-20,130.92,0.0354,0.2981693320906866,17.17,0.8909437041066086,30.055436980960216,0.2448,0.7552
2023-04-21,130.67,0.035699999999999996,0.29807791997253025,16.77,0.8963829208593963,30.115394986857392,0.2423,0.7577
2023-04-24,130.84,0.0352,0.29784855974369073,16.89,0.8947511558335599,30.074849198360113,0.2439,0.7561
2023-04-25,128.0,0.034,0.30122947933010596,18.76,0.869322817514278,31.26015108172458,0.2133,0.7867
2023-04-26,125.73,0.034300000000000004,0.3029309325827118,18.84,0.8682349741637204,32.17654536531044,0.1918,0.8082
2023-04-27,127.42,0.0353,0.3039665646247107,17.03,0.8928474299700843,31.577816731911973,0.2092,0.7908
2023-04-28,128.53,0.0344,0.30444192043193663,15.78,0.9098449823225456,31.383012934584148,0.2231,0.7769
2023-05-01,131.28,0.0359,0.30735301276029503,16.08,0.9057655697579547,30.732889273338877,0.2539,0.7461
2023-05-02,129.16,0.0344,0.307630523215867,17.78,0.8826488985586075,31.415467743668646,0.2314,0.7686
2023-05-03,126.43,0.0338,0.3104192235573704,18.34,0.8750339951047049,32.54425280650522,0.2022,0.7978
2023-05-04,124.7,0.0337,0.3104624293780101,20.09,0.8512374218112592,33.18074900814978,0.1851,0.8149
2023-05-05,127.13,0.0344,0.3129463826684562,17.19,0.8906717432689693,32.44017490037028,0.2105,0.7895
2023-05-08,127.44,0.0352,0.31138438383985306,16.98,0.8935273320641828,32.1693474594426,0.2137,0.7863
2023-05-09,126.83,0.0353,0.311388528059404,17.71,0.8836007614903454,32.357272277778286,0.2068,0.7932
2023-05-10,126.89,0.034300000000000004,0.31053751193079887,16.94,0.8940712537394615,32.34351234484732,0.2065,0.7935
2023-05-11,126.49,0.0339,0.3104229273953615,16.93,0.8942072341582812,32.525885228572946,0.2026,0.7974
2023-05-12,124.68,0.0346,0.31152984135327466,17.03,0.8928474299700843,33.19518283373037,0.1862,0.8138
2023-05-15,125.73,0.035,0.3109118458951531,17.12,0.891623606200707,32.76505931610143,0.1971,0.8029
2023-05-16,124.88,0.0354,0.31109032936655795,17.99,0.8797933097633941,33.028952779633144,0.1893,0.8107
2023-05-17,128.72,0.035699999999999996,0.3153894236897118,16.87,0.8950231166711993,32.09313605897198,0.2313,0.7687
2023-05-18,129.7,0.0365,0.31531785572212206,16.05,0.906173511014414,31.778151169382124,0.241,0.759
2023-05-19,129.4,0.037000000000000005,0.3149633110502673,16.81,0.8958389991841175,31.80060023782898,0.2385,0.7615
2023-05-22,128.33,0.037200000000000004,0.31490546360211347,17.21,0.8903997824313299,32.08161422474281,0.2281,0.7719
2023-05-23,126.99,0.037000000000000005,0.31508490672124106,18.53,0.8724503671471308,32.50087599719596,0.2124,0.7876
2023-05-24,125.83,0.0373,0.3150574443896681,20.03,0.8520533043241773,32.85793488065641,0.2011,0.7989
2023-05-25,126.14,0.0383,0.3149483434301919,19.14,0.8641555615991297,32.65383637569456,0.2041,0.7959
2023-05-26,127.32,0.038,0.3149063236533803,17.95,0.8803372314386728,32.29282798875284,0.2166,0.7834
2023-05-30,127.8,0.0369,0.3126491972710496,17.46,0.8870002719608376,32.076379392344656,0.2205,0.7795
2023-05-31,126.18,0.0364,0.3134652901201214,17.94,0.8804732118574925,32.68538964038977,0.2028,0.7972
2023-06-01,127.91,0.0361,0.30893458252350187,15.65,0.9116127277672016,31.765046179091733,0.2191,0.7809
2023-06-02,130.6,0.0369,0.3115820167182786,14.6,0.925890671743269,31.20430779767784,0.2485,0.7515
2023-06-05,129.32,0.0369,0.29086208089170423,14.73,0.924122926298613,29.841124939387583,0.2263,0.7737
2023-06-06,129.55,0.037000000000000005,0.2865379777603634,13.96,0.9345934185477291,29.412338957844227,0.2265,0.7735
2023-06-07,130.81,0.0379,0.28433904561379914,13.94,0.9348653793853684,28.773709744849942,0.2398,0.7602
2023-06-08,130.84,0.0373,0.2798199133753067,13.65,0.9388088115311396,28.446905023338633,0.2381,0.7619
2023-06-09,131.1,0.0375,0.26109673220143576,13.83,0.9363611639923852,26.7749153357752,0.2304,0.7696
2023-06-12,131.09,0.0373,0.2585295610425684,15.01,0.9203154745716616,26.574939552554163,0.2288,0.7712
2023-06-13,132.04,0.0384,0.2454166369347531,14.61,0.9257546913244492,25.140425759606842,0.2337,0.7663
2023-06-14,131.55,0.0383,0.24509388136518448,13.88,0.9356812618982866,25.272813482126175,0.2265,0.7735
2023-06-15,133.04,0.037200000000000004,0.2404340269414064,14.5,0.927250475931466,24.48545036761798,0.241,0.759
2023-06-16,133.2,0.0377,0.23346367065744028,13.54,0.940304596138156,23.813677299775105,0.2395,0.7605
2023-06-20,132.52,0.0374,0.23373723747108435,13.88,0.9356812618982866,24.055568319804383,0.2307,0.7693
2023-06-21,132.32,0.037200000000000004,0.23105351842992564,13.2,0.9449279303780256,23.929528673017394,0.2262,0.7738
2023-06-22,129.77,0.038,0.22867367718104442,12.91,0.9488713625237966,24.56714234244214,0.1901,0.8099
2023-06-23,129.1,0.0374,0.22907239428194276,13.44,0.941664400326353,24.90786704958128,0.1817,0.8183
2023-06-26,129.41,0.037200000000000004,0.22907761936796808,14.25,0.9306499864019582,24.79221439490846,0.1845,0.8155
2023-06-27,129.42,0.0377,0.2289054269750047,13.74,0.9375849877617624,24.737334647112824,0.1849,0.8151
2023-06-28,128.85,0.0371,0.22814379057484768,13.43,0.9418003807451728,24.979668985680966,0.1777,0.8223
2023-06-29,133.35,0.0385,0.23827133738643533,13.54,0.940304596138156,24.11463948546674,0.2445,0.7555
2023-06-30,135.22,0.0381,0.23741807667357376,13.59,0.9396246940440576,23.67566257594862,0.2721,0.7279
2023-07-03,136.31,0.038599999999999995,0.2377028814433828,13.57,0.939896654881697,23.51244903068579,0.2917,0.7083
2023-07-05,135.4,0.0395,0.23832475046382662,14.18,0.931601849333696,23.643857820023097,0.2767,0.7233
2023-07-06,134.06,0.0405,0.23962502725614884,15.44,0.914468316562415,23.963740827343788,0.2581,0.7419
2023-07-07,135.12,0.0406,0.2398547577862251,14.83,0.922763122110416,23.784118781726686,0.2743,0.7257
2023-07-10,135.88,0.0401,0.23990833730774405,15.07,0.9194995920587437,23.695726828379488,0.2876,0.7124
2023-07-11,138.0,0.039900000000000005,0.24144554679705393,14.84,0.9226271416915964,23.574167161267997,0.3187,0.6813
2023-07-12,138.69,0.038599999999999995,0.18762842070900118,13.54,0.940304596138156,18.55125235879971,0.2997,0.7003
2023-07-13,139.36,0.037599999999999995,0.18725778721995845,13.61,0.9393527332064184,18.45701261032901,0.3097,0.6903
2023-07-14,140.2,0.0383,0.186372167184116,13.34,0.94302420451455,18.18942177619563,0.3279,0.6721
2023-07-17,143.58,0.0381,0.19213722899148805,13.48,0.9411204786510744,18.64901393741816,0.3952,0.6048
2023-07-18,143.85,0.038,0.19191319175879043,13.3,0.9435681261898288,18.658361539395656,0.4011,0.5989
2023-07-19,144.4,0.0375,0.19181959748909796,13.76,0.9373130269241228,18.652985105889766,0.4122,0.5878
2023-07-20,146.18,0.0385,0.19303933493892422,13.99,0.93418547729127,18.906330636818492,0.4471,0.5529
2023-07-21,145.05,0.0384,0.18778636017508465,13.6,0.939488713625238,18.30372651793817,0.4265,0.5735
2023-07-24,147.91,0.038599999999999995,0.1865253457103739,13.91,0.9352733206418276,18.49419219487186,0.4822,0.5178
2023-07-25,146.8,0.0391,0.18635064602311366,13.86,0.935953222735926,18.329915728700957,0.4596,0.5404
2023-07-26,147.68,0.038599999999999995,0.1860424230984925,13.19,0.9450639107968452,18.41023990159131,0.4769,0.5231
2023-07-27,146.06,0.0401,0.1837258861724121,14.41,0.928474299700843,17.969891687088353,0.4473,0.5527
2023-07-28,146.89,0.039599999999999996,0.18000348085691764,13.33,0.9431601849333696,17.720317459443862,0.4641,0.5359
2023-07-31,147.87,0.0397,0.1735033165385876,13.63,0.9390807723687788,17.224644531477644,0.4857,0.5143
2023-08-01,147.14,0.0405,0.1708878149626872,13.93,0.9350013598041882,16.849067225080248,0.4715,0.5285
2023-08-02,145.47,0.0408,0.16972216994582964,16.09,0.9056295893391352,16.54605536697336,0.4373,0.5627
2023-08-03,146.36,0.042,0.1699020262385663,15.92,0.90794125645907,16.650215894242606,0.4574,0.5426
2023-08-04,146.06,0.0405,0.16950205324324166,17.1,0.8918955670383465,16.563728153603645,0.4483,0.5517
2023-08-07,146.75,0.0409,0.1695183237810518,15.77,0.9099809627413652,16.669979725773057,0.4643,0.5357
2023-08-08,145.92,0.04019999999999999,0.16995083314690856,15.99,0.906989393527332,16.592162374384877,0.4449,0.5551
2023-08-09,143.97,0.04,0.16956324825164878,15.96,0.9073973347837913,16.438782921564485,0.4015,0.5985
2023-08-10,143.75,0.0409,0.16929398831182235,15.85,0.9088931193908076,16.38719712199822,0.3979,0.6021
2023-08-11,144.59,0.0416,0.16838403645046948,14.84,0.9226271416915964,16.322096587202562,0.4198,0.5802
2023-08-14,144.89,0.04190000000000001,0.15775601437756492,14.82,0.9228991025292358,15.30258119040374,0.4247,0.5753
2023-08-15,141.2,0.0421,0.16704280080557057,16.46,0.9005983138428066,16.161120925604767,0.3437,0.6563
2023-08-16,140.6,0.042800000000000005,0.16727711878536822,16.78,0.8962469404405765,16.179983978080887,0.3307,0.6693
2023-08-17,139.14,0.043,0.16785656761231724,17.89,0.8811531139515909,16.44888137536898,0.2999,0.7001
2023-08-18,139.46,0.0426,0.16603732385679046,17.3,0.8891759586619526,16.24366200906343,0.3037,0.6963
2023-08-21,139.93,0.0434,0.16455019389020636,17.13,0.8914876257818874,16.00839568764674,0.3142,0.6858
2023-08-22,137.03,0.0434,0.17090484036889897,16.97,0.8936633124830025,17.026493397196493,0.258,0.742
2023-08-23,137.96,0.04190000000000001,0.17047727051654818,15.98,0.9071253739461518,16.884975009286013,0.2745,0.7255
2023-08-24,137.83,0.042300000000000004,0.1704704192640022,17.2,0.8905357628501496,16.887764708804443,0.2724,0.7276
2023-08-25,137.66,0.0425,0.16805459075887835,15.68,0.9112047865107424,16.6855689132838,0.2667,0.7333
2023-08-28,138.14,0.042,0.16617934696103415,15.08,0.919363611639924,16.450586714811134,0.2743,0.7257
2023-08-29,139.26,0.0412,0.1616879103263964,14.45,0.9279303780255644,15.914339068364539,0.2952,0.7048
2023-08-30,138.7,0.0412,0.16044942214954078,13.88,0.9356812618982866,15.858162322322443,0.2803,0.7197
2023-08-31,136.98,0.0409,0.16285126311692458,13.57,0.939896654881697,16.43677247327055,0.2443,0.7557
2023-09-01,137.44,0.0418,0.16191100521622467,13.09,0.9464237149850422,16.190981018394144,0.2542,0.7458
2023-09-05,135.93,0.042699999999999995,0.1637236108665226,14.01,0.9339135164536306,16.726540612228604,0.2297,0.7703
2023-09-06,135.7,0.043,0.16377257637714124,14.45,0.9279303780255644,16.800627907346637,0.2255,0.7745
2023-09-07,134.54,0.042699999999999995,0.1648448239333117,14.4,0.9286102801196628,17.281775392853913,0.2029,0.7971
2023-09-08,134.64,0.0426,0.164243254908589,13.84,0.9362251835735654,17.192710568071487,0.2038,0.7962
2023-09-11,135.23,0.0429,0.16422021993580202,13.8,0.9367691052488442,16.96409104641658,0.2153,0.7847
2023-09-12,136.99,0.042699999999999995,0.164730754163865,14.23,0.9309219472395976,16.50518222103928,0.2489,0.7511
2023-09-13,137.06,0.0425,0.16472497898174268,13.48,0.9411204786510744,16.493375817045955,0.2499,0.7501
2023-09-14,139.72,0.0429,0.16875487962911231,12.82,0.9500951862931738,16.45323013114979,0.3115,0.6885
2023-09-15,139.31,0.0433,0.16886838080524255,13.79,0.9369050856676638,16.501768240771995,0.3038,0.6962
2023-09-18,139.6,0.0432,0.1635531167065595,14.0,0.9340494968724504,15.961285683895513,0.3051,0.6949
2023-09-19,139.42,0.0437,0.16309441032121422,14.11,0.9325537122654338,15.926456948364642,0.3026,0.6974
2023-09-20,138.83,0.0435,0.16347513205128775,15.14,0.9185477291270056,16.03678392741028,0.2917,0.7083
2023-09-21,137.74,0.0449,0.16451683630797695,17.54,0.8859124286102801,16.240252404389413,0.2688,0.7312
2023-09-22,136.42,0.0444,0.16559463619602793,17.2,0.8905357628501496,16.64402117276258,0.2412,0.7588
2023-09-25,137.1,0.0455,0.15003796606113232,16.9,0.8946151754147403,15.029728967607964,0.2401,0.7599
2023-09-26,135.67,0.045599999999999995,0.14899433510116492,18.94,0.8668751699755235,15.352943265208504,0.2078,0.7922
2023-09-27,136.47,0.0461,0.14856573857721742,18.22,0.8766657601305412,15.065823953870265,0.2266,0.7734
2023-09-28,138.16,0.045899999999999996,0.15000124024158723,17.34,0.8886320369866739,14.778047475373251,0.2641,0.7359
2023-09-29,135.76,0.045899999999999996,0.1529418399888869,17.52,0.8861843894479196,15.644434494289364,0.2159,0.7841
2023-10-02,134.59,0.046900000000000004,0.15316025676640926,17.61,0.8849605656785423,16.026267789528468,0.1959,0.8041
2023-10-03,133.6,0.0481,0.15342703812299285,19.78,0.8554528147946695,16.331270560416602,0.1795,0.8205
2023-10-04,134.19,0.0473,0.150173200198692,18.58,0.8717704650530324,15.885320902243652,0.1842,0.8158
2023-10-05,134.76,0.0472,0.15006505338998388,18.49,0.8729942888224096,15.678395647413407,0.1952,0.8048
2023-10-06,136.84,0.0478,0.15319525058233724,17.45,0.8871362523796573,15.255056277386245,0.241,0.759
2023-10-09,136.52,0.0478,0.15268766463183517,17.7,0.8837367419091651,15.313782848616869,0.2352,0.7648
2023-10-10,137.35,0.0466,0.14458397826980976,17.03,0.8928474299700843,14.420937680241359,0.2404,0.7596
2023-10-11,137.83,0.0458,0.14474470446876317,16.09,0.9056295893391352,14.352734277399728,0.2486,0.7514
2023-10-12,137.5,0.047,0.14448068440464418,16.69,0.8974707642099538,14.348970423736645,0.2431,0.7569
2023-10-13,139.57,0.0463,0.14564065218935207,19.32,0.8617079140603753,14.154437883739092,0.2954,0.7046
2023-10-16,139.43,0.0471,0.1449101988554376,17.21,0.8903997824313299,14.057566927858728,0.2928,0.7072
2023-10-17,139.13,0.0483,0.13859596992414774,17.88,0.8812890943704107,13.44184513107324,0.2783,0.7217
2023-10-18,137.6,0.049100000000000005,0.1394799643809168,19.22,0.8630677182485722,13.767908912383744,0.2423,0.7577
2023-10-19,137.01,0.049800000000000004,0.13885541195143639,21.4,0.8334239869458798,13.833060237999959,0.2312,0.7688
2023-10-20,134.81,0.0493,0.14076088715352877,21.71,0.8292085939624694,14.735867206099815,0.1851,0.8149
2023-10-23,132.97,0.048600000000000004,0.1422347844479266,20.37,0.8474299700843079,15.64286936201852,0.1555,0.8445
2023-10-24,133.13,0.0483,0.1413119772411289,18.97,0.8664672287190645,15.51872787018033,0.1562,0.8438
2023-10-25,132.4,0.0495,0.14136972229812445,20.19,0.8498776176230622,15.738882084060496,0.1461,0.8539
2023-10-26,132.74,0.048600000000000004,0.14019238729463765,20.68,0.8432145771008974,15.583839221785489,0.1492,0.8508
2023-10-27,127.96,0.0484,0.15611303418918876,21.27,0.8351917323905358,19.16057689317011,0.1011,0.8989
2023-10-30,129.59,0.048799999999999996,0.15908279739403525,19.75,0.8558607560511287,18.439111146876424,0.126,0.874
2023-10-31,131.14,0.048799999999999996,0.16105713447830028,18.14,0.8777536034810987,17.885560704325496,0.1521,0.8479
2023-11-01,131.03,0.04769999999999999,0.16086977985422618,16.87,0.8950231166711993,18.00947189236974,0.1496,0.8504
2023-11-02,133.36,0.0467,0.16389378434951934,15.66,0.9114767473483818,17.359968532573998,0.1861,0.8139
2023-11-03,134.85,0.045700000000000005,0.16584785397385138,14.91,0.9216752787598586,17.049318371157547,0.2132,0.7868
2023-11-06,135.87,0.0467,0.16618868289377065,14.89,0.921947239597498,16.73623698005453,0.236,0.764
2023-11-07,135.81,0.0458,0.16607096078375078,14.81,0.9230350829480556,16.800599464427112,0.234,0.766
2023-11-08,136.48,0.0449,0.15847192968480228,14.45,0.9279303780255644,15.990573600132036,0.2369,0.7631
2023-11-09,136.07,0.0462,0.15836719167695085,15.29,0.9165080228447104,16.012879216314683,0.2304,0.7696
2023-11-10,138.09,0.0461,0.16007061095289873,14.17,0.9317378297525156,15.707260065553914,0.2732,0.7268
2023-11-13,137.48,0.0463,0.1602366409961321,14.76,0.923714985042154,15.82481086209617,0.2603,0.7397
2023-11-14,139.98,0.0444,0.16446217516143927,14.16,0.9318738101713352,15.947477321265481,0.3167,0.6833
2023-11-15,141.21,0.0453,0.15958135830188389,14.18,0.931601849333696,15.345171236713842,0.3447,0.6553
2023-11-16,142.82,0.044500000000000005,0.16062836421794133,14.32,0.9296981234702204,15.431273016643848,0.3806,0.6194
2023-11-17,144.12,0.0444,0.1615255911521673,13.8,0.9367691052488442,15.585401193012437,0.4109,0.5891
2023-11-20,144.56,0.044199999999999996,0.1615345409385175,13.41,0.942072341582812,15.62119547178279,0.4212,0.5788
2023-11-21,144.26,0.0441,0.16155136715171092,13.35,0.9428882240957304,15.608082920294036,0.4137,0.5863
2023-11-22,144.6,0.044199999999999996,0.16086474205269993,12.85,0.9496872450367148,15.568944941230264,0.4221,0.5779
2023-11-24,144.79,0.0447,0.1605703749724461,12.46,0.9549904813706828,15.553314101389866,0.4271,0.5729
2023-11-27,144.46,0.043899999999999995,0.15834960877760243,12.69,0.9518629317378298,15.309991072301381,0.4185,0.5815
2023-11-28,144.79,0.0434,0.15829472577744674,12.69,0.9518629317378298,15.332803749689225,0.4248,0.5752
2023-11-29,145.53,0.042699999999999995,0.15655218489747066,12.98,0.9479194995920588,15.233947312954948,0.44,0.56
2023-11-30,147.19,0.0437,0.15782002722907074,12.92,0.9487353821049768,15.594292253630169,0.4811,0.5189
2023-12-01,147.91,0.042199999999999994,0.15659874353441477,12.63,0.952678814250748,15.642217256645305,0.4982,0.5018
2023-12-04,148.99,0.042800000000000005,0.15701667995573482,13.08,0.946559695403862,15.983464260022048,0.5281,0.4719
2023-12-05,148.97,0.0418,0.15696459320024783,12.85,0.9496872450367148,15.958049440135687,0.5263,0.4737
2023-12-06,147.41,0.0412,0.1570892742673873,12.97,0.9480554800108784,15.543383120414006,0.4819,0.5181
2023-12-07,147.86,0.0414,0.15712311618885566,13.06,0.9468316562415012,15.650978098866092,0.4951,0.5049
2023-12-08,149.49,0.042300000000000004,0.15390591738909937,12.35,0.9564862659776991,15.805746056935453,0.5414,0.4586
2023-12-11,150.04,0.042300000000000004,0.15374867097766495,12.63,0.952678814250748,15.967379913849218,0.5536,0.4464
2023-12-12,151.38,0.042,0.15453922020994507,12.07,0.9602937177046506,16.512251161649353,0.5873,0.4127
2023-12-13,151.89,0.0404,0.15448810402166424,12.19,0.9586619526788144,16.646309014598355,0.5969,0.4031
2023-12-14,154.65,0.0392,0.1577411177622408,12.48,0.9547185205330432,18.065264470313586,0.6534,0.3466
2023-12-15,155.82,0.0391,0.15685348930954174,12.28,0.957438128909437,18.515534282648254,0.6798,0.3202
2023-12-18,156.76,0.0395,0.15513836904932785,12.56,0.9536306771824856,18.88579894052572,0.7006,0.2994
2023-12-19,158.86,0.0393,0.15669473128594533,12.53,0.9540386184389448,20.22231125502278,0.7377,0.2623
2023-12-20,157.06,0.038599999999999995,0.15702275585213143,13.67,0.9385368506935,19.155925958718065,0.7024,0.2976
2023-12-21,157.96,0.038900000000000004,0.1570077150807395,13.65,0.9388088115311396,19.67626522777809,0.7219,0.2781
2023-12-22,157.86,0.039,0.15576514003981723,13.03,0.9472395974979604,19.525395269858947,0.7219,0.2781
2023-12-26,158.8,0.038900000000000004,0.15044597076338018,12.99,0.9477835191732392,19.67193782355538,0.7463,0.2537
2023-12-27,159.75,0.0379,0.1487367810144986,12.43,0.9553984226271416,20.06163858340006,0.7646,0.2354
2023-12-28,160.6,0.0384,0.14726363308395646,12.47,0.954854500951863,20.531471856620076,0.7837,0.2163
2023-12-29,160.41,0.0388,0.1474992155421205,12.45,0.9551264617895024,20.459929829413422,0.7804,0.2196
2024-01-02,162.28,0.0395,0.14854033759887,13.2,0.9449279303780256,21.86264122156232,0.8086,0.1914
2024-01-03,161.57,0.0391,0.14708077660451663,14.04,0.9335055751971716,21.23338173227935,0.8004,0.1996
2024-01-04,162.64,0.039900000000000005,0.14688607821068583,14.13,0.9322817514277943,22.024655241313113,0.817,0.183
2024-01-05,163.46,0.0405,0.146807437991822,13.35,0.9428882240957304,22.651313190267967,0.8282,0.1718
2024-01-08,163.22,0.0401,0.1470804437097337,13.08,0.946559695403862,22.472351094200132,0.8231,0.1769
2024-01-09,161.93,0.04019999999999999,0.14834962299959642,12.76,0.950911068806092,21.656192784581382,0.8048,0.1952
2024-01-10,162.27,0.0404,0.14612768234674706,12.69,0.9518629317378298,21.76124430315367,0.8132,0.1868
2024-01-11,161.59,0.0398,0.14660455996659044,12.44,0.955262442208322,21.268581342919024,0.8022,0.1978
2024-01-12,160.4,0.039599999999999996,0.14769667447160034,12.7,0.95172695131901,20.53014762920357,0.7807,0.2193
2024-01-16,159.4,0.0407,0.14616383351002019,13.84,0.9362251835735654,19.85800013403995,0.7664,0.2336
2024-01-17,158.54,0.040999999999999995,0.1464007961783422,14.79,0.9233070437856948,19.363759277596397,0.7513,0.2487
2024-01-18,158.86,0.0414,0.14122153319718259,14.13,0.9322817514277943,19.202140061464316,0.766,0.234
2024-01-19,161.6,0.0415,0.14006106950636926,13.3,0.9435681261898288,20.99065859049929,0.8155,0.1845
2024-01-22,161.41,0.041100000000000005,0.1402973903842953,13.19,0.9450639107968452,20.833545333591843,0.8112,0.1888
2024-01-23,160.35,0.0414,0.1406029218783434,12.55,0.9537666576013054,20.14519922052915,0.7951,0.2049
2024-01-24,161.78,0.0418,0.14107550600639673,13.14,0.9457438128909436,21.208230964676677,0.8167,0.1833
2024-01-25,164.09,0.0414,0.11669981176683128,13.45,0.9415284199075332,21.605410059811074,0.8972,0.1028
2024-01-26,163.47,0.0415,0.11643498450250807,13.26,0.9441120478651074,21.097082867010272,0.8904,0.1096
2024-01-29,163.9,0.0408,0.11524167572718096,13.6,0.939488713625238,21.31432188325333,0.8972,0.1028
2024-01-30,167.25,0.0406,0.11978429742813665,13.31,0.943432145771009,24.371504558597945,0.9282,0.0718
2024-01-31,165.44,0.039900000000000005,0.1201768152203456,14.35,0.9292901822137613,22.736950277291886,0.9065,0.0935
2024-02-01,164.84,0.0387,0.12003511932064845,13.88,0.9356812618982866,22.07912461677523,0.8972,0.1028
2024-02-02,165.79,0.0403,0.11982359981140969,13.85,0.9360892031547458,23.072173988979866,0.912,0.088
2024-02-05,165.58,0.0417,0.11994699079715575,13.67,0.9385368506935,23.0626919852081,0.9109,0.0891
2024-02-06,166.14,0.0409,0.11990091551674871,13.06,0.9468316562415012,23.440891774003738,0.9165,0.0835
2024-02-07,166.46,0.0409,0.11921560390091789,12.83,0.949959205874354,23.693631478152877,0.9214,0.0786
2024-02-08,165.86,0.0415,0.11763112432524311,12.79,0.9505031275496328,23.186863829632195,0.9187,0.0813
2024-02-09,166.06,0.0417,0.11665967196953814,12.93,0.9485994016861572,23.340280814518138,0.9223,0.0777
2024-02-12,166.8,0.0417,0.11243372584790146,13.93,0.9350013598041882,23.842818064406917,0.9368,0.0632
2024-02-13,165.35,0.0431,0.1142503487921543,15.85,0.9088931193908076,22.798516768863514,0.9211,0.0789
2024-02-14,167.03,0.042699999999999995,0.11387238383850345,14.38,0.928882240957302,24.217709212640436,0.9371,0.0629
2024-02-15,170.67,0.0424,0.1197664413587091,14.01,0.9339135164536306,27.680001212206854,0.9559,0.0441
2024-02-16,169.87,0.043,0.12075682796976886,14.24,0.930785966820778,27.04892134522771,0.9492,0.0508
2024-02-20,170.54,0.042699999999999995,0.12036516022776608,15.42,0.9147402774000544,27.61056177497534,0.9545,0.0455
2024-02-21,171.65,0.0432,0.12059726956607592,15.34,0.915828120750612,28.712023175567808,0.9615,0.0385
2024-02-22,173.71,0.0433,0.12198150126953772,14.54,0.9267065542561872,30.692675545466976,0.9716,0.0284
2024-02-23,174.58,0.0426,0.12153036419218642,13.75,0.9374490073429428,31.413545505702448,0.9748,0.0252
2024-02-26,173.98,0.042800000000000005,0.12227577586851063,13.74,0.9375849877617624,30.88982883099932,0.9722,0.0278
2024-02-27,174.07,0.0431,0.12231465037932011,13.43,0.9418003807451728,31.014401255113633,0.9724,0.0276
2024-02-28,174.95,0.042699999999999995,0.12114116682263099,13.84,0.9362251835735654,31.78586907632338,0.9768,0.0232
2024-02-29,176.54,0.0425,0.12173788604870357,13.4,0.9422083220016316,33.290142846547184,0.9806,0.0194
2024-03-01,175.81,0.04190000000000001,0.12225982887459659,13.11,0.9461517541474028,32.512135937818336,0.9784,0.0216
2024-03-04,177.13,0.042199999999999994,0.12248167041532984,13.49,0.9409844982322546,33.83055145499215,0.9817,0.0183
2024-03-05,178.91,0.041299999999999996,0.12009594568341414,14.46,0.9277943976067446,35.38017722214697,0.9876,0.0124
2024-03-06,179.84,0.041100000000000005,0.12016052327191518,14.5,0.927250475931466,36.258917321236176,0.9888,0.0112
2024-03-07,178.26,0.0409,0.12156933722680505,14.44,0.928066358444384,34.727053551473006,0.9855,0.0145
2024-03-08,178.59,0.0409,0.12158129112571156,14.74,0.9239869458797934,35.041636757368956,0.986,0.014
2024-03-11,178.66,0.040999999999999995,0.12104118125541109,15.22,0.9174598857764482,35.11323669843498,0.9864,0.0136
2024-03-12,180.13,0.0416,0.12154834687582039,13.84,0.9362251835735654,36.62654505288438,0.9885,0.0115
2024-03-13,181.59,0.04190000000000001,0.11783159344674742,13.75,0.9374490073429428,38.04069049710447,0.9925,0.0075
2024-03-14,178.36,0.0429,0.12462617297289275,14.4,0.9286102801196628,35.13759707266753,0.9839,0.0161
2024-03-15,180.57,0.0431,0.1261151878830604,14.41,0.928474299700843,37.32114562275273,0.9876,0.0124
2024-03-18,182.81,0.0434,0.12576162296963442,14.33,0.9295621430514006,39.52801226080757,0.9913,0.0087
2024-03-19,183.88,0.043,0.12265587401214195,13.82,0.9364971444112048,40.495481555442524,0.9931,0.0069
2024-03-20,186.29,0.042699999999999995,0.12436401452583633,13.04,0.9471036170791406,42.836623991292036,0.995,0.005
2024-03-21,188.88,0.042699999999999995,0.12621271403054649,12.92,0.9487353821049768,45.4044708415834,0.9969,0.0031
2024-03-22,186.56,0.042199999999999994,0.1298856125550999,13.06,0.9468316562415012,43.08496469475513,0.9932,0.0068
2024-03-25,184.86,0.0425,0.13193475681358446,13.19,0.9450639107968452,41.47953465886781,0.9912,0.0088
2024-03-26,185.72,0.0424,0.1318801515630177,13.24,0.9443840087027467,42.30772688431416,0.9921,0.0079
2024-03-27,189.32,0.042,0.13612179788315545,12.78,0.9506391079684524,45.82830876764662,0.9936,0.0064
2024-03-28,190.06,0.042,0.1348892884060676,13.01,0.9475115583355996,46.54532482025472,0.9949,0.0051
2024-04-01,188.77,0.0433,0.13551671302536086,13.65,0.9388088115311396,45.464443074144974,0.9936,0.0064
2024-04-02,188.69,0.0436,0.13539988801204825,14.61,0.9257546913244492,45.42661399395706,0.9936,0.0064
2024-04-03,188.16,0.0436,0.13572958262844137,14.33,0.9295621430514006,44.91275526553207,0.9931,0.0069
2024-04-04,186.73,0.0431,0.13704818277856562,16.35,0.9020940984498232,43.44683669290565,0.9915,0.0085
2024-04-05,188.44,0.043899999999999995,0.1360893946194114,16.03,0.9064454718520532,45.232233181314456,0.9931,0.0069
2024-04-08,189.43,0.044199999999999996,0.13619667987645465,15.19,0.9178678270329071,46.250682805986,0.9939,0.0061
2024-04-09,188.16,0.0436,0.13682943777600876,14.98,0.9207234158281208,44.91597453459186,0.9926,0.0074
2024-04-10,186.55,0.0455,0.13722066234228908,15.8,0.9095730214849062,43.60493008797388,0.9915,0.0085
2024-04-11,186.52,0.045599999999999995,0.13611877512955353,14.91,0.9216752787598586,43.580127705325545,0.992,0.008
2024-04-12,174.45,0.045,0.19335559909427008,17.31,0.889039978243133,34.30511542308934,0.8814,0.1186
2024-04-15,174.55,0.0463,0.1933671454395767,19.23,0.8629317378297525,34.51400250210627,0.8825,0.1175
2024-04-16,172.55,0.0467,0.19242090931837472,18.4,0.8742181125917868,32.89222409369744,0.8673,0.1327
2024-04-17,171.87,0.045899999999999996,0.19264801664605075,18.21,0.8768017405493609,32.31571915809724,0.8599,0.1401
2024-04-18,172.98,0.0464,0.19227689027676637,18.0,0.8796573293445744,33.1908303616593,0.8712,0.1288
2024-04-19,177.33,0.0462,0.19780678644894223,18.71,0.8700027196083764,36.98271992721838,0.8961,0.1039
2024-04-22,180.77,0.0462,0.19947884381967235,16.94,0.8940712537394615,39.99863643787816,0.9187,0.0813
2024-04-23,183.38,0.0461,0.20083326924650102,15.69,0.9110688060919228,42.309388492289806,0.9315,0.0685
2024-04-24,184.27,0.04650000000000001,0.20091484189916048,15.97,0.9072613543649716,43.14188443916679,0.9348,0.0652
2024-04-25,184.55,0.047,0.19721973546569285,15.37,0.9154201794941528,43.319903167206725,0.9403,0.0597
2024-04-26,184.66,0.0467,0.1954992023487993,15.03,0.9200435137340224,43.32219488807031,0.9429,0.0571
2024-04-29,184.46,0.0463,0.19526089856076628,14.67,0.9249388088115312,43.08880585376926,0.9416,0.0584
2024-04-30,182.99,0.046900000000000004,0.196142188873234,15.65,0.9116127277672016,41.873298312903366,0.9338,0.0662
2024-05-01,183.11,0.0463,0.19605658175024335,15.39,0.9151482186565134,41.90601382117679,0.9342,0.0658
2024-05-02,182.92,0.0458,0.19610914877686628,14.68,0.9248028283927114,41.68353656989938,0.9333,0.0667
2024-05-03,181.82,0.045,0.19674085158248888,13.49,0.9409844982322546,40.64804505995895,0.9271,0.0729
2024-05-06,183.24,0.0449,0.19685444295881108,13.49,0.9409844982322546,41.8890984874247,0.9335,0.0665
2024-05-07,183.0,0.0447,0.19695104548275066,13.23,0.9445199891215664,41.65546950557511,0.9326,0.0674
2024-05-08,186.73,0.044800000000000006,0.2005750850587977,13.0,0.9476475387544192,45.12739330905289,0.9455,0.0545
2024-05-09,188.49,0.044500000000000005,0.1998996566881435,12.69,0.9518629317378298,46.66567201149158,0.9528,0.0472
2024-05-10,189.7,0.045,0.19941500176808616,12.55,0.9537666576013054,47.81301982162123,0.9577,0.0423
2024-05-13,189.67,0.044800000000000006,0.1952349694041819,13.6,0.939488713625238,47.64935008489786,0.9618,0.0382
2024-05-14,192.32,0.044500000000000005,0.1963137400115867,13.42,0.9419363611639924,50.115697419085365,0.9697,0.0303
2024-05-15,192.89,0.0436,0.19628569801073084,12.45,0.9551264617895024,50.53378153260099,0.9714,0.0286
2024-05-16,193.24,0.0438,0.19607419337426452,12.42,0.9555344030459614,50.8816495996868,0.972,0.028
2024-05-17,195.45,0.044199999999999996,0.19595521746757102,11.99,0.961381561055208,53.03856272794993,0.9767,0.0233
2024-05-20,186.66,0.0444,0.21823117966157665,12.15,0.959205874354093,45.703088493332544,0.9283,0.0717
2024-05-21,190.42,0.0441,0.22141376719312605,11.86,0.963149306499864,49.12175456706192,0.9406,0.0594
2024-05-22,189.26,0.0443,0.22196585831354967,12.29,0.9573021484906172,48.12454048722512,0.9353,0.0647
2024-05-23,187.94,0.0447,0.22250982068763447,12.77,0.9507750883872722,47.028223401493314,0.9297,0.0703
2024-05-24,191.56,0.0446,0.22499495851472243,11.93,0.9621974435681262,50.34051543825464,0.9418,0.0582
2024-05-28,190.4,0.0454,0.2252333314824717,12.92,0.9487353821049768,49.38457291212703,0.937,0.063
2024-05-29,189.07,0.0461,0.22552126694727542,14.28,0.930242045145499,48.31552249747595,0.9324,0.0676
2024-05-30,190.24,0.0455,0.2250116173481209,14.47,0.927658417187925,49.25069681978679,0.9368,0.0632
2024-05-31,193.39,0.0451,0.22708484265973547,12.92,0.9487353821049768,52.117741194230106,0.9465,0.0535
2024-06-03,192.61,0.0441,0.22638988984600902,13.11,0.9461517541474028,51.27070243521921,0.9444,0.0556
2024-06-04,190.08,0.0433,0.22833537647421984,13.16,0.9454718520533044,48.995770789066945,0.9327,0.0673
2024-06-05,188.26,0.0429,0.2293866592630689,12.63,0.952678814250748,47.40862284576551,0.9237,0.0763
2024-06-06,187.93,0.042800000000000005,0.22895072938713587,12.58,0.9533587163448464,47.081936338371754,0.9222,0.0778
2024-06-07,190.83,0.0443,0.23043512477557573,12.22,0.9582540114223552,49.85806620266988,0.9337,0.0663
2024-06-10,190.51,0.0447,0.22718742738976286,12.74,0.9511830296437312,49.48560962728269,0.9355,0.0645
2024-06-11,185.5,0.043899999999999995,0.23281485507257493,12.85,0.9496872450367148,45.30783542290882,0.9055,0.0945
2024-06-12,182.79,0.0431,0.23352424800048238,12.04,0.9607016589611096,43.013123842032044,0.8889,0.1111
2024-06-13,184.83,0.0424,0.23433397128075462,11.94,0.9620614631493064,44.62932156944369,0.8988,0.1012
2024-06-14,184.94,0.042,0.2327872800494247,12.66,0.9522708729942888,44.620311312424434,0.9006,0.0994
2024-06-17,186.09,0.042800000000000005,0.2313533489251744,12.75,0.9510470492249116,45.61935616972674,0.9099,0.0901
2024-06-18,188.01,0.042199999999999994,0.23092347828504828,12.3,0.9571661680717976,47.17632880228751,0.9211,0.0789
2024-06-20,189.61,0.0425,0.23070077903036476,13.28,0.943840087027468,48.589457616451426,0.9284,0.0716
2024-06-21,187.35,0.0425,0.2319320941384581,13.2,0.9449279303780256,46.68164107834851,0.9165,0.0835
2024-06-24,189.81,0.0425,0.2300755088821172,13.33,0.9431601849333696,48.728616006735855,0.9296,0.0704
2024-06-25,189.04,0.042300000000000004,0.23009855590324924,12.84,0.9498232254555344,48.04804583121387,0.9267,0.0733
2024-06-26,188.43,0.0432,0.22976440200827003,12.55,0.9537666576013054,47.60851379950892,0.9245,0.0755
2024-06-27,190.09,0.0429,0.23045699412102502,12.24,0.9579820505847156,49.04362786017363,0.9312,0.0688
2024-06-28,193.03,0.0436,0.23246278636054668,12.44,0.955262442208322,51.81740678771188,0.9403,0.0597
2024-07-01,196.08,0.044800000000000006,0.23390811335183845,12.22,0.9582540114223552,54.76950290147,0.9499,0.0501
2024-07-02,199.31,0.0443,0.23548315739247258,12.03,0.9608376393799292,57.69737873436215,0.9578,0.0422
2024-07-03,199.17,0.0436,0.23534483693977032,12.09,0.9600217568670112,57.47979290729819,0.9576,0.0424
2024-07-05,196.53,0.042800000000000005,0.23663372442896327,12.48,0.9547185205330432,55.024207038559204,0.9485,0.0515
2024-07-08,196.9,0.042800000000000005,0.23582952517376826,12.37,0.9562143051400598,55.33743832128912,0.9502,0.0498
2024-07-09,199.26,0.043,0.23688323013257553,12.51,0.954310579276584,57.55317401598528,0.9569,0.0431
2024-07-10,199.42,0.042800000000000005,0.19299203788942995,12.85,0.9496872450367148,56.581844256108745,0.9841,0.0159
2024-07-11,199.09,0.042,0.19313140335318907,12.92,0.9487353821049768,56.15927973015408,0.9838,0.0162
2024-07-12,196.68,0.0418,0.1933322661235435,12.46,0.9549904813706828,53.824277934470636,0.9797,0.0203
2024-07-15,201.58,0.042300000000000004,0.19835940290949647,13.12,0.9460157737285833,58.696976114279565,0.9847,0.0153
2024-07-16,205.01,0.0417,0.2003748139493071,13.19,0.9450639107968452,61.95472365897363,0.9878,0.0122
2024-07-17,208.13,0.0416,0.19666822858743102,14.48,0.9275224367691052,64.89756447258642,0.9916,0.0084
2024-07-18,201.51,0.042,0.20593161426609222,15.93,0.9078052760402502,58.73846568727116,0.9807,0.0193
2024-07-19,201.32,0.0425,0.2043365193086376,16.52,0.8997824313298886,58.59250079083338,0.9814,0.0186
2024-07-22,201.8,0.0426,0.2042332462371121,14.91,0.9216752787598586,59.06076109487739,0.9823,0.0177
2024-07-23,201.85,0.0425,0.20425195428164097,14.72,0.9242589067174328,59.09546733339064,0.9823,0.0177
2024-07-24,200.18,0.042800000000000005,0.2052402307093175,18.04,0.8791134076692956,57.5499901162834,0.9795,0.0205
2024-07-25,200.26,0.042699999999999995,0.20518521501830178,18.46,0.8734022300788686,57.6114794518064,0.9797,0.0203
2024-07-26,203.68,0.042,0.20668766335490493,16.39,0.9015501767745444,60.8289836276577,0.9838,0.0162
2024-07-29,202.35,0.0417,0.20739149440376464,16.6,0.898694587979331,59.53489384399464,0.9814,0.0186
2024-07-30,206.51,0.0415,0.2108449870274725,17.69,0.8838727223279848,63.574304801689145,0.9855,0.0145
2024-07-31,204.22,0.0409,0.2119340875495159,16.36,0.9019581180310036,61.31557784701437,0.9817,0.0183
2024-08-01,199.57,0.039900000000000005,0.2175608400580975,18.59,0.8716344846342127,56.87425279727408,0.9716,0.0284
2024-08-02,191.11,0.038,0.23539941987051075,23.39,0.8063638836007615,49.58282056918906,0.9286,0.0714
2024-08-05,187.04,0.0378,0.23611056849945936,38.57,0.5999456078324721,46.09901706581002,0.9078,0.0922
2024-08-06,192.26,0.039,0.24217658388594154,27.71,0.7476203426706554,50.99968630329834,0.9276,0.0724
2024-08-07,192.32,0.039599999999999996,0.2418563340417525,27.85,0.7457166168071797,51.102888987731795,0.9282,0.0718
2024-08-08,195.83,0.039900000000000005,0.24461993657726144,23.79,0.8009246668479739,54.34310275917765,0.9389,0.0611
2024-08-09,197.5,0.0394,0.2436060445154484,20.37,0.8474299700843079,55.743897433669304,0.9449,0.0551
2024-08-12,197.88,0.039,0.24357153497512163,20.71,0.8428066358444384,56.03697274142355,0.9459,0.0541
2024-08-13,199.56,0.0385,0.2441040631538912,18.12,0.8780255643187381,57.518804986579624,0.9503,0.0497
2024-08-14,201.76,0.0383,0.24402772364061717,16.19,0.9042697851509384,59.49349609533509,0.9572,0.0428
2024-08-15,203.02,0.0392,0.22496119808974702,15.23,0.9173239053576284,60.22727466961269,0.9735,0.0265
2024-08-16,205.34,0.038900000000000004,0.22257249895583725,14.8,0.9231710633668752,62.33266375755749,0.9786,0.0214
2024-08-19,206.76,0.038599999999999995,0.22230980901293204,14.65,0.9252107696491704,63.653592515660705,0.9805,0.0195
2024-08-20,205.87,0.0382,0.22193841877813508,15.88,0.9084851781343486,62.7350692482058,0.9794,0.0206
2024-08-21,205.95,0.0379,0.21887879748015354,16.27,0.9031819418003808,62.714560999034255,0.9806,0.0194
2024-08-22,207.9,0.038599999999999995,0.21896212042545385,17.55,0.8857764481914604,64.66440513193413,0.9833,0.0167
2024-08-23,209.51,0.0381,0.21858714002844987,15.86,0.908757138971988,66.15246824004633,0.9855,0.0145
2024-08-26,210.33,0.0382,0.2184420475031879,16.15,0.904813706826217,66.94917759912393,0.9862,0.0138
2024-08-27,211.3,0.0383,0.21634933199739306,15.43,0.9146042969812348,67.8535260868071,0.9878,0.0122
2024-08-28,212.37,0.0384,0.21614635606957106,17.11,0.8917595866195268,68.90452632485346,0.9883,0.0117
2024-08-29,213.25,0.0387,0.21396355344095505,15.65,0.9116127277672016,69.7497004897156,0.9901,0.0099
2024-08-30,215.74,0.0391,0.21348148864824806,15.0,0.9204514549904814,72.22232957378881,0.992,0.008
2024-09-03,211.42,0.0384,0.218217450562909,20.72,0.8426706554256187,68.02133572680395,0.9874,0.0126
2024-09-04,210.49,0.0377,0.21680664302807443,21.32,0.8345118302964373,67.00769249092822,0.9872,0.0128
2024-09-05,208.85,0.0373,0.21757753279479516,19.9,0.8538210497688333,65.38324691718933,0.9851,0.0149
2024-09-06,203.89,0.037200000000000004,0.21623899510854164,22.38,0.8200979059015502,60.58820011850726,0.9792,0.0208
2024-09-09,208.07,0.037000000000000005,0.21692101477856207,19.45,0.8599401686157193,64.57693056756307,0.9841,0.0159
2024-09-10,197.27,0.0365,0.2428190965768676,19.08,0.8649714441120478,55.16361034557853,0.944,0.056
2024-09-11,198.87,0.0365,0.24322695144302808,17.69,0.8838727223279848,56.61707627417589,0.9486,0.0514
2024-09-12,198.27,0.0368,0.2431702235008453,17.07,0.8923035082948055,56.10650760787709,0.9466,0.0534
2024-09-13,196.08,0.0366,0.24367994586550232,16.56,0.8992385096546097,54.13493578184525,0.9394,0.0606
2024-09-16,199.48,0.0363,0.245535268277051,17.14,0.8913516453630677,57.22938112482041,0.9486,0.0514
2024-09-17,200.81,0.0365,0.2443211691191304,17.61,0.8849605656785423,58.40951851625072,0.9537,0.0463
2024-09-18,199.16,0.037000000000000005,0.2438130967470651,18.23,0.8765297797117215,56.95986298227445,0.9492,0.0508
2024-09-19,201.99,0.0373,0.24509142237632925,16.33,0.9023660592874626,59.621094961206346,0.9567,0.0433
2024-09-20,202.58,0.0373,0.24493842680765263,16.15,0.904813706826217,60.13760843766562,0.9577,0.0423
2024-09-23,202.91,0.0375,0.24444291799214438,15.89,0.9083491977155288,60.44731743867725,0.9594,0.0406
2024-09-24,203.06,0.0374,0.24262991918289475,15.39,0.9151482186565134,60.527517873264756,0.9614,0.0386
2024-09-25,201.71,0.0379,0.24112254435456823,15.41,0.914876257818874,59.28551619700227,0.9589,0.0411
2024-09-26,201.32,0.0379,0.23888314133847702,15.37,0.9154201794941528,58.853426689873494,0.9594,0.0406
2024-09-27,202.01,0.0375,0.23896053040519516,16.96,0.8937992929018221,59.454318861195944,0.9614,0.0386
2024-09-30,202.36,0.0381,0.23728442869988134,16.73,0.896926842534675,59.81246540683541,0.9633,0.0367
2024-10-01,198.69,0.0374,0.24034855432213348,19.26,0.8625237965732935,56.459899312875955,0.9503,0.0497
2024-10-02,198.93,0.0379,0.2391154049381425,18.9,0.8674190916508023,56.68523759713434,0.9525,0.0475
2024-10-03,196.95,0.0385,0.23999197460263189,20.49,0.8457982050584716,55.00109440597529,0.9456,0.0544
2024-10-04,203.95,0.0398,0.2508213854943087,19.21,0.8632036986673919,61.903345209889416,0.9577,0.0423
2024-10-07,203.67,0.0403,0.24947372533823373,22.64,0.8165624150122383,61.67094149738608,0.9584,0.0416
2024-10-08,203.49,0.0404,0.2443303850288657,21.42,0.8331520261082404,61.36207539290588,0.9618,0.0382
2024-10-09,206.07,0.0406,0.2432203492635885,20.86,0.840766929562143,63.765639665082176,0.9695,0.0305
2024-10-10,205.51,0.0409,0.24126033804386965,20.93,0.8398150666304052,63.22085256994328,0.9696,0.0304
2024-10-11,214.63,0.0408,0.2488905743123842,20.46,0.8462061463149306,72.04609396954227,0.9795,0.0205
2024-10-14,213.85,0.0408,0.24904937091659715,19.7,0.8565406581452271,71.30390383495663,0.9787,0.0213
2024-10-15,214.73,0.0403,0.249111898125777,20.64,0.8437584987761761,72.08241408504308,0.9794,0.0206
2024-10-16,215.94,0.04019999999999999,0.24927249162859208,19.58,0.8581724231710633,73.24215000225283,0.9806,0.0194
2024-10-17,216.69,0.0409,0.2485175557932136,19.11,0.8645635028555888,74.04034976059279,0.9817,0.0183
2024-10-18,217.61,0.0408,0.24857358785657233,18.03,0.8792493880881153,74.9011458290972,0.9829,0.0171
2024-10-21,215.32,0.04190000000000001,0.24762311852246793,18.37,0.8746260538482458,72.83671863542752,0.9806,0.0194
2024-10-22,216.4,0.042,0.24724441402060776,18.2,0.8769377209681806,73.87544514568046,0.9822,0.0178
2024-10-23,215.72,0.0424,0.24408542389631782,19.24,0.8627957574109328,73.20580951345067,0.9829,0.0171
2024-10-24,217.23,0.0421,0.24312135634614385,19.08,0.8649714441120478,74.5992832517803,0.9848,0.0152
2024-10-25,214.65,0.0425,0.2395433308128912,20.33,0.8479738917595866,72.09076086015695,0.9836,0.0164
2024-10-28,217.73,0.042800000000000005,0.2229630050100695,19.8,0.8551808539570301,74.81143231179777,0.9912,0.0088
2024-10-29,215.22,0.042800000000000005,0.21942303960404697,19.34,0.8614359532227359,72.3099666679201,0.9905,0.0095
2024-10-30,216.68,0.0429,0.2131292299255375,20.35,0.8477019309219472,73.66324174808027,0.9925,0.0075
2024-10-31,214.28,0.042800000000000005,0.21480488486183397,23.16,0.8094914332336143,71.32526780216592,0.991,0.009
2024-11-01,215.26,0.0437,0.21216913927540135,21.88,0.8268969268425347,72.37343758844284,0.9921,0.0079
2024-11-04,212.21,0.0431,0.21412366555959464,21.98,0.8255371226543378,69.34682212516333,0.9898,0.0102
2024-11-05,213.86,0.0426,0.21453332285086554,20.49,0.8457982050584716,70.88163252462293,0.9908,0.0092
2024-11-06,238.55,0.044199999999999996,0.31712039060932073,16.27,0.9031819418003808,96.9951843043914,0.9793,0.0207
2024-11-07,228.24,0.0431,0.3305797036188057,15.2,0.9177318466140876,87.44699488057682,0.9594,0.0406
2024-11-08,228.82,0.043,0.33047631429063445,14.94,0.9212673375033996,87.96714845075621,0.9607,0.0393
2024-11-11,231.05,0.043,0.3302937145547394,14.97,0.9208593962469404,90.07928149388425,0.9642,0.0358
2024-11-12,231.31,0.0443,0.3301518354439546,14.71,0.9243948871362524,90.48095237946524,0.9647,0.0353
2024-11-13,232.85,0.0444,0.33001107543715547,14.02,0.933777536034811,91.93111306135602,0.9682,0.0318
2024-11-14,233.54,0.0443,0.32999088760407147,14.31,0.92983410388904,92.56641605295627,0.9692,0.0308
2024-11-15,236.86,0.0443,0.33057411566389133,16.14,0.9049496872450368,95.71922131229768,0.9726,0.0274
2024-11-18,236.59,0.044199999999999996,0.3304600209554642,15.58,0.9125645906989394,95.45287741745177,0.9725,0.0275
2024-11-19,234.72,0.043899999999999995,0.33109038308510164,16.35,0.9020940984498232,93.68151077228713,0.9704,0.0296
2024-11-20,232.49,0.0441,0.33188394887316,17.16,0.8910796845254283,91.60855109869931,0.9656,0.0344
2024-11-21,236.33,0.0443,0.333192121049604,16.87,0.8950231166711993,95.29843188896767,0.9715,0.0285
2024-11-22,239.99,0.0441,0.33431390609788986,15.24,0.9171879249388089,98.78361688287836,0.9744,0.0256
2024-11-25,241.67,0.042699999999999995,0.3338837648467442,14.6,0.925890671743269,100.21705970674283,0.9763,0.0237
2024-11-26,241.36,0.043,0.3307732501844957,14.1,0.9326896926842536,99.88641537110782,0.9772,0.0228
2024-11-27,241.19,0.0425,0.3305346913450643,14.1,0.9326896926842536,99.64881693069478,0.9771,0.0229
2024-11-29,241.12,0.0418,0.32989614937481593,13.51,0.9407125373946152,99.47367930371907,0.9771,0.0229
2024-12-02,237.77,0.04190000000000001,0.32714038995534644,13.34,0.94302420451455,96.19179509028095,0.9745,0.0255
2024-12-03,236.39,0.042300000000000004,0.32548748597437316,13.3,0.9435681261898288,94.89592406721285,0.974,0.026
2024-12-04,235.02,0.04190000000000001,0.3057932218657339,13.45,0.9415284199075332,93.03140779239763,0.9796,0.0204
2024-12-05,237.03,0.0417,0.3058254936076547,13.54,0.940304596138156,94.9484026805402,0.9809,0.0191
2024-12-06,238.84,0.0415,0.30569394703893477,12.77,0.9507750883872722,96.65554068842827,0.9829,0.0171
2024-12-09,235.41,0.042,0.306432308169317,14.19,0.9314658689148764,93.43168771953974,0.9799,0.0201
2024-12-10,234.5,0.042199999999999994,0.30534064954726037,14.18,0.931601849333696,92.56537140913599,0.9793,0.0207
2024-12-11,235.14,0.0426,0.30523830830044735,13.58,0.9397606744628774,93.22261567167257,0.9801,0.0199
2024-12-12,233.21,0.0432,0.30523694416238406,13.92,0.935137340223008,91.45139965454182,0.9784,0.0216
2024-12-13,231.68,0.044000000000000004,0.30489103295883235,13.81,0.9366331248300244,90.1077240134242,0.9772,0.0228
2024-12-16,231.33,0.043899999999999995,0.30499778995028753,14.69,0.9246668479738918,89.76309015390503,0.9768,0.0232
2024-12-17,230.15,0.044000000000000004,0.30538093948953815,15.87,0.9086211585531684,88.62813978710925,0.9752,0.0248
2024-12-18,222.44,0.045,0.31405526374119963,27.62,0.7488441664400326,81.74526124646825,0.959,0.041
2024-12-19,224.94,0.045700000000000005,0.3141625320297211,24.09,0.7968452542833832,84.18656259180037,0.9634,0.0366
2024-12-20,229.42,0.0452,0.3161778554492537,18.36,0.8747620342670656,88.39892672910837,0.9706,0.0294
2024-12-23,230.18,0.045899999999999996,0.3161763009582839,16.78,0.8962469404405765,89.19575876082962,0.9715,0.0285
2024-12-24,233.96,0.045899999999999996,0.3174811467838284,14.27,0.9303780255643188,92.81674289462046,0.9748,0.0252
2024-12-26,234.77,0.0458,0.3145246949634058,14.73,0.924122926298613,93.53310469187406,0.9771,0.0229
2024-12-27,232.86,0.0462,0.31533018912138705,15.95,0.9075333152026108,91.75722580053957,0.9744,0.0256
2024-12-30,231.08,0.0455,0.31496613371171567,17.4,0.8878161544737558,89.96113569412017,0.9725,0.0275
2024-12-31,231.45,0.0458,0.3075131562179801,17.35,0.8884960565678542,90.17731688533414,0.9762,0.0238
